stud,sex,birth,sire,dam,taxon,name,death,events
6401,F,~ 1964,WILD,WILD,fulgens,,1978-01-31,SCASIA         ~ 1964   NONE      Capture                        fulgens | ZEEHANDLR    ????     ______      Transfer | COLO SPRG 16 Jul 1969 100259      Transfer | 31 Jan 1978             Death | [Death by: Infection associated   Bury   Urinary    Unknown after necropsy]
6801,M,~ 1964,WILD,WILD,fulgens,,1979-08-18,SCASIA         ~ 1964   NONE      Capture             FM/00/68/01 fulgens | ZEEHANDLR    ????     ______      Transfer | COLO SPRG 19 Sep 1968 100258      Transfer | 18 Aug 1979             Death | [Death by: Infection associated   Bury   Generalized    Unknown after necropsy]
6806,F,~ 1964,WILD,WILD,fulgens,,1977-12-04,SCASIA         ~ 1964   NONE      Capture             FF/00/68/06 fulgens | ZEEHANDLR    ????     ______      Transfer | COLO SPRG 22 May 1968 100257      Transfer | 4 Dec 1977             Death | [Death by: Infection associated   Bury   Respiratory    Unknown after necropsy]
6802,M,~ 1965,WILD,WILD,fulgens,,1982-12-06,COLO SPRG   30 Jul 1969 69M001    Transfer   MUGGER              fulgens | DENVER      30 Dec 1975 01237     Transfer | 6 Dec 1982           Death | [Death by: Unknown means]
6602,F,~ 1966,WILD,WILD,fulgens,,1980-08-14,COLWYNBAY      ????     ______    Transfer   BESS                fulgens | LONDON RP    3 Mar 1969   1515    Transfer | WHIPSNADE   19 May 1969 ______    Transfer | LONDON RP    8 Jan 1976   1515    Transfer | WHIPSNADE   15 Jan 1976 ______    Transfer | LONDON RP   12 Jan 1977   1515    Transfer | WHIPSNADE   11 May 1977 ______    Transfer | 14 Aug 1980           Death | [Death by: Unknown means]
6702,M,~ 1966,WILD,WILD,fulgens,,1981-02-26,KATHMANDU        ~ 1966   NONE    Capture    Original G          fulgens | V.D.BRINK       ????      ______     Transfer | SAN FRAN      2 Feb 1967    1674     Transfer | 26 Feb 1981             Death | [Death by: Euthanasia (medical)         Unknown     Generalized    Mechanical abnormality]
6905,M,~ 1966,WILD,WILD,fulgens,,1977-10-24,ZEEHANDLR        ????     ______     Transfer                        fulgens | BUFFALO       17 Jul 1969    264     Transfer | 24 Oct 1977            Death | [Death by: Other/Unknown         Given to an institution:    Necropsy planned later]
6701,M,~ 1967,WILD,WILD,fulgens,,1980-02-05,BREMEN           ????     ______     Transfer   PORGY                fulgens | LONDON RP      2 Oct 1967   1514     Transfer | WHIPSNADE     19 May 1969 ______     Transfer | LONDON RP     12 Jan 1977   1514     Transfer | WHIPSNADE     11 May 1977 ______     Transfer | 5 Feb 1980            Death | [Death by: Unknown means]
6803,M,~ 1967,WILD,WILD,fulgens,,1980-10-12,KREFELD       30 Jan 1968 ______     Transfer   TOM                  fulgens | 12 Oct 1980            Death | [Death by: Unknown means]
6804,F,~ 1967,WILD,WILD,fulgens,,1979-03-05,KREFELD       31 Jan 1968 ______     Transfer   TESSY                fulgens | 5 Mar 1979            Death | [Death by: Unknown means]
6805,M,~ 1967,WILD,WILD,fulgens,,1978-09-05,ASIA               ~ 1967   NONE     Capture             FM/00/68/05 fulgens | V.D.BRINK        ????     ______     Transfer | LOSANGELE     21 Nov 1968 04993      Transfer | BUFFALO       28 Oct 1977    677     Transfer | 5 Sep 1978            Death | [Death by: Other/Unknown         Given to an institution:    Unknown (after necropsy)] | 6901     M       ????            UNK     UNK     LODZ          25 Aug 1969   1639     Transfer   DAN                  fulgens | 14 Feb 1981            Death | [Death by: Unknown means]
6902,F,~ 1968,WILD,WILD,fulgens,,1979-03-08,RUSHDEN    ????      ______     Transfer Shiwa                       fulgens | LONDON RP | 28 Feb 1969    1512     Transfer | 8 Mar 1979             Death | [Death by: Euthanasia (medical)   Unknown    Unknown (after necropsy)]
6903,F,~ 1968,WILD,WILD,fulgens,,1980-06-09,RUSHDEN          ????     ______     Transfer    SUKA                fulgens | LONDON RP     28 Feb 1969   1513     Transfer | 9 Jun 1980            Death | [Death by: Unknown means]
6904,M,~ 1968,WILD,WILD,fulgens,,1978-01-19,ZEEHANDLR        ????     ______     Transfer                        fulgens | NY BRONX      28 Jan 1969 00308      Transfer | 19 Jan 1978            Death | [Death by: Euthanasia (medical)           Incinerate      Necropsy planned later   Unknown after necropsy]
7212,M,~ 1968,WILD,WILD,fulgens,,1983-01-11,WILD             ????        NONE     Capture                        fulgens | STUTTGART     26 Jan 1972 ______      Transfer | ROTTERDAM     21 Dec 1978 102301      Transfer | 11 Jan 1983             Death | [Death by: Other/Unknown           Incinerate    No necropsy planned] | T225     F         ~ 1968        UNK       UNK     ZEEHANDLR     ????     ______      Transfer                          fulgens | NY BRONX   28 Jan 1969 00309       Transfer | 5 Jun 1977             Death | [Death by: Other/Unknown        Incinerate      Necropsy planned later    Unknown after necropsy] | T227     F         ~ 1968       WILD      WILD     ASIA       ~ 1968   NONE      Capture                                fulgens | V.D.BRINK????     ______      Transfer | LOSANGELE | 23 Apr 1969 05154       Transfer | 9 Jul 1977             Death | [Death by: Euthanasia (medical)   Incinerate    Necropsy planned later]
7106,F,~ 1969,WILD,WILD,fulgens,,1980-06-01,DELHI            ????     ______     Transfer MARA       FF/00/71/06 fulgens | NZP-WASH       6 May 1971 100126     Transfer | SEATTLE       31 Oct 1978 20925      Transfer | 1 Jun 1980            Death | [Death by: Other/Unknown           Given to an institution:    Unknown (after necropsy)]
7112,F,~ 1970,WILD,WILD,fulgens,,1985-09-25,KATHMANDU       ~ 1970   NONE     Capture                    FF/00/71/12 fulgens | SAN FRAN    8 Mar 1971   1717     Transfer | V.D.BRINK     ????     ______     Transfer | SAN FRAN   25 Sep 1985            Death | [Death by: Old age    Incinerate   No necropsy planned]
7101,M,~ 1970,WILD,WILD,fulgens,,1987-02-04,BERLINZOO     25 Feb 1971 ______     Transfer    PANDI               fulgens | 4 Feb 1987            Death | [Death by: Unknown means]
7102,M,~ 1970,WILD,WILD,fulgens,,1978-01-28,AMSTERDAM      7 Dec 1971 ______     Transfer                         fulgens | 28 Jan 1978            Death | [Death by: Unknown means]
7103,F,~ 1970,WILD,WILD,fulgens,,1984-01-07,AMSTERDAM      7 Dec 1971 ______     Transfer                         fulgens | 7 Jan 1984            Death | [Death by: Unknown means]
7104,F,~ 1970,WILD,WILD,fulgens,,1984-08-24,BERLINZOO      1 Dec 1971 ______     Transfer                         fulgens | 24 Aug 1984            Death | [Death by: Unknown means]
7105,F,~ 1970,WILD,WILD,fulgens,,1979-05-24,BERLINZOO      1 Dec 1971 ______     Transfer                         fulgens | 24 May 1979            Death | [Death by: Unknown means]
7107,F,~ 1970,WILD,WILD,fulgens,,1980-11-05,TOKYOTAMA     11 Mar 1971 ______     Transfer   CHUKO                 fulgens | 5 Nov 1980            Death | [Death by: Unknown means]
7108,M,~ 1970,WILD,WILD,fulgens,,1979-03-11,TOKYOTAMA     11 Mar 1971 ______     Transfer   PANPEE                fulgens | 11 Mar 1979            Death | [Death by: Unknown means]
7109,F,~ 1970,WILD,WILD,fulgens,,1979-05-01,ASIA             ????       NONE     Capture                          fulgens | FERNDALE         ????     ______     Transfer | DALLAS         8 Mar 1971 001167     Transfer | 1 May 1979            Death | [Death by: Other/Unknown       Unknown   Cardiovascular   Unknown after necropsy]
7110,M,~ 1970,WILD,WILD,fulgens,,1979-01-31,ASIA         ????       NONE     Capture   SIKKIM                     fulgens | BROWNSVIL 30 Mar 1971   9408     Transfer | DALLAS    10 Jul 1974 001321     Transfer | 31 Jan 1979            Death | [Death by: Environ/Behav conditions   Unknown   No necropsy planned]
7111,F,~ 1970,WILD,WILD,fulgens,,1984-01-18,NEPAL              ~ 1970   NONE     Capture    Split Ear FF/00/71/11 fulgens | FERNDALE         ????     ______     Transfer | SAN FRAN       8 Mar 1971   1718     Transfer | CINCINNAT      4 Jan 1983 M9076      Transfer | SAN FRAN      28 Sep 1983   1718     Transfer | 18 Jan 1984            Death | [Death by: Euthanasia (medical)         Incinerate      Generalized   Unknown after necropsy]
7113,M,~ 1970,WILD,WILD,fulgens,,1978-06-30,TOKYOTAMA     14 Oct 1971 ______     Transfer                   fulgens | 30 Jun 1978            Death | [Death by: Unknown means]
7114,F,~ 1970,WILD,WILD,fulgens,,1980-12-22,TOKYOTAMA     14 Oct 1971 ______     Transfer                   fulgens | 22 Dec 1980            Death | [Death by: Unknown means]
7211,M,~ 1970,WILD,WILD,fulgens,,1978-01-08,NEPAL            ????       NONE     Capture                    fulgens | ZURICH         6 Jan 1972 720011     Transfer | 8 Jan 1978            Death | [Death by: Other/Unknown         Unknown   Respiratory   Unknown after necropsy]
7223,F,~ 1970,WILD,WILD,fulgens,,1978-09-16,FERNDALE      ????     ______     Transfer KERRI                fulgens | LOUISVILL   9 Mar 1973 100049     Transfer | COLUMBUS    9 Jun 1977 772010     Transfer | 16 Sep 1978            Death | [Death by: Infection associated         Given to an institution:    Endocrine   Unknown after necropsy]
7306,F,~ 1970,WILD,WILD,fulgens,,1979-03-28,FORSS         ????     ______     Transfer PANDORA              fulgens | KANSASCTY   9 Mar 1971    128     Transfer | BUFFALO    13 Sep 1977    667     Transfer | 28 Mar 1979            Death | [Death by: Infection associated         Mounted or Preserved:    Necropsy planned later] | T254     F         ~ 1970       WILD    WILD     FERNDALE         ????     ______     Transfer   KAALA           fulgens | LOUISVILL      9 Mar 1973 100048     Transfer | 10 Sep 1979            Death | [Death by: Unknown means]
7202,F,~ 1971,WILD,WILD,fulgens,,1985-02-03,NEPAL            ????       NONE     Capture                    fulgens | ZURICH         6 Jan 1972 720012     Transfer | 3 Feb 1985            Death | [Death by: Unknown means]
7203,F,~ 1971,WILD,WILD,fulgens,,1982-01-30,ZURICH         6 Jan 1972   1-16     Transfer                   fulgens | 30 Jan 1982            Death | [Death by: Unknown means]
7204,F,~ 1971,WILD,WILD,fulgens,,1980-11-26,NEPAL            ????       NONE     Capture                              fulgens | ZURICH         6 Jan 1972 720014     Transfer | 26 Nov 1980            Death | [Death by: Other/Unknown         Given to an institution:    Generalized        Viral]
7205,M,~ 1971,WILD,WILD,fulgens,,1983-07-11,WUPPERTAL     11 Mar 1972 ______      Transfer                            fulgens | 11 Jul 1983             Death | [Death by: Unknown means]
7206,F,~ 1971,WILD,WILD,fulgens,,1983-02-10,BURFORD     1 Apr 1972    1062      Transfer B                            fulgens | BERLINZOO   7 Oct 1981 810046       Transfer | 10 Feb 1983              Death | [Death by: Self-inflicted injuries         Given to an institution:      Musculoskeletal      Trauma]
7207,F,~ 1971,WILD,WILD,fulgens,,1980-12-23,BURFORD        1 Apr 1972 ______      Transfer   KALINKA                  fulgens | 23 Dec 1980             Death | [Death by: Unknown means]
7208,M,~ 1971,WILD,WILD,fulgens,,1983-01-04,FORSS      ????     ______      Transfer HERMANNI                         fulgens | HELSINKI30 Oct 1972 720009      Transfer | 4 Jan 1983             Death | [Death by: Euthanasia (medical)   Rendered   Urinary    Bacterial]
7301,M,~ 1971,WILD,WILD,fulgens,,1980-11-21,HYDERABAD       ~ 1971   NONE         Capture                             fulgens | HOUSTON    26 Dec 1973    551         Transfer | 21 Nov 1980                Death | [Death by: Old age      Given to an institution:        Digestive   Bacterial]
7302,M,~ 1971,WILD,WILD,fulgens,,1988-01-01,ESKILSTUN      1 Dec 1973 ______      Transfer                            fulgens | 1 Jan 1988             Death | [Death by: Unknown means]
7303,F,~ 1971,WILD,WILD,fulgens,,1983-07-12,ESKILSTUN      1 Dec 1973 ______      Transfer                            fulgens | 12 Jul 1983             Death | [Death by: Unknown means]
7304,F,~ 1971,WILD,WILD,fulgens,,1984-03-17,WUPPERTAL      6 Jan 1973 ______      Transfer                            fulgens | 17 Mar 1984             Death | [Death by: Unknown means]
7305,M,~ 1971,WILD,WILD,fulgens,,1987-11-19,ASIA             ????       NONE      Capture                 FM/00/73/05 fulgens | MUNICH         8 Jan 1973 ______      Transfer | COPENHAGE25 Sep 1984 100817     Transfer | 19 Nov 1987            Death | [Death by: Euthanasia (medical)   Rendered   No necropsy planned]
7308,F,~ 1971,WILD,WILD,fulgens,,1983-07-09,PRAHA          16 Jan 1973 ______     Transfer                        fulgens | 9 Jul 1983            Death | [Death by: Unknown means]
7315,M,~ 1971,WILD,WILD,fulgens,,1984-06-01,WULFF W     ????     ______      Transfer SIKKIM                      fulgens | HELSINKI 24 Dec 1973 730011      Transfer | 1 Jun 1984             Death | [Death by: Infection associated   Incinerate    Cardiovascular  Bacterial]
7324,M,~ 1971,WILD,WILD,fulgens,,1980-03-12,FUKUOKA        7 May 1973 ______     Transfer                        fulgens | 12 Mar 1980            Death | [Death by: Unknown means]
7325,F,~ 1971,WILD,WILD,fulgens,,1980-03-12,FUKUOKA        7 May 1973 ______     Transfer                        fulgens | 12 Mar 1980            Death | [Death by: Unknown means]
7326,F,~ 1971,WILD,WILD,fulgens,,1979-10-10,LOUISVILL      9 Mar 1973 ______     Transfer                        fulgens | BUFFALO       17 Jul 1979    849     Transfer | 10 Oct 1979            Death | [Death by: Other/Unknown         Given to an institution:    Necropsy planned later]
7327,F,~ 1971,WILD,WILD,fulgens,,1980-01-18,TOKYOTAMA     27 Jan 1973 ______     Transfer                        fulgens | 18 Jan 1980            Death | [Death by: Unknown means] | 7406     F       ????           WILD    WILD     ASIA             ????       NONE     Capture                         fulgens | MUNICH           ????     ______     Transfer | COPENHAGE     25 Sep 1984 100816     Transfer | 19 Jan 1985            Death | [Death by: Other/Unknown         Rendered   Generalized   Unknown after necropsy]
7209,M,23 Jun 1972,6601,7106,fulgens,,1983-10-23,NZP-WASH   23 Jun 1972 100350     Birth                  FM/NZ/72/09 fulgens | 23 Oct 1983            Death | [Death by: Infection associated         Given to an institution:    Necropsy planned later]
7307,F,~ 1972,WILD,WILD,fulgens,,1983-10-28,HOHENSTAD        ????     ______     Transfer   HASZI                fulgens | LODZ          30 Aug 1973   1948     Transfer | 28 Oct 1983            Death | [Death by: Unknown means]
7309,F,~ 1972,WILD,WILD,fulgens,,1982-11-24,WILD                ~ 1972   NONE     Capture              fulgens | WOKING           ????        NONE     Transfer | ROTTERDAM      2 Mar 1973 100497      Transfer | 24 Nov 1982             Death | [Death by: Other/Unknown       Unknown    Necropsy planned later]
7310,M,~ 1972,WILD,WILD,fulgens,,1982-10-17,WILD                ~ 1972   NONE     Capture              fulgens | WOKING           ????        NONE     Transfer | ROTTERDAM     20 Mar 1973 100498      Transfer | 17 Oct 1982             Death | [Death by: Other/Unknown       Unknown    Necropsy planned later]
7311,F,~ 1972,WILD,WILD,fulgens,,1985-11-14,WILD                ~ 1972   NONE     Capture              fulgens | GOLLEMBEK        ????      ______     Transfer | ROTTERDAM      4 Sep 1973 100500      Transfer | 14 Nov 1985             Death | [Death by: Other/Unknown       Unknown    Necropsy planned later]
7312,M,~ 1972,WILD,WILD,fulgens,,1980-01-06,WILD                ~ 1972   NONE     Capture              fulgens | GOLLEMBEK        ????      ______     Transfer | ROTTERDAM      4 Sep 1973 100499      Transfer | 6 Jan 1980             Death | [Death by: Other/Unknown       Unknown    Necropsy planned later]
7318,M,~ 1972,WILD,WILD,fulgens,,1983-10-31,ERFURT             ~ 1973 ______     Transfer              fulgens | 31 Oct 1983            Death | [Death by: Unknown means]
7319,M,~ 1972,WILD,WILD,fulgens,,1987-02-17,HYDERABAD          ~ 1972   NONE     Capture     HOUSTON   fulgens | HOUSTON       26 Dec 1973    550     Transfer | NZP-WASH      14 Oct 1975 101379     Transfer | SEATTLE       31 Oct 1978 20924      Transfer | 17 Feb 1987            Death | [Death by: Unknown means]
7402,M,~ 1972,WILD,WILD,fulgens,,1984-06-22,BERLIN TP     27 Jun 1974 ______     Transfer              fulgens | 22 Jun 1984            Death | [Death by: Unknown means]
7403,F,~ 1972,WILD,WILD,fulgens,,1982-05-12,BERLIN TP     27 Jun 1974 ______     Transfer                     fulgens | 12 May 1982            Death | [Death by: Unknown means]
7404,M,~ 1972,WILD,WILD,fulgens,,1981-02-17,ZOOSENSEN        ????     ______     Transfer                     fulgens | TORONTO       20 Jun 1974   3786     Transfer | 17 Feb 1981            Death | [Death by: Other/Unknown       Unknown   Necropsy planned later]
7407,F,~ 1972,WILD,WILD,fulgens,,1984-02-06,DORTMUND      20 Feb 1974 ______     Transfer                     fulgens | HAMBURG            ~ 1978 ______     Transfer | 6 Feb 1984            Death | [Death by: Unknown means]
7412,M,~ 1972,WILD,WILD,fulgens,,1978-01-15,POZNAN             ~ 1974 ______     Transfer                     fulgens | 15 Jan 1978            Death | [Death by: Unknown means]
7414,M,~ 1972,WILD,WILD,fulgens,,1980-12-04,NAGOYA        15 Jun 1974 ______     Transfer                     fulgens | 4 Dec 1980            Death | [Death by: Unknown means]
7415,F,~ 1972,WILD,WILD,fulgens,,1982-04-24,NAGOYA        15 Jun 1974 ______     Transfer                     fulgens | 24 Apr 1982            Death | [Death by: Unknown means]
7420,F,~ 1972,WILD,WILD,fulgens,,1981-12-16,TOKYOTAMA     17 Apr 1974 ______     Transfer                     fulgens | 16 Dec 1981            Death | [Death by: Unknown means]
7421,M,~ 1972,WILD,WILD,fulgens,,1978-01-15,TOKYOTAMA          ~ 1974 ______     Transfer                     fulgens | 15 Jan 1978            Death | [Death by: Unknown means]
7501,F,~ 1972,WILD,WILD,fulgens,,1980-12-11,ASIA               ~ 1974   NONE     Capture   ZIZI               fulgens | WIESBADEN        ????     ______     Transfer | ZURICH         6 Nov 1975 750014     Transfer | NZP-WASH      10 Jan 1979 102714     Transfer | SANDIEGOZ     21 Sep 1979 179296     Transfer | 11 Dec 1980            Death | [Death by: Other/Unknown       Given to an institution:    Necropsy planned later]
7522,F,~ 1972,WILD,WILD,fulgens,,1980-09-19,EREVAN          ~ 1972   NONE     Capture                           fulgens | COLUMBUS      ????     ______     Transfer | NZP-WASH   11 Jun 1975 101283     Transfer | 19 Sep 1980            Death | [Death by: Environ/Behav conditions         Given to an institution:    Necropsy planned later]
7523,M,~ 1972,WILD,WILD,fulgens,,1987-01-01,EREVAN       ~ 1972   NONE           Capture    HERB                fulgens | COLUMBUS   ????     ______           Transfer | NZP-WASH11 Jun 1975 101282           Transfer | 1 Jan 1987                  Death | [Death by: Euthanasia (medical)   Unknown] | T274     F         ~ 1972       WILD    WILD     ZOOSENSEN     ????     ______     Transfer                          fulgens | TORONTO    20 Jun 1974   3788     Transfer | 19 Jul 1977            Death | [Death by: Euthanasia (medical)         Mounted or Preserved:    Cardiovascular   Bacterial]
7314,F,~ Jun 1973,WILD,WILD,fulgens,,1980-09-30,WULFF W          ????     ______     Transfer S”P”                  fulgens | HELSINKI      24 Dec 1973 730021     Transfer | 30 Sep 1980            Death | [Death by: Other/Unknown         Given to an institution:    Necropsy planned later]
7316,M,~ Jun 1973,WILD,WILD,fulgens,,1989-01-02,WULFF W          ????     ______     Transfer   BURMA               fulgens | HELSINKI      24 Dec 1973 730012     Transfer | 2 Jan 1989            Death | [Death by: Other/Unknown         Unknown   Necropsy planned later]
7317,F,~ Jun 1973,WILD,WILD,fulgens,,1985-04-09,WULFF W    ????     ______     Transfer HETA                        fulgens | HELSINKI24 Dec 1973 730013     Transfer | 9 Apr 1985            Death | [Death by: Infection associated   Rendered   Respiratory   Bacterial]
7320,F,29 Jun 1973,6601,7106,fulgens,,1982-08-14,NZP-WASH      29 Jun 1973 100731     Birth     ALFALFA              fulgens | COLUMBUS       8 Aug 1974 742004     Transfer | 11 Jun 1975 742004     Transfer | 14 Aug 1982            Death | [Death by: Other/Unknown         Given to an institution:    Unknown (after necropsy)]
7321,M,29 Jun 1973,6601,7106,fulgens,,1979-04-30,NZP-WASH      29 Jun 1973 100730     Birth      BUCKWHEAT           fulgens | COLUMBUS       8 Aug 1974 742014     Transfer | 11 Jun 1975 742014     Transfer | LOUISVILL      9 Jun 1977 100407     Transfer | 30 Apr 1979                       Death | [Death by: Injury from predator   Incinerate              Generalized     Trauma]
7405,F,~ 1973,WILD,WILD,fulgens,,1985-03-23,ZOOSENSEN   ????     ______     Transfer WHITE FACE                 fulgens | TORONTO  20 Jun 1974   3787     Transfer | 23 Mar 1985            Death | [Death by: Other/Unknown        Given to an institution:    Cardiovascular   Metabolism]
7417,M,~ 1973,WILD,WILD,fulgens,,1979-01-09,DUISBURG 26 Jan 1974 ______              Transfer                   fulgens | ZURICH    8 Dec 1978 780020              Transfer | 9 Jan 1979                     Death | [Death by: Other/Unknown        Given to an institution:    Digestive            New growths/cancer]
7422,F,~ 1973,WILD,WILD,styani,,1978-01-11,HOPEI       ~ 1974   NONE     Capture                               styani | BEIJING   ????     ______     Transfer | TORONTO 7 Jul 1976   7769     Transfer | 11 Jan 1978            Death | [Death by: Euthanasia (medical)   Mounted or Preserved:     No necropsy planned]
7502,M,~ 1973,WILD,WILD,fulgens,,1986-02-07,NEUWIED          ????     ______        Transfer    'A'            fulgens | ADELAIDE      14 Apr 1975 750001        Transfer | 7 Feb 1986               Death | [Death by: Unknown means]
7503,F,~ 1973,WILD,WILD,fulgens,,1987-05-03,NEUWIED       ????     ______     Transfer 'B'                     fulgens | ADELAIDE   14 Apr 1975 750002     Transfer | 3 May 1987            Death | [Death by: Euthanasia (medical)           Mounted or Preserved:    Musculoskeletal   Unknown after necropsy]
7505,M,~ 1973,WILD,WILD,fulgens,,1984-11-27,PRAHA         25 Jun 1975 ______        Transfer                   fulgens | 27 Nov 1984               Death | [Death by: Unknown means]
7506,F,~ 1973,WILD,WILD,fulgens,,1985-11-30,PRAHA         25 Jun 1975 ______        Transfer                   fulgens | 30 Nov 1985               Death | [Death by: Unknown means]
7508,F,~ 1973,WILD,WILD,fulgens,,1979-05-06,DELHI            ????     ______     Transfer                      fulgens | ROTTERDAM     27 Mar 1975 100506     Transfer | 6 May 1979            Death | [Death by: Other/Unknown           Unknown   Necropsy planned later]
7517,M,~ 1973,WILD,WILD,fulgens,,1982-03-05,FERNDALE       ????     ______     Transfer SPANKY         FM/00/75/17 fulgens | COLUMBUS     9 Jan 1975 752002     Transfer | 5 Mar 1982            Death | [Death by: Infection associated         Given to an institution:    Urinary   Bacterial]
7524,F,~ 1973,WILD,WILD,fulgens,,1988-06-23,KUSHIRO Z      8 Nov 1985   001H     Transfer   KAASAN                 fulgens | 23 Jun 1988            Death | [Death by: Unknown means]
7416,F,12 Jun 1974,7102,7103,fulgens,,1982-09-29,AMSTERDAM     12 Jun 1974 ______     Birth                             fulgens | ROTTERDAM      7 Mar 1975 100504     Transfer | 29 Sep 1982            Death | [Death by: Other/Unknown        Unknown   Necropsy planned later]
7423,F,13 Jun 1974,7310,7309,fulgens,,1978-12-12,ROTTERDAM     13 Jun 1974 100501     Birth                             fulgens | AMSTERDAM      7 Mar 1975 ______     Transfer | 12 Dec 1978            Death | [Death by: Unknown means]
7512,M,~ 1974,WILD,WILD,fulgens,,1982-09-29,WILD             ????       NONE     Capture                           fulgens | DELHI            ????     ______     Transfer | ROTTERDAM     27 Mar 1975 100505     Transfer | SYDNEY         3 Feb 1977 770028     Transfer | 29 Sep 1982            Death | [Death by: Unknown means]
7518,F,~ 1974,WILD,WILD,fulgens,,1987-07-25,FERNDALE         ????     ______     Transfer   BANDIT                 fulgens | DENVER        22 Feb 1975 00325      Transfer | NY BRONX      27 Apr 1983 831129     Transfer | 25 Jul 1987            Death | [Death by: Unknown means]
7519,F,~ 1974,WILD,WILD,fulgens,,1983-03-14,FERNDALE         ????     ______     Transfer   PALEFACE               fulgens | DENVER        10 Jan 1975 00319      Transfer | 14 Mar 1983            Death | [Death by: Unknown means]
7604,F,~ 1974,WILD,WILD,fulgens,,1983-12-23,MUNICH         7 May 1976 ______     Transfer                          fulgens | 23 Dec 1983            Death | [Death by: Unknown means]
7606,F,~ 1974,WILD,WILD,fulgens,,1984-03-20,DORTMUND       9 Jan 1976 ______     Transfer   MICKY                  fulgens | 20 Mar 1984            Death | [Death by: Unknown means]
7615,M,~ 1974,WILD,WILD,fulgens,,1979-08-10,KOLN          25 Sep 1976 ______     Transfer    TEDDY       fulgens | 10 Aug 1979            Death | [Death by: Unknown means]
7616,F,~ 1974,WILD,WILD,fulgens,,1985-02-21,YOKOHAMA      21 Feb 1976 ______     Transfer    CHAKO       fulgens | 21 Feb 1985            Death | [Death by: Unknown means]
7617,F,~ 1974,WILD,WILD,fulgens,,1981-12-02,ASIA                ~ 1974   NONE     Capture    PEACH       fulgens | ATLANTA             ~ 1976 760900     Transfer | NZP-WASH       1 Dec 1976 101807      Transfer | NZP-CRC       22 Dec 1978 101807      Transfer | LOSANGELE     18 Dec 1979 09916       Transfer | 2 Dec 1981             Death | [Death by: Other/Unknown       Unknown    Necropsy planned later]
7618,F,~ 1974,WILD,WILD,fulgens,,1980-10-24,YOKOHAMA      20 Jan 1976     12     Transfer                fulgens | 24 Oct 1980            Death | [Death by: Unknown means]
7619,M,~ 1974,WILD,WILD,fulgens,,1986-07-28,YOKOHAMA       2 Jan 1976 ______     Transfer    KORO        fulgens | TOKYOTAMA          ~ 1980 ______     Transfer | 28 Jul 1986            Death | [Death by: Unknown means]
7408,F,7 Jul 1974,6701,6602,fulgens,,1980-08-26,WHIPSNADE      7 Jul 1974    822     Birth       F1          fulgens | MARWELL       26 Mar 1975 100001     Transfer | LONDON RP     13 Aug 1980   1894     Transfer | 26 Aug 1980            Death | [Death by: Unknown means]
7409,F,7 Jul 1974,6701,6602,fulgens,,1981-06-11,WHIPSNADE  7 Jul 1974 ______       Birth         F2          fulgens | MARWELL   26 Mar 1975     067      Transfer | 11 Jun 1981              Death | [Death by: Infection associated   Incinerate     Reproductive       Toxicity]
7603,M,~ 1974,WILD,WILD,styani,,1979-04-20,HOPEI              ~ 1974   NONE     Capture                 styani | BEIJING          ????     ______     Transfer | TORONTO        7 Jul 1976   7768     Transfer | 20 Apr 1979                Death | [Death by: Infection associated   Unknown       Necropsy planned later]
7401,F,8 Jul 1974,6601,7106,fulgens,,1987-07-24,NZP-WASH       8 Jul 1974 100953     Birth      YIN               fulgens | HOUSTON        7 Nov 1975    701     Transfer | INDIANAPL     27 Mar 1986   1441     Transfer | 24 Jul 1987            Death | [Death by: Other/Unknown       Unknown   Necropsy planned later]
7411,F,8 Jul 1974,6601,7106,fulgens,,1984-06-17,NZP-WASH       8 Jul 1974 100954     Birth     BERTHA MAE         fulgens | NZP-CRC        5 Jan 1983 100954     Transfer | NZP-WASH       2 Apr 1984 100954     Transfer | 17 Jun 1984            Death | [Death by: Other/Unknown       Given to an institution:    Necropsy planned later]
7419,M,8 Jul 1974,6801,6806,fulgens,,1978-09-17,COLO SPRG  8 Jul 1974 100261      Birth                           fulgens | 17 Sep 1978             Death | [Death by: Infection associated   Incinerate    Digestive      Nutrition]
7509,F,13 Jun 1975,7310,7309,fulgens,,1989-04-07,ROTTERDAM 13 Jun 1975 100508     Birth     OLD ROTT               fulgens | SYDNEY     3 Feb 1977 770027     Transfer | 7 Apr 1989            Death | [Death by: Euthanasia (medical)   Unknown   No necropsy planned]
7510,F,13 Jun 1975,7310,7309,fulgens,,1978-12-13,ROTTERDAM     13 Jun 1975 100507     Birth                        fulgens | 13 Dec 1978            Death | [Death by: Other/Unknown       Unknown   Necropsy planned later]
7507,M,14 Jun 1975,7102,7103,fulgens,,1983-12-06,AMSTERDAM     14 Jun 1975 ______     Birth                        fulgens | STUTTGART          ~ 1978 ______     Transfer | 6 Dec 1983            Death | [Death by: Unknown means]
7514,M,20 Jun 1975,7209,7210,fulgens,,1991-12-21,NZP-WASH  20 Jun 1975 101292      Birth     OLDFIELD              fulgens | NZP-CRC    2 Apr 1984 101292      Transfer | MILL MOUN 27 Jul 1988   0223      Transfer | 21 Dec 1991             Death | [Death by: Infection associated   Bury   Hemic/Lymph    New growths/cancer]
7515,F,20 Jun 1975,7209,7210,fulgens,,1982-07-16,NZP-WASH      20 Jun 1975 101294     Birth      SISTER            fulgens | NZP-CRC       14 Dec 1978 101294     Transfer | NY BRONX      10 Nov 1981 811337     Transfer | 16 Jul 1982            Death | [Death by: Other/Unknown       Unknown   Necropsy planned later]
7516,F,20 Jun 1975,7209,7210,fulgens,,1978-07-31,NZP-WASH      20 Jun 1975 101297     Birth                        fulgens | BUFFALO       16 Nov 1976    570     Transfer | 31 Jul 1978            Death | [Death by: Other/Unknown       Given to an institution:    Necropsy planned later]
7504,M,26 Jun 1975,7410,7407,fulgens,,1980-10-16,DORTMUND      26 Jun 1975 ______     Birth      SABO              fulgens | 16 Oct 1980            Death | [Death by: Unknown means]
7602,M,~ 1975,WILD,WILD,fulgens,,1990-08-29,MUNICH        11 May 1976 ______     Transfer                     fulgens | ZURICH        27 Apr 1977 770001     Transfer | BERLINZOO     29 Apr 1985 850027     Transfer | 29 Aug 1990            Death | [Death by: Unknown means]
7722,F,~ 1975,WILD,WILD,styani,,1984-06-22,CHINA            ????       NONE     Capture                      styani | BEIJING          ????     ______     Transfer | SYDNEY         2 Nov 1977 770070     Transfer | 22 Jun 1984            Death | [Death by: Unknown means]
7723,M,~ 1975,WILD,WILD,styani,,1978-04-03,CHINA        ????       NONE      Capture                         styani | BEIJING      ????     ______      Transfer | SYDNEY     2 Nov 1977 770069      Transfer | 3 Apr 1978             Death | [Death by: Infection associated   Incinerate    Respiratory   New growths/cancer]
7725,F,~ 1975,WILD,WILD,fulgens,,1979-08-07,KANPUR        17 Mar 1977 ______     Transfer                     fulgens | 7 Aug 1979            Death | [Death by: Unknown means]
7726,M,~ 1975,WILD,WILD,fulgens,,1979-08-06,KANPUR        17 Mar 1977 ______     Transfer                     fulgens | 6 Aug 1979            Death | [Death by: Unknown means]
7727,F,~ 1975,WILD,WILD,fulgens,,1985-01-19,KANPUR        17 Mar 1977 ______     Transfer                     fulgens | 19 Jan 1985            Death | [Death by: Unknown means]
7728,M,~ 1975,WILD,WILD,fulgens,,1978-12-06,KANPUR        17 Mar 1977 ______     Transfer                     fulgens | 6 Dec 1978            Death | [Death by: Unknown means]
7730,M,~ 1975,WILD,WILD,fulgens,,1984-09-12,YOKOHAMA           ~ 1977 ______     Transfer   KORO              fulgens | 12 Sep 1984            Death | [Death by: Unknown means]
7731,F,~ 1975,WILD,WILD,fulgens,,1988-10-31,TOKYOTAMA     24 Dec 1977 ______     Transfer                     fulgens | 31 Oct 1988            Death | [Death by: Unknown means]
7520,F,6 Jul 1975,6905,7322,fulgens,,1982-11-19,BUFFALO        6 Jul 1975     438     Birth                       fulgens | NZP-WASH      25 Oct 1976 101773      Transfer | 19 Nov 1982             Death | [Death by: Other/Unknown           Incinerate    Necropsy planned later]
7521,M,6 Jul 1975,6905,7322,fulgens,,1979-12-30,BUFFALO     6 Jul 1975    437     Birth                           fulgens | COLUMBUS   27 Oct 1979 792037     Transfer | 30 Dec 1979            Death | [Death by: Infection associated           Given to an institution:    Digestive   Bacterial]
7511,M,11 Jul 1975,6701,6602,,,1989-12-31,WHIPSNADE | 11 Jul 1975 ______     Birth     WINSTON                    fulgens | LONDON RP | 14 Dec 1975   1893     Transfer | ROTTERDAM | 19 Dec 1980 102326     Transfer | 31 Dec 1989            Death | [Death by: Euthanasia (medical)   Unknown   No necropsy planned]
7610,M,11 Jun 1976,7209,7210,fulgens,,1987-08-31,"NZP-WASH11 Jun 1976 101632     Birth     WAH                      fulgens | SANDIEGOZ | 21 Sep 1979 179295     Transfer | SAN FRAN10 Jun 1982 18233      Transfer | 31 Aug 1987            Death | [Death by: Other/Unknown        Given to an institution:    Cardiovascular   Circulatory, secondary]"
7607,M,13 Jun 1976,7310,7309,fulgens,,1986-07-08,ROTTERDAM     13 Jun 1976 101790     Birth     DUTCH              fulgens | NZP-CRC        2 Dec 1982 105035     Transfer | 8 Jul 1986            Death | [Death by: Other/Unknown           Given to an institution:    Necropsy planned later]
7608,F,13 Jun 1976,7310,7309,fulgens,,1993-06-02,ROTTERDAM     13 Jun 1976 102754     Birth      KAMALA            fulgens | STUTTGART     31 Oct 1979   NONE     Transfer | ROTTERDAM     31 May 1985 102754     Transfer | RHENEN        20 Nov 1987    M93     Transfer | 2 Jun 1993            Death | [Death by: Unknown means]
7611,M,21 Jun 1976,7523,7411,fulgens,,1993-02-08,NZP-WASH  21 Jun 1976 101642      Birth     'EE' BUSTE         fulgens | KNOXVILLE  9 Nov 1977    302      Transfer | CALGARY    9 May 1985 101992      Transfer | TORONTO    4 Mar 1986 20475       Transfer | ADELAIDE   1 Jul 1988 880131      Transfer | 8 Feb 1993             Death | [Death by: Euthanasia (medical)   Rendered   Urinary    Mechanical abnormality]
7612,F,24 Jun 1976,7319,7106,fulgens,,1986-12-19,NZP-WASH  24 Jun 1976 101645         Birth      EUNICE         fulgens | 19 Dec 1986                Death | [Death by: Euthanasia (medical)   Incinerate]
7614,F,24 Jun 1976,7319,7106,fulgens,,1983-06-30,NZP-WASH      24 Jun 1976 101644     Birth      Bernice        fulgens | KNOXVILLE      9 Nov 1977    303     Transfer | 30 Jun 1983            Death | [Death by: Other/Unknown       Unknown   Necropsy planned later]
7609,M,27 Jun 1976,6701,6602,fulgens,,1979-06-01,WHIPSNADE     27 Jun 1976 ______     Birth      M1 BASIL       fulgens | MARWELL       27 Nov 1976 100002     Transfer | 1 Jun 1979            Death | [Death by: Unknown means]
7817,M,~ 1976,WILD,WILD,fulgens,,1979-10-04,KOBE PARK     11 Oct 1978     06     Transfer                  fulgens | 4 Oct 1979            Death | [Death by: Unknown means]
7818,F,~ 1976,WILD,WILD,fulgens,,1985-09-17,KOBE PARK     11 Oct 1978     07     Transfer                  fulgens | 17 Sep 1985            Death | [Death by: Unknown means]
7601,F,3 Jul 1976,7302,7303,fulgens,,1991-11-08,ESKILSTUN  3 Jul 1976 ______     Birth     ESMERALDA           fulgens | HELSINKI  14 Jan 1981 810002     Transfer | 1 Jul 1982 810002     Transfer | 8 Nov 1991            Death | [Death by: Euthanasia (medical)   Unknown   Necropsy planned later]
7620,M,19 Aug 1976,UNK,UNK,fulgens,,1987-07-13,KUSHIRO Z     19 Aug 1976   002H     Birth      PAMU           fulgens | 13 Jul 1987            Death | [Death by: Unknown means]
7605,F,17 Dec 1976,7502,7503,fulgens,,1980-11-30,ADELAIDE      17 Dec 1976 760001        Birth     'C'                   fulgens | 30 Nov 1980               Death | [Death by: Other/Unknown           Unknown   Reproductive      Unknown after necropsy]
7732,?,15 May 1977,7512,7509,fulgens,,1977-06-03,SYDNEY15 May 1977 770029     Birth                                      fulgens | 3 Jun 1977            Death | [Death by: Injury from exhibit mate   Unknown   No necropsy planned]
7718,F,2 Jun 1977,7517,7320,fulgens,,1988-02-18,COLUMBUS    2 Jun 1977 772002     Birth     SWEET THIN                  fulgens | PORTLAND   28 Nov 1984 84056      Transfer | LINCOLN C   3 Dec 1987    525     Transfer | 18 Feb 1988            Death | [Death by: Euthanasia (medical)           Given to an institution:    Hemic/Lymph   Metazoan]
7719,F,2 Jun 1977,7517,7320,fulgens,,1988-02-23,COLUMBUS    2 Jun 1977 772003     Birth     DOLLY                       fulgens | PORTLAND   24 Sep 1982   1954     Transfer | COLUMBUS    4 Jan 1985 772003     Transfer | 23 Feb 1988            Death | [Death by: Euthanasia (medical)           Given to an institution:    Necropsy planned later         Unknown after necropsy]
7704,F,9 Jun 1977,7102,7103,fulgens,,1988-04-01,AMSTERDAM      9 Jun 1977 ______        Birth                           fulgens | 1 Apr 1988               Death | [Death by: Unknown means]
7707,F,10 Jun 1977,7209,7522,,,1993-10-27,NZP-WASH | 10 Jun 1977 102029     Birth     GUINIVERE                        fulgens | NZP-CRC | 24 Feb 1978 102029     Transfer | BALTIMORE | 5 Nov 1981 82114      Transfer | MINNESOTA | 6 May 1987   5157     Transfer | 27 Oct 1993            Death | [Death by: Euthanasia (medical)   Unknown   Urinary   Unknown after necropsy]
7708,M,10 Jun 1977,7209,7522,fulgens,,1985-12-17,NZP-WASH10 Jun 1977 102028              Birth     ARTHUR                fulgens | NZP-CRC 24 Feb 1978 102028              Transfer | ZURICH  15 Dec 1978 780001              Transfer | 17 Dec 1985                     Death | [Death by: Other/Unknown        Given to an institution:    Digestive            Mechanical abnormality]
7705,M,14 Jun 1977,7310,7309,fulgens,,1984-03-02,ROTTERDAM     14 Jun 1977 102020        Birth      M2                   fulgens | MARWELL       16 Oct 1978    118        Transfer | 2 Mar 1984               Death | [Death by: Unknown means] | 7709     F    17 Jun 1977       7523    7411 | NZP-WASH   17 Jun 1977 102031     Birth     SCARLET                          fulgens | NZP-CRC    29 Dec 1977 102031     Transfer | NZP-WASH    9 Jan 1978            Death | [Death by: Environ/Behav conditions   Given to an institution:    No necropsy planned]
7710,M,17 Jun 1977,7523,7411,fulgens,,1993-10-27,NZP-WASH   17 Jun 1977 102030     Birth     RHETT                      fulgens | NZP-CRC    29 Dec 1977 102030     Transfer | BALTIMORE   5 Nov 1981 82115      Transfer | MINNESOTA   6 May 1987   5156     Transfer | 27 Oct 1993            Death | [Death by: Euthanasia (medical)         Given to an institution:    Necropsy planned later        Unknown after necropsy]
7720,M,19 Jun 1977,6802,7519,fulgens,,1984-08-14,DENVER        19 Jun 1977 02451      Birth      BOBBY                  fulgens | NY BRONX      27 Apr 1983 831128     Transfer | 14 Aug 1984            Death | [Death by: Unknown means]
7721,F,19 Jun 1977,6802,7519,fulgens,,1983-09-16,DENVER        19 Jun 1977   02452    Birth      BETH                   fulgens | LINCOLN C     17 Mar 1981     182    Transfer | 16 Sep 1983            Death | [Death by: Unknown means]
7711,M,20 Jun 1977,7514,7520,fulgens,,1982-07-31,NZP-WASH      20 Jun 1977 102035     Birth      ALDEN                  fulgens | NZP-CRC       29 Dec 1977 102035     Transfer | LOSANGELE     18 Dec 1979 09915      Transfer | NZP-WASH      28 Jul 1982 102035     Transfer | 31 Jul 1982            Death | [Death by: Other/Unknown         Unknown   Necropsy planned later] | 7712     F    20 Jun 1977       7514    7520 | NZP-WASH   20 Jun 1977 102036     Birth     PRICILLA                         fulgens | NZP-CRC    29 Dec 1977 102036     Transfer | NZP-WASH   15 Jan 1978            Death | [Death by: Environ/Behav conditions   Given to an institution:    No necropsy planned] | T307     ?    25 Jun 1977       6801    6806     COLO SPRG  25 Jun 1977 100913     Birth                                fulgens | 25 Jun 1977            Death | [Death by: Stillbirth      Bury   No necropsy planned]
7714,F,26 Jun 1977,7514,7515,fulgens,,1988-08-05,NZP-WASH      26 Jun 1977 102042     Birth      KATE                   fulgens | NZP-CRC       29 Dec 1977 102042     Transfer | NY BRONX       1 Jun 1978 781119     Transfer | SEATTLE       30 Oct 1980 21181      Transfer | S BARBARA     10 Oct 1984 29124      Transfer | 5 Aug 1988            Death | [Death by: Unknown means]
7715,M,28 Jun 1977,7319,7106,fulgens,,1989-06-30,NZP-WASH      28 Jun 1977 102045     Birth     M7 FLOYD       fulgens | NZP-CRC       14 Dec 1978 102045     Transfer | NY BRONX      10 Nov 1981 811336     Transfer | BURFORD        6 Jan 1983   1066     Transfer | MARWELL       26 Nov 1984    356     Transfer | BURFORD        7 Jul 1987   1066     Transfer | MARWELL       26 Nov 1988    356     Transfer | 30 Jun 1989            Death | [Death by: Infection associated         Unknown      Necropsy planned later   Unknown after necropsy]
7716,M,28 Jun 1977,7319,7106,fulgens,,1985-04-19,NZP-WASH28 Jun 1977 102046     Birth     SPENCER              fulgens | NZP-CRC  6 Mar 1978 102046     Transfer | NY BRONX 1 Jun 1978 781120     Transfer | LINCOLN C | 19 Nov 1981    220     Transfer | 19 Apr 1985            Death | [Death by: Euthanasia (medical)   Mounted or Preserved:    Urinary    Bacterial]
7717,M,28 Jun 1977,7319,7106,fulgens,,1983-03-01,NZP-WASH28 Jun 1977 102047     Birth                          fulgens | ZURICH  15 Dec 1978 780021     Transfer | KREFELD 11 Nov 1981 ______     Transfer | 1 Mar 1983            Death | [Death by: Infection associated   Unknown   Necropsy planned later]
7734,F,29 Jun 1977,6901,7307,fulgens,,1977-06-29,LODZ         29 Jun 1977   6830     Birth                     fulgens | 29 Jun 1977            Death | [Death by: Stillbirth        Unknown   Unknown (after necropsy)] | T308     M    29 Jun 1977       6901    7307     LODZ          29 Jun 1977   6829     Birth                    fulgens | 29 Jun 1977            Death | [Death by: Unknown means]
7729,F,~ 1977,UNK,UNK,styani,,1982-07-29,NANKING            ~ 1977 ______     Birth      NING NING     styani | MELBOURNE     14 Apr 1982 820141     Transfer | 29 Jul 1982            Death | [Death by: Unknown means]
7915,M,~ 1977,WILD,WILD,fulgens,,1989-04-07,FUKUOKA       24 Apr 1979 ______     Transfer               fulgens | 7 Apr 1989            Death | [Death by: Unknown means]
7916,F,~ 1977,WILD,WILD,fulgens,,1989-04-24,FUKUOKA       24 Apr 1979 ______     Transfer               fulgens | 24 Apr 1989            Death | [Death by: Unknown means]
7921,M,~ 1977,WILD,WILD,styani,,1988-05-17,CHINA              ~ 1979   NONE     Capture    MAO         styani | SYDNEY         7 Nov 1979 ______     Transfer | MELBOURNE     26 Apr 1983 830166     Transfer | AUCKLAND      26 Jun 1987 MK1183     Transfer | 17 May 1988            Death | [Death by: Unknown means]
7924,F,~ 1977,WILD,WILD,styani,,1986-07-28,TOKYOTAMA     23 Nov 1979 ______     Transfer               styani | 28 Jul 1986            Death | [Death by: Unknown means]
7925,M,~ 1977,WILD,WILD,styani,,1985-01-29,TOKYOTAMA     23 Nov 1979 ______     Transfer               styani | 29 Jan 1985            Death | [Death by: Unknown means]
7706,F,3 Jul 1977,7310,7311,fulgens,,1990-01-10,ROTTERDAM3 Jul 1977 102043           Birth     F5           fulgens | MARWELL  6 Aug 1981    173           Transfer | BURFORD 29 Nov 1989   1071           Transfer | 10 Jan 1990                  Death | [Death by: Infection associated   Bury   Digestive         Nutrition]
7735,?,3 Jul 1977,7310,7311,fulgens,,1977-07-03,ROTTERDAM      3 Jul 1977 102044     Birth                  fulgens | 3 Jul 1977            Death | [Death by: Stillbirth         Incinerate   No necropsy planned]
7733,M,11 Dec 1977,7512,7509,fulgens,,1977-12-12,SYDNEY        11 Dec 1977 770077     Birth                  fulgens | 12 Dec 1977            Death | [Death by: Unknown means]
7701,M,16 Dec 1977,7502,7503,fulgens,,1987-11-02,ADELAIDE   16 Dec 1977 770001      Birth     'D'            fulgens | 2 Nov 1987             Death | [Death by: Euthanasia (medical)         Mounted or Preserved:    Respiratory    New growths/cancer]
7702,F,16 Dec 1977,7502,7503,fulgens,,1978-07-13,ADELAIDE      16 Dec 1977 770002     Birth      'E'         fulgens | 13 Jul 1978            Death | [Death by: Unknown means]
7805,F,28 May 1978,7315,7314,fulgens,,1990-10-19,HELSINKI      28 May 1978 780011     Birth     ALPHA                 fulgens | 19 Oct 1990            Death | [Death by: Other/Unknown         Given to an institution:    Necropsy planned later]
7806,F,28 May 1978,7315,7314,fulgens,,1979-08-07,HELSINKI28 May 1978 780044     Birth     BETA            FF/HE/78/06 fulgens | 7 Aug 1979            Death | [Death by: Infection associated   Unknown   Respiratory   Bacterial]
7807,F,28 May 1978,7315,7314,fulgens,,1986-01-15,HELSINKI   28 May 1978 780012     Birth     OMEGA                    fulgens | 15 Jan 1986            Death | [Death by: Euthanasia (medical)         Given to an institution:    Respiratory   Unknown after necropsy]
7894,M,31 May 1978,7728,7725,fulgens,,1978-06-06,KANPUR        31 May 1978 ______     Birth                           fulgens | 6 Jun 1978            Death | [Death by: Unknown means]
7895,F,31 May 1978,7728,7725,fulgens,,1978-06-15,KANPUR        31 May 1978 ______     Birth                           fulgens | 15 Jun 1978            Death | [Death by: Unknown means]
7802,M,9 Jun 1978,6803,6804,fulgens,,1981-03-02,KREFELD        9 Jun 1978 ______     Birth     TOBY                  fulgens | 2 Mar 1981            Death | [Death by: Unknown means]
7885,?,9 Jun 1978,7312,7510,fulgens,,1978-06-09,ROTTERDAM      9 Jun 1978 100502     Birth                           fulgens | 9 Jun 1978            Death | [Death by: Unknown means]
7886,?,9 Jun 1978,7312,7510,fulgens,,1978-06-09,ROTTERDAM      9 Jun 1978 100503     Birth                           fulgens | 9 Jun 1978            Death | [Death by: Unknown means]
7887,M,12 Jun 1978,7607,7416,fulgens,,1978-06-12,ROTTERDAM     12 Jun 1978 100509     Birth                           fulgens | 12 Jun 1978            Death | [Death by: Unknown means]
7888,?,12 Jun 1978,7607,7416,fulgens,,1978-06-12,ROTTERDAM     12 Jun 1978 100510     Birth                           fulgens | 12 Jun 1978            Death | [Death by: Unknown means]
7815,F,16 Jun 1978,7611,7614,fulgens,,1987-03-21,KNOXVILLE 16 Jun 1978    344     Birth     NICKIE                     fulgens | NZP-WASH   6 Sep 1979 102400     Transfer | NZP-CRC    2 Mar 1980 102400     Transfer | DALLAS     4 Dec 1980 002724     Transfer | 21 Mar 1987            Death | [Death by: Infection associated   Mounted or Preserved:    Generalized          Viral]
7816,M,17 Jun 1978,7611,7614,fulgens,,1991-12-29,KNOXVILLE    17 Jun 1978    345       Birth      Dave                 fulgens | 7 Jul 1987    345       Transfer | CENTRALPK    26 Oct 1988 886458       Transfer | 29 Dec 1991              Death | [Death by: Unknown means]
7803,M,18 Jun 1978,7310,7309,fulgens,,1984-03-24,ROTTERDAM    18 Jun 1978 102422       Birth                           fulgens | AMSTERDAM         ~ 1980 ______       Transfer | 24 Mar 1984              Death | [Death by: Unknown means]
7804,F,18 Jun 1978,7310,7309,fulgens,,1984-03-19,ROTTERDAM    18 Jun 1978 102302       Birth                           fulgens | HILVARENB    13 Oct 1981 M78007       Transfer | 19 Mar 1984              Death | [Death by: Unknown means]
7891,M,19 Jun 1978,7523,7612,fulgens,,1978-06-22,NZP-WASH     19 Jun 1978 102401       Birth                           fulgens | 22 Jun 1978              Death | [Death by: Unknown means]
7892,?,19 Jun 1978,7523,7612,fulgens,,1978-06-19,NZP-WASH     19 Jun 1978 102402       Birth                           fulgens | 19 Jun 1978              Death | [Death by: Stillbirth      Mounted or Preserved:      Necropsy planned later]
7809,F,25 Jun 1978,7209,7522,fulgens,,1994-12-05,NZP-WASH  25 Jun 1978 102412     Birth     GERTRUDE                   fulgens | NZP-CRC   13 Feb 1980 102412     Transfer | 5 Dec 1994            Death | [Death by: Euthanasia (medical)   Unknown   Necropsy planned later]
7889,F,25 Jun 1978,7209,7522,fulgens,,1978-08-01,NZP-WASH      25 Jun 1978 102413     Birth                            fulgens | 1 Aug 1978            Death | [Death by: Other/Unknown       Given to an institution:    Necropsy planned later]
7810,M,29 Jun 1978,7319,7106,fulgens,,1992-01-10,NZP-WASH      29 Jun 1978 102415      Birth      PABLO                fulgens | NZP-CRC       13 Feb 1980 102415     Transfer | NZP-DZR       10 Jul 1987 102415     Transfer | NZP-CRC        8 Dec 1987 102415     Transfer | 10 Jan 1992            Death | [Death by: Other/Unknown       Unknown   Necropsy planned later]
7882,M,29 Jun 1978,6901,7307,fulgens,,1978-07-05,LODZ          29 Jun 1978     6831   Birth                        fulgens | 5 Jul 1978            Death | [Death by: Unknown means]
7883,F,29 Jun 1978,6901,7307,fulgens,,1978-08-06,LODZ          29 Jun 1978     6832   Birth                        fulgens | 6 Aug 1978            Death | [Death by: Unknown means]
7893,?,29 Jun 1978,7319,7106,fulgens,,1978-06-29,NZP-WASH      29 Jun 1978 102416     Birth                        fulgens | 29 Jun 1978            Death | [Death by: Other/Unknown       Mounted or Preserved:    Necropsy planned later]
7820,F,30 Jun 1978,7619,7618,fulgens,,1984-08-29,YOKOHAMA      30 Jun 1978 ______     Birth      TAROU             fulgens | TOKYOTAMA          ~ 1979 ______     Transfer | 29 Aug 1984            Death | [Death by: Unknown means]
7896,F,30 Jun 1978,7619,7618,fulgens,,1978-06-30,YOKOHAMA      30 Jun 1978 ______     Birth                        fulgens | 30 Jun 1978            Death | [Death by: Unknown means]
7801,F,1 Jul 1978,7517,7320,fulgens,,1982-06-13,COLUMBUS       1 Jul 1978 782024     Birth      MARSHA            fulgens | CLEVELAND     13 Nov 1978 781119     Transfer | 13 Jun 1982            Death | [Death by: Unknown means]
7819,M,~ 1978,UNK,UNK,styani,,1988-12-05,NANKING            ~ 1978 ______      Birth     SU SU             styani | MELBOURNE     14 Apr 1982 820140      Transfer | SYDNEY        27 Apr 1983 830188      Transfer | MELBOURNE     22 Aug 1984 820140      Transfer | AUCKLAND      26 Jun 1987 MK1182      Transfer | 5 Dec 1988             Death | [Death by: Other/Unknown       Incinerate    Generalized   Unknown after necropsy]
7922,F,~ 1978,WILD,WILD,styani,,1994-01-14,CHINA            ????         NONE   Capture                      styani | CANTON CH        ????       ______   Transfer | SANDIEGOZ     15 Oct 1979 179315     Transfer | MINNESOTA     24 Nov 1992   7648     Transfer | 14 Jan 1994            Death | [Death by: Unknown means]
7923,F,~ 1978,WILD,WILD,styani,,1995-04-20,CHINA            ????       NONE     Capture    STACY                 styani | CANTON CH        ????     ______     Transfer | SANDIEGOZ     15 Oct 1979 179316     Transfer | NASHV ZOO     11 Nov 1992 940050     Transfer | 20 Apr 1995            Death | [Death by: Unknown means]
8016,M,~ 1978,WILD,WILD,styani,JAZGA,1987-06-26,KYOTO         25 Apr 1980 ______     Transfer            JAZGA 007C   styani | 26 Jun 1987            Death | [Death by: Unknown means]
8017,M,~ 1978,WILD,WILD,styani,JAZGA,1989-05-15,NARA          20 Oct 1980 ______     Transfer            JAZGA 009C   styani | 15 May 1989            Death | [Death by: Unknown means]
8018,F,~ 1978,WILD,WILD,styani,JAZGA,1996-02-24,NARA          20 Oct 1980 ______     Transfer            JAZGA 010C   styani | 24 Feb 1996            Death | [Death by: Unknown means]
8019,M,~ 1978,WILD,WILD,styani,JAZGA,1986-11-07,NIHONDAIR     16 Sep 1980 ______     Transfer            JAZGA 008C   styani | 7 Nov 1986            Death | [Death by: Unknown means]
7880,?,4 Jul 1978,7302,7303,fulgens,,1978-07-04,ESKILSTUN      4 Jul 1978 ______     Birth                            fulgens | 4 Jul 1978            Death | [Death by: Unknown means]
7881,?,4 Jul 1978,7302,7303,fulgens,,1978-07-04,ESKILSTUN      4 Jul 1978 ______     Birth                            fulgens | 4 Jul 1978            Death | [Death by: Unknown means]
7811,F,6 Jul 1978,7523,7411,fulgens,,1980-12-27,NZP-WASH       6 Jul 1978 102449     Birth     AMELIA                 fulgens | NZP-CRC       13 Feb 1980 102449     Transfer | NY BRONX       9 Dec 1980 801372     Transfer | 27 Dec 1980            Death | [Death by: Other/Unknown       Given to an institution:    Necropsy planned later]
7890,M,6 Jul 1978,7523,7411,fulgens,,1978-07-07,NZP-WASH       6 Jul 1978 102452      Birth                  fulgens | 7 Jul 1978             Death | [Death by: Stillbirth           Mounted or Preserved:     Necropsy planned later]
7812,F,23 Jul 1978,7514,7520,fulgens,,1991-12-31,"NZP-WASH23 Jul 1978 102470     Birth     DIANE               fulgens | NZP-CRC 13 Feb 1980 102470     Transfer | NZP-WASH17 Nov 1980 102470     Transfer | NZP-CRC 18 Jun 1984 102470     Transfer | NZP-WASH 8 May 1985 102470     Transfer | KNOXVILLE9 May 1985    980     Transfer | 31 Dec 1991            Death | [Death by: Other/Unknown        Given to an institution:    Cardiovascular   Circulatory, secondary]"
7814,F,23 Jul 1978,7514,7520,fulgens,,1993-03-23,NZP-WASH      23 Jul 1978 102471     Birth     DEIDRE        fulgens | KNOXVILLE      6 Sep 1979    402     Transfer | CENTRALPK     26 Oct 1988 886459     Transfer | 23 Mar 1993            Death | [Death by: Infection associated           Incinerate      Generalized   Unknown after necropsy]
7808,M,6 Dec 1978,7512,7509,fulgens,,1979-03-21,SYDNEY 6 Dec 1978 780020     Birth     ROWDY                 fulgens | 21 Mar 1979            Death | [Death by: Infection associated   Unknown   Unknown (after necropsy)]
7898,F,6 Dec 1978,7512,7509,fulgens,,1978-12-13,SYDNEY 6 Dec 1978 780021     Birth                           fulgens | 13 Dec 1978            Death | [Death by: Environ/Behav conditions   Unknown   Unknown (after necropsy)]
7901,M,12 Jan 1979,7502,7503,fulgens,,1983-01-16,ADELAIDE      12 Jan 1979 790003      Birth      ZEKE        fulgens | BURFORD        4 Nov 1981   1063      Transfer | LONDON RP     15 Dec 1982   1519      Transfer | 16 Jan 1983             Death | [Death by: Unknown means]
7917,M,26 May 1979,7315,7314,,,1979-07-22,HELSINKI | 26 May 1979 790058     Birth     NY                    fulgens | 22 Jul 1979            Death | [Death by: Infection associated   Unknown   Respiratory   Bacterial]
7918,F,26 May 1979,7315,7314,fulgens,,1983-02-13,HELSINKI      26 May 1979 790023     Birth       MY          fulgens | KREFELD       26 Oct 1979 ______     Transfer | 13 Feb 1983            Death | [Death by: Other/Unknown           Unknown   Necropsy planned later]
7983,?,9 Jun 1979,7607,7416,fulgens,,1979-06-15,ROTTERDAM      9 Jun 1979 102893     Birth                            fulgens | 15 Jun 1979            Death | [Death by: Unknown means]
7904,M,11 Jun 1979,7710,7707,,,1992-07-22,NZP-CRC | 11 Jun 1979 102957      Birth     BAXLEY                        fulgens | DALLAS 4 Dec 1980 002723      Transfer | NZP-DZR | 17 Jun 1987 102957      Transfer | NZP-CRC | 25 Jul 1987 102957      Transfer | NZP-WASH | 8 Dec 1987 102957      Transfer | 22 Jul 1992             Death | [Death by: Euthanasia (medical)   Incinerate    Necropsy planned later]
7905,F,11 Jun 1979,7710,7707,fulgens,,1985-06-03,NZP-CRC    11 Jun 1979 102958     Birth      BUTTERBALL               fulgens | ZURICH      4 Sep 1980 800001     Transfer | 3 Jun 1985            Death | [Death by: Euthanasia (medical)           Given to an institution:    Integumentary    Fungal]
7906,F,16 Jun 1979,7523,7612,fulgens,,1994-09-27,NZP-WASH      16 Jun 1979 102964     Birth      'V' EDWINA            fulgens | NZP-CRC       13 Feb 1980 102964     Transfer | ZURICH         4 Sep 1980 800003     Transfer | ADELAIDE      14 Apr 1986 860107     Transfer | MELBOURNE     18 Jul 1990 900455     Transfer | ADELAIDE      12 Nov 1992 860107     Transfer | 27 Sep 1994            Death | [Death by: Unknown means]
7907,M,16 Jun 1979,7523,7612,fulgens,,1989-09-23,NZP-WASH16 Jun 1979 102965     Birth            ETHAN                 fulgens | NZP-CRC 13 Feb 1980 102965     Transfer | PORTLAND23 Apr 1980   1769     Transfer | COLUMBUS11 May 1982 822041     Transfer | 23 Sep 1989            Death | [Death by: Other/Unknown        Given to an institution:    Necropsy planned later          Unknown after necropsy]
7908,M,18 Jun 1979,7715,7515,fulgens,,1986-04-04,NZP-CRC       18 Jun 1979 102980     Birth      JP                    fulgens | ROTTERDAM     18 Sep 1980 102313     Transfer | 4 Apr 1986            Death | [Death by: Other/Unknown           Unknown]
7909,F,18 Jun 1979,7715,7515,fulgens,,1979-06-20,NZP-CRC       18 Jun 1979 102981     Birth                            fulgens | 20 Jun 1979            Death | [Death by: Other/Unknown           Given to an institution:    Necropsy planned later]
7903,F,24 Jun 1979,7310,7309,fulgens,,1985-07-27,ROTTERDAM     24 Jun 1979 102303     Birth                          fulgens | 27 Jul 1985            Death | [Death by: Other/Unknown         Unknown   Necropsy planned later]
7910,M,24 Jun 1979,7611,7614,fulgens,,1991-07-31,KNOXVILLE     24 Jun 1979    408     Birth      Caulie              fulgens | NZP-WASH       3 Sep 1980 102988     Transfer | ROTTERDAM     18 Sep 1980 102314     Transfer | HILVARENB     13 Oct 1981 M79003     Transfer | ROTTERDAM     28 Apr 1982 102314     Transfer | BURFORD       17 Dec 1982   M280     Transfer | HILVARENB     25 Jan 1983 M76769     Transfer | AMSTERDAM     23 Oct 1984 ______     Transfer | RHENEN        20 Nov 1987    M94     Transfer | 31 Jul 1991            Death | [Death by: Unknown means]
7911,M,24 Jun 1979,7611,7614,fulgens,,1981-06-06,KNOXVILLE     24 Jun 1979    409     Birth      Caulie              fulgens | NZP-WASH       9 Apr 1980 102989     Transfer | 6 Jun 1981            Death | [Death by: Unknown means]
7981,F,24 Jun 1979,7611,7614,fulgens,,1979-07-27,KNOXVILLE     24 Jun 1979    410     Birth                          fulgens | 27 Jul 1979            Death | [Death by: Other/Unknown         Given to an institution:    Unknown (after necropsy)]
7926,M,29 Jun 1979,6901,7307,fulgens,,1979-07-01,LODZ          29 Jun 1979   6833     Birth                          fulgens | 1 Jul 1979            Death | [Death by: Unknown means]
8004,M,~ 1979,WILD,WILD,styani,,1988-11-22,CHINA        ????       NONE     Capture                            styani | CANTON CH    ????     ______     Transfer | SANDIEGOZ 11 Jul 1980 180226     Transfer | 22 Nov 1988            Death | [Death by: Other/Unknown        Given to an institution:    Cardiovascular   Metabolism]
8005,M,~ 1979,WILD,WILD,styani,,1987-01-27,"CHINA        ????       NONE     Capture                            styani | CANTON CH    ????     ______     Transfer | SANDIEGOZ 11 Jul 1980 180227     Transfer | 27 Jan 1987            Death | [Death by: Other/Unknown        Given to an institution:    Cardiovascular   Circulatory, secondary]"
8120,F,~ 1979,WILD,WILD,fulgens,,1982-12-20,GANGTOK       27 Apr 1981 ______     Transfer                       fulgens | 20 Dec 1982           Death | [Death by: Unknown means]
8320,F,~ 1979,WILD,WILD,styani,TOMOKO,1995-01-07,KOBE PARK   22 Feb 1983 ______    Transfer   TOMOKO     JAZGA 016C   styani | 7 Jan 1995           Death | [Death by: Unknown means]
7912,M,4 Jul 1979,7523,7411,fulgens,,1985-07-26,NZP-WASH    4 Jul 1979 103009      Birth     BENJAMIN                fulgens | NZP-CRC   13 Feb 1980 103009       Transfer | MINNESOTA 14 Sep 1982     3158     Transfer | 26 Jul 1985              Death | [Death by: Other/Unknown        Mounted or Preserved:     Digestive    Unknown after necropsy]
7984,M,5 Jul 1979,7302,7303,fulgens,,1979-12-31,ESKILSTUN    5 Jul 1979 ______    Birth                              fulgens | 31 Dec 1979           Death | [Death by: Unknown means]
7902,M,10 Jul 1979,7319,7106,fulgens,,1985-11-26,SEATTLE     10 Jul 1979   21017   Birth      BUSTER                  fulgens | PORTLAND    15 Apr 1980    1768   Transfer | 26 Nov 1985           Death | [Death by: Unknown means]
7982,?,20 Jul 1979,6802,7519,fulgens,,1979-08-05,DENVER      20 Jul 1979   04110   Birth      179P                    fulgens | 5 Aug 1979           Death | [Death by: Unknown means]
7913,F,2 Aug 1979,7514,7520,fulgens,,1987-11-26,NZP-WASH     2 Aug 1979 103062    Birth      OLGA                    fulgens | NZP-DZR     13 Feb 1980 103062    Transfer | ROTTERDAM   18 Sep 1980 102315    Transfer | 26 Nov 1987           Death | [Death by: Unknown means]
7914,F,2 Aug 1979,7514,7520,fulgens,,1990-05-22,NZP-WASH     2 Aug 1979 103063    Birth      ODETTA                  fulgens | NZP-CRC     13 Feb 1980 103063    Transfer | ZURICH       4 Sep 1980 800002    Transfer | ROTTERDAM   23 Oct 1986 102885    Transfer | KREFELD     20 Nov 1987     33    Transfer | 22 May 1990           Death | [Death by: Unknown means]
7919,F,13 Dec 1979,7512,7509,fulgens,,1984-07-08,SYDNEY      13 Dec 1979 790027    Birth      MINKA                   fulgens | HILVARENB    7 Jan 1982 M79050    Transfer | BURFORD 17 Dec 1982   1065          Transfer | 8 Jul 1984                 Death | [Death by: Environ/Behav conditions   Rendered        Cardiovascular     Trauma]
7920,F,13 Dec 1979,7512,7509,fulgens,,1989-08-08,SYDNEY     13 Dec 1979 790028     Birth     'K' MANDU              fulgens | ADELAIDE   24 Feb 1982 820088     Transfer | 8 Aug 1989            Death | [Death by: Euthanasia (medical)         Mounted or Preserved:    Musculoskeletal   Unknown after necropsy]
8001,M,15 May 1980,7315,7314,fulgens,,1995-03-28,HELSINKI15 May 1980 800013          Birth     OSCAR                fulgens | LONDON RP | 20 Jan 1981   A508          Transfer | WHIPSNADE | 18 Aug 1981   L172          Transfer | LONDON RP | 31 Jan 1983   A508          Transfer | WHIPSNADE | 30 Mar 1983   L172          Transfer | 28 Mar 1995                 Death | [Death by: Anesth/Restraint assoc   Incinerate        Unknown (after necropsy)]
8082,M,23 May 1980,7316,7805,fulgens,,1980-05-26,HELSINKI23 May 1980 800070     Birth                               fulgens | 26 May 1980            Death | [Death by: Infection associated   Unknown   Respiratory   Bacterial]
8083,M,23 May 1980,7316,7805,fulgens,,1980-05-26,HELSINKI23 May 1980 800071     Birth                               fulgens | 26 May 1980            Death | [Death by: Infection associated   Unknown   Respiratory   Bacterial]
8084,F,23 May 1980,7316,7805,fulgens,,1980-05-23,HELSINKI23 May 1980 800072     Birth                               fulgens | 23 May 1980            Death | [Death by: Infection associated   Unknown   Respiratory   Bacterial]
8085,F,23 May 1980,7316,7805,fulgens,,1980-05-26,HELSINKI23 May 1980 800073     Birth                               fulgens | 26 May 1980            Death | [Death by: Infection associated   Unknown   Respiratory   Bacterial]
8086,F,23 May 1980,7316,7807,fulgens,,1980-05-29,HELSINKI23 May 1980 800074     Birth                               fulgens | 29 May 1980            Death | [Death by: Infection associated   Unknown   Respiratory   Bacterial]
8003,F,1 Jun 1980,7705,7409,fulgens,,1982-12-31,MARWELL      1 Jun 1980 100003      Birth      F3                  fulgens | WHIPSNADE   20 Nov 1980 ______      Transfer | 31 Dec 1982             Death | [Death by: Unknown means]
8326,M,1 Jun 1980,UNK,UNK,styani,,1991-07-13,CHENGDU      1 Jun 1980 ______    Birth      XING XING    styani | TIMARU         ????     ______    Transfer | AUCKLAND    11 Jun 1986 MK1180    Transfer | 13 Jul 1991           Death | [Death by: Unknown means]
8089,?,4 Jun 1980,7507,7608,fulgens,,1980-06-04,STUTTGART    4 Jun 1980 ______    Birth                   fulgens | 4 Jun 1980           Death | [Death by: Unknown means]
8006,M,8 Jun 1980,7607,7416,fulgens,,1991-11-07,ROTTERDAM   8 Jun 1980 102437     Birth     Rodney        fulgens | KNOXVILLE  13 Jan 1983    731     Transfer | 7 Nov 1991            Death | [Death by: Other/Unknown        Unknown    No necropsy planned   Unknown after necropsy]
8095,?,9 Jun 1980,7607,7416,fulgens,,1980-06-09,ROTTERDAM    9 Jun 1980 102905    Birth                   fulgens | 9 Jun 1980           Death | [Death by: Unknown means]
8096,?,13 Jun 1980,7517,7320,fulgens,,1980-06-13,COLUMBUS   13 Jun 1980 802108     Birth                   fulgens | 13 Jun 1980            Death | [Death by: Injury from exhibit mate         Given to an institution:    Unknown (after necropsy)]
8097,?,13 Jun 1980,7517,7320,fulgens,,1980-06-13,COLUMBUS   13 Jun 1980 802107     Birth                   fulgens | 13 Jun 1980            Death | [Death by: Injury from exhibit mate         Given to an institution:    Unknown (after necropsy)]
8007,F,18 Jun 1980,7310,7309,fulgens,,1984-04-17,ROTTERDAM   18 Jun 1980 101524    Birth      LUCY         fulgens | LONDON RP    5 Aug 1981   A509    Transfer | BURFORD     18 Nov 1981   1064    Transfer | LONDON RP   22 May 1982   A509    Transfer | WHIPSNADE   23 Nov 1983 ______    Transfer | 17 Apr 1984           Death | [Death by: Unknown means]
8008,M,18 Jun 1980,7310,7309,fulgens,,1984-01-06,ROTTERDAM   18 Jun 1980 101523    Birth                   fulgens | DORTMUND     8 Dec 1980 ______    Transfer | 6 Jan 1984           Death | [Death by: Unknown means]
8090,M,18 Jun 1980,7710,7707,fulgens,,1980-07-18,NZP-CRC     18 Jun 1980 103545    Birth                   fulgens | 18 Jul 1980           Death | [Death by: Other/Unknown         Given to an institution:      Necropsy planned later]
8010,F,20 Jun 1980,7715,7515,fulgens,,1982-02-07,NZP-CRC       20 Jun 1980 103546     Birth     ANNA                 fulgens | 7 Feb 1982            Death | [Death by: Other/Unknown         Given to an institution:    Necropsy planned later]
8011,M,20 Jun 1980,7523,7612,fulgens,,1984-04-02,NZP-WASH   20 Jun 1980 103554     Birth     EUSTACE                  fulgens | NZP-CRC    22 Jan 1981 103554     Transfer | NZP-WASH    1 Jun 1981 103554     Transfer | TORONTO     3 Jun 1981 14490      Transfer | NZP-WASH    2 Apr 1984            Death | [Death by: Other/Unknown        Given to an institution:    Cardiovascular   Mechanical abnormality]
8091,?,20 Jun 1980,7523,7612,fulgens,,1980-06-20,NZP-WASH      20 Jun 1980 103555      Birth                         fulgens | 20 Jun 1980             Death | [Death by: Other/Unknown         Incinerate    Necropsy planned later]
8088,F,23 Jun 1980,6901,7307,fulgens,,1980-06-28,LODZ          23 Jun 1980   6834       Birth                        fulgens | 28 Jun 1980              Death | [Death by: Unknown means]
8087,F,27 Jun 1980,7816,7814,fulgens,,1980-11-19,KNOXVILLE     27 Jun 1980    269     Birth     Darlene              fulgens | 19 Nov 1980            Death | [Death by: Other/Unknown         Given to an institution:    Generalized    Nutrition]
8002,M,28 Jun 1980,7611,7614,fulgens,,1986-12-15,KNOXVILLE     28 Jun 1980    392       Birth      MARMALADE/        fulgens | CLEVELAND     25 Mar 1981 800309       Transfer | DENVER        26 Jan 1983 06312        Transfer | CLEVELAND      5 May 1983 800309       Transfer | 15 Dec 1986              Death | [Death by: Unknown means]
8093,M,28 Jun 1980,7611,7614,fulgens,,1980-07-27,KNOXVILLE     28 Jun 1980    391     Birth                          fulgens | 27 Jul 1980            Death | [Death by: Other/Unknown         Given to an institution:    Unknown (after necropsy)]
8094,F,28 Jun 1980,7611,7614,fulgens,,1980-07-28,KNOXVILLE  28 Jun 1980       343     Birth                          fulgens | 28 Jul 1980               Death | [Death by: Environ/Behav conditions         Mounted or Preserved:       Generalized      Nutrition]
8213,M,~ 1980,WILD,WILD,styani,,1983-01-23,TOKYOUENO     10 Mar 1982 ______       Transfer                     styani | 23 Jan 1983              Death | [Death by: Unknown means]
8218,M,~ 1980,WILD,WILD,styani,JAZGA,1988-09-29,ITOZU         15 Mar 1982 ______     Transfer            JAZGA 012C   styani | 29 Sep 1988            Death | [Death by: Unknown means]
8219,F,~ 1980,WILD,WILD,styani,JAZGA,1987-07-07,KYOTO          9 Oct 1982 ______     Transfer            JAZGA 014C   styani | 7 Jul 1987            Death | [Death by: Unknown means]
8220,F,~ 1980,WILD,WILD,styani,JAZGA,1991-07-30,NIHONDAIR      8 Oct 1982 ______     Transfer            JAZGA 013C   styani | 30 Jul 1991            Death | [Death by: Unknown means]
8321,F,~ 1980,WILD,WILD,styani,,1986-08-16,BEIJING          ????     ______     Transfer                         styani | COPENHAGE     13 Nov 1984 100818     Transfer | SANDIEGOZ     18 Jun 1986 031615     Transfer | 16 Aug 1986            Death | [Death by: Unknown means]
8423,F,~ 1980,WILD,WILD,styani,,1986-09-16,CHINA      ????       NONE      Capture   LILI                        styani | NANKING    ????     ______      Transfer | MELBOURNE | 22 May 1984 840186      Transfer | 16 Sep 1986             Death | [Death by: Infection associated   Incinerate    No necropsy planned]
8012,M,2 Jul 1980,7523,7411,fulgens,,1997-08-19,NZP-WASH    2 Jul 1980 103576     Birth     BLACK BART                fulgens | NZP-CRC    22 Jan 1981 103576     Transfer | NZP-WASH    2 Apr 1984 103576     Transfer | 19 Aug 1997            Death | [Death by: Euthanasia (medical)         Mounted or Preserved:    Unknown (after necropsy)]
8013,F,9 Jul 1980,7810,7809,fulgens,,1981-02-07,NZP-CRC        9 Jul 1980 103589     Birth     BLOOM                  fulgens | 7 Feb 1981            Death | [Death by: Other/Unknown         Given to an institution:    Necropsy planned later]
8014,F,9 Jul 1980,7810,7809,fulgens,,1990-12-01,NZP-CRC        9 Jul 1980 103590     Birth      POOKA                 fulgens | NZP-WASH       2 Apr 1984 103590     Transfer | 1 Dec 1990            Death | [Death by: Other/Unknown         Unknown   Necropsy planned later]
8015,F,8 Aug 1980,7514,7520,fulgens,,1984-11-07,"NZP-WASH       8 Aug 1980 103632     Birth      ODILE                 fulgens | NZP-CRC  2 Mar 1981 103632     Transfer | NZP-WASH 1 Jun 1981 103632     Transfer | TORONTO  3 Jun 1981 14491      Transfer | 7 Nov 1984            Death | [Death by: Other/Unknown        Given to an institution:    Cardiovascular   Circulatory, secondary]"
8092,M,8 Aug 1980,7514,7520,fulgens,,1980-08-12,NZP-WASH       8 Aug 1980 103631      Birth                   fulgens | 12 Aug 1980             Death | [Death by: Other/Unknown           Incinerate    Necropsy planned later]
8080,?,19 Dec 1980,7502,7503,,,1981-01-01,ADELAIDE | 19 Dec 1980 800048     Birth     'G'                    fulgens | 1 Jan 1981            Death | [Death by: Environ/Behav conditions   Unknown   No necropsy planned]
8081,F,19 Dec 1980,7502,7503,,,1981-01-07,ADELAIDE | 19 Dec 1980 800049     Birth     'H'                    fulgens | 7 Jan 1981            Death | [Death by: Environ/Behav conditions   Unknown   No necropsy planned]
8518,M,4 May 1981,UNK,UNK,,,1992-10-27,CHONGQING | 4 May 1981 ______     Birth     XIAO MING              styani | SEATTLE | 24 Nov 1985 10354      Transfer | 27 Oct 1992            Death | [Death by: Euthanasia (medical)   Unknown   No necropsy planned]
8119,M,1 Jun 1981,7302,7303,fulgens,,1995-12-31,ESKILSTUN      1 Jun 1981     81     Birth     ESKIL          fulgens | 31 Dec 1995            Death | [Death by: Infection associated           Unknown      Necropsy planned later   Unknown after necropsy]
8428,F,1 Jun 1981,UNK,UNK,styani,,1993-02-27,CHENGDU        1 Jun 1981 ______     Birth       YONG YONG    styani | TIMARU           ????     ______     Transfer | AUCKLAND      11 Jun 1986 MK1181     Transfer | 27 Feb 1993            Death | [Death by: Unknown means]
8111,F,6 Jun 1981,7705,7409,fulgens,,1989-10-27,MARWELL        6 Jun 1981     172     Birth      M0991        fulgens | WHIPSNADE     13 Sep 1984    L173     Transfer | 27 Oct 1989             Death | [Death by: Other/Unknown           Incinerate    No necropsy planned]
8183,M,6 Jun 1981,7705,7409,fulgens,,1981-06-12,MARWELL6 Jun 1981 100004             Birth     M3             fulgens | 12 Jun 1981                    Death | [Death by: Environ/Behav conditions   Incinerate           No necropsy planned]
8113,M,8 Jun 1981,7511,7913,fulgens,,1994-12-02,ROTTERDAM      8 Jun 1981 102328     Birth      HARI               fulgens | PLANCKNDL      8 Jul 1988 005002     Transfer | 2 Dec 1994            Death | [Death by: Unknown means]
8185,?,8 Jun 1981,7607,7416,fulgens,,1981-06-08,ROTTERDAM      8 Jun 1981 102907     Birth                         fulgens | 8 Jun 1981            Death | [Death by: Unknown means]
8186,?,8 Jun 1981,7511,7913,fulgens,,1981-06-08,ROTTERDAM      8 Jun 1981 102908     Birth                         fulgens | 8 Jun 1981            Death | [Death by: Unknown means]
8187,?,8 Jun 1981,7511,7913,fulgens,,1981-06-08,ROTTERDAM      8 Jun 1981 102909     Birth                         fulgens | 8 Jun 1981            Death | [Death by: Unknown means]
8188,F,8 Jun 1981,7209,7812,fulgens,,1981-06-08,NZP-WASH       8 Jun 1981 104098      Birth                        fulgens | 8 Jun 1981             Death | [Death by: Other/Unknown         Incinerate    Necropsy planned later]
8102,M,10 Jun 1981,7316,7807,fulgens,,1990-08-10,HELSINKI   10 Jun 1981 810033      Birth     TARZAN                fulgens | NZP-CRC     1 Dec 1982 105034      Transfer | NZP-WASH    2 Apr 1984 105034      Transfer | HOUSTON    25 Jun 1986   3742      Transfer | DALLAS     19 Dec 1987 876104      Transfer | 10 Aug 1990             Death | [Death by: Infection associated         Mounted or Preserved:    Generalized    Bacterial]
8103,F,10 Jun 1981,7316,7807,fulgens,,1994-09-23,HELSINKI      10 Jun 1981 810034      Birth     JANE               fulgens | ESKILSTUN      1 Jul 1982     82      Transfer | 23 Sep 1994             Death | [Death by: Environ/Behav conditions         Unknown      Necropsy planned later    Unknown after necropsy]
8189,M,10 Jun 1981,7710,7707,fulgens,,1981-06-12,NZP-CRC       10 Jun 1981 104100     Birth                         fulgens | 12 Jun 1981            Death | [Death by: Other/Unknown         Given to an institution:    Necropsy planned later]
8112,M,11 Jun 1981,7511,7913,fulgens,,1983-11-23,ROTTERDAM     11 Jun 1981 102329     Birth                         fulgens | ANTWERP       16 Dec 1982 M7898      Transfer | 23 Nov 1983            Death | [Death by: Unknown means]
8114,F,11 Jun 1981,7523,7612,fulgens,,1988-05-14,NZP-WASH      11 Jun 1981 104105     Birth     BUSTER               fulgens | NZP-CRC       27 Jan 1982 104105     Transfer | NZP-DZR       10 Jul 1987 104105     Transfer | COLUMBUS       8 Dec 1987 872174     Transfer | 14 May 1988            Death | [Death by: Other/Unknown         Given to an institution:    Unknown (after necropsy)]
8115,F,11 Jun 1981,7523,7612,fulgens,,1991-03-16,NZP-WASH      11 Jun 1981 104106     Birth      EMILY               fulgens | NZP-CRC       27 Jan 1982 104106     Transfer | NZP-WASH       3 Jan 1983 104106     Transfer | ANTWERP        4 Jan 1983 M7908      Transfer | ROTTERDAM      9 Feb 1984 102906     Transfer | ANTWERP       29 Nov 1984 M7908      Transfer | 16 Mar 1991            Death | [Death by: Unknown means]
8193,M,13 Jun 1981,7517,7320,fulgens,,1981-06-24,COLUMBUS      13 Jun 1981 812049     Birth                          fulgens | 24 Jun 1981            Death | [Death by: Other/Unknown         Given to an institution:    Necropsy planned later]
8194,F,13 Jun 1981,7517,7320,fulgens,,1981-12-09,COLUMBUS   13 Jun 1981 812050     Birth                             fulgens | 9 Dec 1981            Death | [Death by: Infection associated         Given to an institution:    Unknown (after necropsy)]
8184,?,14 Jun 1981,7505,7506,fulgens,,1981-06-16,PRAHA         14 Jun 1981 ______     Birth                          fulgens | 16 Jun 1981            Death | [Death by: Unknown means]
8180,F,17 Jun 1981,7904,7815,fulgens,,1981-07-19,DALLAS  17 Jun 1981 812952     Birth     BARGA                      fulgens | 19 Jul 1981            Death | [Death by: Environ/Behav conditions   Bury   No necropsy planned]
8181,F,17 Jun 1981,7904,7815,fulgens,,1981-07-18,DALLAS  17 Jun 1981 812951     Birth            ZANDA               fulgens | 18 Jul 1981            Death | [Death by: Environ/Behav conditions   Bury   Respiratory          Trauma]
8116,F,24 Jun 1981,7523,7411,fulgens,,1996-05-30,"NZP-WASH      24 Jun 1981 104127     Birth      GRETA               fulgens | NZP-CRC        5 Feb 1982 104127     Transfer | MINNESOTA     14 Sep 1982   3159     Transfer | NZP-CRC       23 Nov 1982 104127     Transfer | HELSINKI      16 Dec 1982 820049     Transfer | 30 May 1996                Death | [Death by: Euthanasia (medical)         Given to an institution:        Generalized   Circulatory, secondary]"
8121,M,25 Jun 1981,UNK,UNK,,,1984-03-02,SHIH CHIA | 25 Jun 1981 ______             Birth                          styani | BEIJING    ????     ______             Transfer | COPENHAGE | 13 Nov 1983 100819             Transfer | 2 Mar 1984                    Death | [Death by: Injury from exhibit mate   Rendered           Generalized    Trauma]
8190,M,25 Jun 1981,7710,7707,fulgens,,1981-07-05,NZP-CRC       25 Jun 1981 104124     Birth                            fulgens | 5 Jul 1981            Death | [Death by: Other/Unknown         Given to an institution:    Necropsy planned later]
8104,M,26 Jun 1981,7315,7601,fulgens,,1990-03-20,HELSINKI26 Jun 1981 810037     Birth              M5 ESKO             fulgens | MARWELL  7 Sep 1982    176     Transfer | 20 Mar 1990            Death | [Death by: Infection associated   Unknown   Musculoskeletal            Bacterial]
8105,M,26 Jun 1981,7315,7601,fulgens,,1994-06-10,HELSINKI   26 Jun 1981 810038     Birth     ESKIL                     fulgens | 10 Jun 1994            Death | [Death by: Euthanasia (medical)         Given to an institution:    Generalized   New growths/cancer]
8109,M,26 Jun 1981,7611,7614,fulgens,,1993-11-15,KNOXVILLE     26 Jun 1981    557       Birth      KEITH               fulgens | CINCINNAT      7 Dec 1982 M9075        Transfer | ST LOUIS      20 Dec 1988 088098       Transfer | 15 Nov 1993              Death | [Death by: Unknown means]
8110,F,26 Jun 1981,7611,7614,fulgens,,1996-02-02,KNOXVILLE     26 Jun 1981     556      Birth      Kelly               fulgens | 2 Feb 1996              Death | [Death by: Unknown means]
8101,M,28 Jun 1981,6802,7519,fulgens,,1991-10-01,DENVER        28 Jun 1981 05354        Birth      TONTO               fulgens | COLO SPRG     16 Mar 1982 101367       Transfer | DENVER        27 Nov 1984 05354        Transfer | 1 Oct 1991              Death | [Death by: Unknown means]
8106,M,28 Jun 1981,7816,7814,fulgens,,1989-10-21,KNOXVILLE     28 Jun 1981     560      Birth      HERB                fulgens | SAN FRAN       8 Dec 1982   18270      Transfer | S BARBARA     26 Jul 1984   29109      Transfer | 21 Oct 1989              Death | [Death by: Other/Unknown         Mounted or Preserved:    Unknown (after necropsy)]
8107,M,28 Jun 1981,7816,7814,fulgens,,1988-01-11,KNOXVILLE  28 Jun 1981   561     Birth     OLIVER                     fulgens | CINCINNAT   9 Dec 1982 M9074     Transfer | 11 Jan 1988           Death | [Death by: Other/Unknown        Unknown    Necropsy planned later  Unknown after necropsy]
8108,F,28 Jun 1981,7816,7814,fulgens,,1989-01-04,KNOXVILLE     28 Jun 1981     559     Birth     D3                    fulgens | SAN FRAN       2 Jul 1982 18244       Transfer | 4 Jan 1989             Death | [Death by: Other/Unknown         Incinerate    Hemic/Lymph   Unknown after necropsy]
8182,M,28 Jun 1981,6802,7519,fulgens,,1981-08-27,DENVER        28 Jun 1981   08689    Birth                            fulgens | 27 Aug 1981            Death | [Death by: Unknown means]
8009,M,1 Jul 1981,7310,7311,fulgens,,1991-02-05,ROTTERDAM      1 Jul 1981 102438     Birth      HANS                  fulgens | COLUMBUS      13 Jan 1983 832002     Transfer | 5 Feb 1991            Death | [Death by: Unknown means] | 8214     F       ????           WILD      WILD   TOKYOUENO 10 Mar 1982 ______       Transfer MIN-MIN      JAZGA 011C   styani | TOKYOTAMA 28 Feb 1990     211      Transfer | 10 Jan 1995              Death | [Death by: Other/Unknown        Given to an institution:    Nervous     Unknown after necropsy]
8319,M,~ 1981,WILD,WILD,styani,JAZGA,1990-07-15,KOBE PARK     22 Feb 1983 ______     Transfer            JAZGA 015C   styani | 15 Jul 1990            Death | [Death by: Unknown means]
8331,M,~ 1981,WILD,WILD,fulgens,,1983-04-11,GANGTOK        4 Apr 1983 ______     Transfer                         fulgens | 11 Apr 1983            Death | [Death by: Unknown means]
8332,F,~ 1981,WILD,WILD,fulgens,,1989-10-27,GANGTOK        4 Apr 1983 ______     Transfer                         fulgens | 27 Oct 1989            Death | [Death by: Unknown means]
8333,F,~ 1981,WILD,WILD,fulgens,,1984-06-07,GANGTOK        4 Apr 1983 ______     Transfer                         fulgens | 7 Jun 1984            Death | [Death by: Unknown means]
8424,M,~ 1981,WILD,WILD,styani,,1993-06-12,CHINA            ????       NONE     Capture   SU GAI             styani | GUANGZHOU        ????     ______     Transfer | LOSANGELE     26 Apr 1984 94699      Transfer | CLEVELAND     30 Oct 1991 911020     Transfer | 12 Jun 1993            Death | [Death by: Other/Unknown       Mounted or Preserved:    Digestive   Trauma]
8425,F,~ 1981,WILD,WILD,styani,,1998-06-25,CHINA            ????       NONE     Capture    LO MEIN           styani | GUANGZHOU        ????     ______     Transfer | LOSANGELE     26 Apr 1984 94700      Transfer | CLEVELAND     30 Oct 1991 911021     Transfer | 25 Jun 1998            Death | [Death by: Unknown means]
8825,M,~ 1981,WILD,WILD,styani,,1990-11-10,CHINA          ~ 1983    NONE     Capture                         styani | BEIJING      ????      ______     Transfer | SINGAPORE  2 Jul 1988     G48     Transfer | 10 Nov 1990             Death | [Death by: Anesth/Restraint assoc    Bury   Generalized    Unknown after necropsy]
8191,M,9 Jul 1981,7810,7809,fulgens,,1981-07-20,NZP-CRC        9 Jul 1981 104149     Birth                        fulgens | 20 Jul 1981            Death | [Death by: Other/Unknown       Given to an institution:    Necropsy planned later]
8192,M,9 Jul 1981,7810,7809,fulgens,,1981-07-09,NZP-CRC        9 Jul 1981 104155     Birth                        fulgens | 9 Jul 1981            Death | [Death by: Other/Unknown       Given to an institution:    Necropsy planned later]
8117,F,31 Jul 1981,7514,7520,fulgens,,1985-09-18,NZP-WASH      31 Jul 1981 104188     Birth      JENNIFER          fulgens | MINNESOTA     29 Nov 1982   3218     Transfer | 18 Sep 1985            Death | [Death by: Other/Unknown       Unknown   Necropsy planned later]
8118,F,31 Jul 1981,7514,7520,fulgens,,1991-02-12,NZP-WASH      31 Jul 1981 104189     Birth      TRACY             fulgens | NZP-CRC       23 Feb 1982 104189     Transfer | NZP-WASH       5 Jan 1983 104189     Transfer | CINCINNAT      6 Jan 1983 M9077      Transfer | KANSASCTY      9 Dec 1987 102182     Transfer | 12 Feb 1991            Death | [Death by: Unknown means]
8201,M,3 Jan 1982,7502,7503,fulgens,,1996-04-19,ADELAIDE       3 Jan 1982 820087     Birth      J                 fulgens | SYDNEY        21 Apr 1983 830075     Transfer | MOGO          18 Mar 1993 930004     Transfer | 19 Apr 1996            Death | [Death by: Unknown means]
8202,M,3 Jan 1982,7502,7503,fulgens,,1989-08-11,ADELAIDE   3 Jan 1982 820086     Birth      TENSING              fulgens | EDINBURGH 22 Mar 1983 830301     Transfer | BURFORD   11 Dec 1988   1070     Transfer | 11 Aug 1989            Death | [Death by: Environ/Behav conditions   Bury   Digestive    Toxicity]
8290,?,6 Jan 1982,7512,7509,fulgens,,1982-01-06,SYDNEY         6 Jan 1982 820148     Birth                       fulgens | 6 Jan 1982            Death | [Death by: Stillbirth       Unknown   No necropsy planned]
8287,?,12 Jun 1982,7607,7416,fulgens,,1982-06-15,ROTTERDAM     12 Jun 1982 102910     Birth                       fulgens | 15 Jun 1982            Death | [Death by: Unknown means]
8203,M,20 Jun 1982,7904,7815,fulgens,,1996-09-29,DALLAS        20 Jun 1982 823297     Birth     TSING TAO         fulgens | DENVER         4 May 1983 06172      Transfer | 29 Sep 1996            Death | [Death by: Other/Unknown       Unknown   Generalized   Unknown after necropsy]
8207,F,21 Jun 1982,7716,7721,fulgens,,1984-04-12,LINCOLN C     21 Jun 1982     249    Birth      BEAR             fulgens | DENVER        11 Feb 1983   06165    Transfer | 12 Apr 1984            Death | [Death by: Unknown means]
8208,F,21 Jun 1982,7716,7721,fulgens,,1988-09-24,LINCOLN C     21 Jun 1982     250    Birth      ALAYA            fulgens | DENVER        11 Feb 1983   06166    Transfer | 24 Sep 1988            Death | [Death by: Unknown means]
8209,M,21 Jun 1982,7716,7721,fulgens,,1984-02-20,LINCOLN C     21 Jun 1982    248     Birth     TIBETTE           fulgens | DENVER        11 Feb 1983 006160     Transfer | PHILADELP      3 May 1983 101221     Transfer | 20 Feb 1984            Death | [Death by: Other/Unknown       Mounted or Preserved:    Unknown (after necropsy)]
8215,M,21 Jun 1982,8011,8015,fulgens,,1986-05-31,TORONTO       21 Jun 1982 15864      Birth      TENSZING         fulgens | PHILADELP      5 May 1983 101222     Transfer | 31 May 1986            Death | [Death by: Other/Unknown         Rendered   Unknown (after necropsy)]
8291,M,21 Jun 1982,8011,8015,fulgens,,1982-07-02,TORONTO 21 Jun 1982 15871             Birth                     fulgens | 2 Jul 1982                   Death | [Death by: Environ/Behav conditions   Incinerate          Generalized      Trauma]
8292,F,21 Jun 1982,8011,8015,fulgens,,1982-06-24,TORONTO 21 Jun 1982 15872             Birth                     fulgens | 24 Jun 1982                   Death | [Death by: Environ/Behav conditions   Incinerate          Generalized      Trauma]
8283,?,23 Jun 1982,7901,8007,fulgens,,1982-06-24,LONDON RP     23 Jun 1982   1516      Birth                     fulgens | 24 Jun 1982             Death | [Death by: Unknown means]
8284,?,23 Jun 1982,7901,8007,fulgens,,1982-06-30,LONDON RP     23 Jun 1982   1517      Birth                     fulgens | 30 Jun 1982             Death | [Death by: Unknown means]
8285,?,23 Jun 1982,7901,8007,fulgens,,1982-06-30,LONDON RP     23 Jun 1982   1518      Birth                     fulgens | 30 Jun 1982             Death | [Death by: Unknown means]
8210,M,24 Jun 1982,7705,7706,fulgens,,1991-11-11,MARWELL       24 Jun 1982    174      Birth     M4              fulgens | COPENHAGE     19 Jan 1983 100711      Transfer | 11 Nov 1991             Death | [Death by: Euthanasia (medical)         Rendered      Necropsy planned later    Unknown after necropsy]
8211,F,24 Jun 1982,7705,7706,fulgens,,1991-10-02,MARWELL       24 Jun 1982    175      Birth        F6 HILLARY   fulgens | EDINBURGH      9 Feb 1983 830201      Transfer | MARWELL       19 Sep 1990    175      Transfer | YARMOUTH      28 Jun 1991 ______      Transfer | 2 Oct 1991             Death | [Death by: Unknown means]
8204,M,25 Jun 1982,7910,7804,fulgens,,1992-01-27,HILVARENB     25 Jun 1982 ______      Birth        CHERIE       fulgens | ROTTERDAM      4 Jan 1983 102345      Transfer | LEIPZIG       30 May 1984 M00358      Transfer | 27 Jan 1992             Death | [Death by: Unknown means]
8205,F,25 Jun 1982,7910,7804,fulgens,,1993-02-22,HILVARENB     25 Jun 1982 M82001      Birth        HANNIE       fulgens | ROTTERDAM      4 Jan 1983 102436      Transfer | KREFELD       30 May 1984    641      Transfer | COPENHAGE     16 Nov 1987 101007      Transfer | 22 Feb 1993             Death | [Death by: Unknown means]
8216,M,26 Jun 1982,7523,7411,fulgens,,1990-07-20,NZP-WASH  26 Jun 1982 104764          Birth     MICHAEL           fulgens | NZP-CRC    5 Jan 1983 104764          Transfer | NZP-WASH   8 Jan 1985 104764          Transfer | RIO GRAND 27 Jan 1985   2103          Transfer | 20 Jul 1990                 Death | [Death by: Other/Unknown        Given to an institution:    Digestive        New growths/cancer]
8293,?,26 Jun 1982,7523,7411,fulgens,,1982-06-26,NZP-WASH      26 Jun 1982 104762      Birth                       fulgens | 26 Jun 1982             Death | [Death by: Other/Unknown         Incinerate    Necropsy planned later]
8294,?,26 Jun 1982,7523,7411,fulgens,,1982-07-02,NZP-WASH      26 Jun 1982 104763      Birth                       fulgens | 2 Jul 1982             Death | [Death by: Unknown means]
8295,M,27 Jun 1982,7523,7612,fulgens,,1982-10-26,NZP-WASH      27 Jun 1982 104765      Birth                       fulgens | 26 Oct 1982             Death | [Death by: Other/Unknown         Incinerate    Necropsy planned later]
8217,F,28 Jun 1982,7209,7812,fulgens,,1987-05-29,NZP-WASH  28 Jun 1982 104770          Birth     CHANDRA           fulgens | NZP-CRC   22 Apr 1983 104770          Transfer | LINCOLN C  7 Nov 1984    389          Transfer | 29 May 1987                 Death | [Death by: Other/Unknown        Given to an institution:    Endocrine        Mechanical abnormality]
8286,M,28 Jun 1982,7505,7506,fulgens,,1982-06-30,PRAHA         28 Jun 1982 ______      Birth                       fulgens | 30 Jun 1982             Death | [Death by: Unknown means]
8296,M,28 Jun 1982,8012,8014,fulgens,,1982-06-30,NZP-CRC       28 Jun 1982 104767     Birth                        fulgens | 30 Jun 1982            Death | [Death by: Other/Unknown         Given to an institution:    Necropsy planned later]
8297,F,28 Jun 1982,8012,8014,fulgens,,1982-06-28,NZP-CRC       28 Jun 1982 104768     Birth                        fulgens | 28 Jun 1982            Death | [Death by: Other/Unknown         Given to an institution:    Necropsy planned later]
8298,M,28 Jun 1982,7209,7812,fulgens,,1982-09-04,NZP-WASH      28 Jun 1982 104769      Birth                               fulgens | 4 Sep 1982             Death | [Death by: Other/Unknown         Incinerate    Necropsy planned later]
8938,F,29 Jun 1982,UNK,UNK,styani,,1999-12-03,CHENGDU       29 Jun 1982 ______      Birth      03          JAZGA 119C   styani | SHANGHAI           ~ 1984 ______      Transfer | OSAKA          6 Nov 1989    404      Transfer | 3 Dec 1999             Death | [Death by: Unknown means]
8421,M,~ 1982,WILD,WILD,fulgens,,1989-11-04,NEPAL              ~ 1983   NONE      Capture    CHYANGBA                 fulgens | MADRID Z       7 Jul 1984    PR1      Transfer | 4 Nov 1989             Death | [Death by: Unknown means]
8426,F,~ 1982,WILD,WILD,styani,JAZGA,1998-09-28,CHINA            ????       NONE      Capture                JAZGA 020C   styani | SABAE          2 Apr 1985 ______      Transfer | 28 Sep 1998             Death | [Death by: Unknown means] | 8427   F      ????           WILD    WILD     CHINA            ????       NONE      Capture                JAZGA 021C   styani | SABAE          2 Apr 1986 ______      Transfer | 27 Feb 1988             Death | [Death by: Unknown means]
8430,F,~ 1982,WILD,WILD,styani,JAZGA,1988-08-16,TOKYOTAMA      8 Apr 1984 ______      Transfer               JAZGA 019C   styani | 16 Aug 1988             Death | [Death by: Unknown means] | 8535   F      ????           WILD    WILD     CHINA         ????       NONE     Capture                    JAZGA 023C   styani | NAGANO     19 Mar 1985 ______     Transfer | 8 Oct 2000            Death | [Death by: Old age      Unknown   Unknown (after necropsy)]
8629,M,~ 1982,WILD,WILD,styani,,1995-10-31,POLARPARK          ~ 1983 ______      Transfer NAPOLEON                   styani | COLUMBUS       7 Aug 1986 862058      Transfer | CLEVELAND     29 Dec 1988 881216      Transfer | 31 Oct 1995             Death | [Death by: Other/Unknown         Incinerate    Digestive   Unknown after necropsy]
8630,F,~ 1982,WILD,WILD,styani,,1988-12-25,POLARPARK          ~ 1983 ______      Transfer   JOSEPHINE                styani | COLUMBUS    7 Aug 1986 862059     Transfer | 25 Dec 1988            Death | [Death by: Infection associated         Given to an institution:    Cardiovascular   Unknown after necropsy]
8826,F,~ 1982,WILD,WILD,styani,,1990-11-10,CHINA        ~ 1983    NONE     Capture                              styani | BEIJING    ????      ______     Transfer | SINGAPORE | 20 Jan 1989     G49     Transfer | 10 Nov 1990             Death | [Death by: Anesth/Restraint assoc    Bury   Generalized    Unknown after necropsy]
8206,F,9 Jul 1982,7611,7614,fulgens,,1983-02-09,KNOXVILLE9 Jul 1982     693      Birth     Miles                     fulgens | NZP-WASH17 Jan 1983 105003       Transfer | 9 Feb 1983              Death | [Death by: Infection associated   Incinerate     Necropsy planned later]
8299,F,9 Jul 1982,7611,7614,fulgens,,1982-07-09,KNOXVILLE 9 Jul 1982    692     Birth                                fulgens | 9 Jul 1982            Death | [Death by: Stillbirth      Given to an institution:     Generalized   Genetic/Prenatal]
8288,M,13 Jul 1982,7319,7714,fulgens,,1982-07-13,SEATTLE       13 Jul 1982 21381      Birth                           fulgens | 13 Jul 1982            Death | [Death by: Stillbirth         Incinerate   No necropsy planned]
8289,F,13 Jul 1982,7319,7714,fulgens,,1982-07-13,SEATTLE       13 Jul 1982 21382      Birth                           fulgens | 13 Jul 1982            Death | [Death by: Stillbirth         Incinerate   No necropsy planned]
8281,?,10 Dec 1982,7701,7920,fulgens,,1982-12-15,ADELAIDE      10 Dec 1982 820089     Birth      'L'                  fulgens | 15 Dec 1982            Death | [Death by: Unknown means]
8212,F,11 Dec 1982,7512,7509,fulgens,,1996-07-18,SYDNEY        11 Dec 1982 820051     Birth      ME-SING              fulgens | MOGO          18 Mar 1993 930005     Transfer | 18 Jul 1996            Death | [Death by: Unknown means]
8327,M,1 Jun 1983,UNK,UNK,styani,,1988-02-14,"WUHAN          1 Jun 1983 ______      Birth     QING QING            styani | CLEVELAND      4 Jul 1987 870711      Transfer | 14 Feb 1988             Death | [Death by: Infection associated         Unknown      Generalized    Circulatory, secondary]"
8328,F,1 Jun 1983,UNK,UNK,styani,,1989-03-23,WUHAN          1 Jun 1983 ______     Birth      XIAO BAI             styani | CLEVELAND      4 Jul 1987 870712      Transfer | 23 Mar 1989             Death | [Death by: Other/Unknown       Incinerate    Digestive   Trauma]
8311,M,4 Jun 1983,7511,7913,fulgens,,1999-02-28,"ROTTERDAM      4 Jun 1983 102511      Birth      AR-38, LAR     fulgens | ANTWERP       29 May 1984 M8129B      Transfer | ZURICH         9 Oct 1991 910001      Transfer | AMSTERDAM     27 Sep 1994 M94143      Transfer | 28 Feb 1999             Death | [Death by: Unknown means]"
8303,M,7 Jun 1983,7316,7807,fulgens,,1988-04-04,HELSINKI       7 Jun 1983 830044     Birth       ATIK           fulgens | 4 Apr 1988            Death | [Death by: Other/Unknown       Unknown   Necropsy planned later]
8304,F,7 Jun 1983,7316,7807,fulgens,,1995-08-03,HELSINKI       7 Jun 1983 830045      Birth      ACCA           fulgens | COPENHAGE     18 Oct 1984 100820      Transfer | ROTTERDAM     18 Nov 1987 103501      Transfer | PLANCKNDL     27 Dec 1988 005003      Transfer | FONTAINE      13 Mar 1992 77AF4       Transfer | 3 Aug 1995             Death | [Death by: Unknown means]
8305,F,7 Jun 1983,7316,7807,fulgens,,1993-08-23,HELSINKI       7 Jun 1983 830046      Birth     AMY             fulgens | SEATTLE       21 Oct 1984 10228       Transfer | NZP-DZR       16 Jun 1987 107693      Transfer | NZP-CRC       25 Jul 1987 107693      Transfer | NZP-WASH       8 Dec 1987 107693      Transfer | 30 Jul 1993 107693      Transfer | 23 Aug 1993             Death | [Death by: Other/Unknown       Incinerate    Necropsy planned later]
8309,F,12 Jun 1983,7912,8117,fulgens,,1987-01-11,MINNESOTA 12 Jun 1983   3465      Birth                         fulgens | KANSASCTY  7 Nov 1984 101878      Transfer | 11 Jan 1987             Death | [Death by: Infection associated   Incinerate    Cardiovascular        Bacterial]
8310,F,12 Jun 1983,7912,8117,fulgens,,1996-06-05,MINNESOTA     12 Jun 1983    3466     Birth      PANDORA        fulgens | DENVER        23 Nov 1984   08065     Transfer | 5 Jun 1996             Death | [Death by: Unknown means]
8519,F,15 Jun 1983,UNK,UNK,,,1997-07-21,CHONGQING | 15 Jun 1983 ______     Birth     LILI                          styani | SEATTLE 24 Nov 1985 10355      Transfer | 21 Jul 1997            Death | [Death by: Euthanasia (medical)   Unknown   No necropsy planned]
8329,M,16 Jun 1983,8016,8219,styani,JAZGA,1987-06-18,KYOTO         16 Jun 1983 ______     Birth                JAZGA 017C   styani | 18 Jun 1987            Death | [Death by: Unknown means]
8330,F,16 Jun 1983,8016,8219,styani,JAZGA,1987-06-29,KYOTO         16 Jun 1983 ______     Birth                JAZGA 018C   styani | 29 Jun 1987            Death | [Death by: Unknown means]
8312,F,24 Jun 1983,7523,7612,fulgens,,1985-01-10,NZP-WASH  24 Jun 1983 105460     Birth     LISA                        fulgens | NZP-CRC    2 Apr 1984 105460     Transfer | COLUMBUS   7 Nov 1984 842109     Transfer | 10 Jan 1985            Death | [Death by: Other/Unknown        Given to an institution:    Cardiovascular   Unknown after necropsy]
8313,F,24 Jun 1983,7523,7612,fulgens,,1998-10-28,NZP-WASH24 Jun 1983 105526     Birth     MEI HA                        fulgens | NZP-CRC  2 Apr 1984 105526     Transfer | CINCINNAT7 Nov 1984 M9082      Transfer | ST LOUIS20 Dec 1988 088099     Transfer | 28 Oct 1998            Death | [Death by: Euthanasia (medical)   Unknown   Unknown (after necropsy)]
8393,M,25 Jun 1983,7209,7812,fulgens,,1983-09-13,NZP-WASH25 Jun 1983 105461      Birth                                  fulgens | 13 Sep 1983             Death | [Death by: Injury from predator   Incinerate    Generalized          Trauma]
8394,F,25 Jun 1983,7209,7812,fulgens,,1983-11-21,NZP-WASH      25 Jun 1983 105462      Birth                            fulgens | 21 Nov 1983             Death | [Death by: Other/Unknown         Incinerate    Necropsy planned later]
8308,F,27 Jun 1983,8001,8007,fulgens,,1988-05-31,LONDON RP     27 Jun 1983   A510     Birth       F7                    fulgens | MARWELL       19 Dec 1984    348     Transfer | LONDON RP     24 May 1985   A510     Transfer | MARWELL       12 Nov 1985    348     Transfer | 28 Nov 1985    348     Transfer | LONDON RP     16 May 1986   A510     Transfer | 31 May 1988            Death | [Death by: Unknown means]
8335,M,27 Jun 1983,7708,7905,fulgens,,1983-06-27,ZURICH        27 Jun 1983 830001     Birth                        fulgens | 27 Jun 1983            Death | [Death by: Stillbirth       Given to an institution:    Generalized       Trauma]
8387,?,27 Jun 1983,8001,8007,fulgens,,1983-07-04,LONDON RP     27 Jun 1983   1521     Birth                        fulgens | 4 Jul 1983            Death | [Death by: Unknown means]
8388,M,27 Jun 1983,8001,8007,fulgens,,1983-06-28,LONDON RP     27 Jun 1983   1520     Birth                        fulgens | 28 Jun 1983            Death | [Death by: Unknown means]
8389,M,27 Jun 1983,8001,8007,fulgens,,1983-08-09,LONDON RP     27 Jun 1983   1522     Birth      RUPERT            fulgens | 9 Aug 1983            Death | [Death by: Unknown means]
8399,M,27 Jun 1983,7708,7905,fulgens,,1983-06-27,ZURICH        27 Jun 1983 830002     Birth                        fulgens | 27 Jun 1983            Death | [Death by: Other/Unknown       Given to an institution:    Necropsy planned later]
8306,M,28 Jun 1983,7716,7721,fulgens,,1999-05-31,LINCOLN C     28 Jun 1983     314     Birth     POOH              fulgens | ZOOL U FL     29 Sep 1984 ______      Transfer | KANSASCTY     25 Feb 1985 101910      Transfer | 31 May 1999             Death | [Death by: Other/Unknown       Incinerate    Unknown (after necropsy)]
8307,F,28 Jun 1983,7716,7721,fulgens,,1998-09-21,LINCOLN C     28 Jun 1983    316     Birth      SHANGHAI          fulgens | ZOOL U.FL     29 Sep 1984 ______     Transfer | HOUSTON       25 Feb 1985   3071     Transfer | LANSING       29 Oct 1991   1636     Transfer | 21 Sep 1998            Death | [Death by: Unknown means]
8314,F,28 Jun 1983,8012,8014,fulgens,,1985-07-09,NZP-CRC       28 Jun 1983 105469      Birth     LITTLE BET        fulgens | NZP-WASH      14 Nov 1984 105469      Transfer | 9 Jul 1985             Death | [Death by: Other/Unknown       Incinerate    Necropsy planned later]
8315,F,28 Jun 1983,8012,8014,fulgens,,1983-07-06,NZP-CRC       28 Jun 1983 105470     Birth                        fulgens | 6 Jul 1983            Death | [Death by: Other/Unknown       Unknown   Necropsy planned later]
8386,M,28 Jun 1983,7716,7721,fulgens,,1983-07-13,LINCOLN C     28 Jun 1983     315     Birth                               fulgens | 13 Jul 1983             Death | [Death by: Other/Unknown       Incinerate    Necropsy planned later]
8380,M,29 Jun 1983,8112,8115,fulgens,,1983-07-18,ANTWERP       29 Jun 1983   M8001    Birth                                fulgens | 18 Jul 1983            Death | [Death by: Unknown means]
8378,?,30 Jun 1983,7611,7614,fulgens,,1983-06-30,KNOXVILLE     30 Jun 1983    808     Birth                                fulgens | 30 Jun 1983            Death | [Death by: Other/Unknown       Given to an institution:    No necropsy planned]
8379,?,30 Jun 1983,7611,7614,fulgens,,1983-06-30,KNOXVILLE    30 Jun 1983    809      Birth                                fulgens | 30 Jun 1983             Death | [Death by: Stillbirth      Given to an institution:     No necropsy planned]
8316,F,1 Jul 1983,8102,7411,fulgens,,1985-09-13,NZP-CRC        1 Jul 1983 105480      Birth     HUFF & PUF                fulgens | PHILADELP      7 Nov 1984 101358      Transfer | 13 Sep 1985             Death | [Death by: Other/Unknown       Incinerate    Necropsy planned later]
8422,F,~ 1983,WILD,WILD,fulgens,,1992-09-06,NEPAL              ~ 1983    NONE    Capture    MAICHYANGB                fulgens | MADRID Z       7 Jul 1984     PR2    Transfer | 6 Sep 1992            Death | [Death by: Unknown means]
8528,M,~ 1983,WILD,WILD,styani,JAZGA,1990-11-24,SABAE          2 Apr 1985 ______     Transfer                JAZGA 024C   styani | 24 Nov 1990            Death | [Death by: Unknown means]
8529,M,~ 1983,WILD,WILD,styani,JAZGA,1989-01-18,CHIBA SHI     19 Jun 1985 ______     Transfer                JAZGA 034C   styani | 18 Jan 1989            Death | [Death by: Unknown means]
8530,F,~ 1983,WILD,WILD,styani,JAZGA,1990-05-30,CHINA            ????       NONE     Capture                 JAZGA 035C   styani | KUSHIRO Z     11 Jul 1989 ______     Transfer | 30 May 1990            Death | [Death by: Unknown means]
8531,M,~ 1983,WILD,WILD,styani,JAZGA,1993-12-04,CHINA            ????       NONE     Capture                 JAZGA 025C   styani | YUKI          30 Apr 1985 ______     Transfer | 4 Dec 1993            Death | [Death by: Unknown means]
8532,F,~ 1983,WILD,WILD,styani,JAZGA,1991-12-08,CHINA           ????       NONE     Capture               JAZGA 026C   styani | YUKI         30 Apr 1985 ______     Transfer | 8 Dec 1991            Death | [Death by: Unknown means]
8534,M,~ 1983,WILD,WILD,styani,JAZGA,1990-03-19,CHINA           ????       NONE     Capture               JAZGA 022C   styani | NAGANO       19 Mar 1985 ______     Transfer | 19 Mar 1990            Death | [Death by: Unknown means]
8764,M,~ 1983,WILD,WILD,styani,,1999-08-09,SZECHWAN        ????       NONE     Capture    ANTI                    styani | BEIJING         ????     ______     Transfer | WARSAW       15 Jul 1987 S2309      Transfer | TORONTO      16 Jun 1993 28489      Transfer | 9 Aug 1999            Death | [Death by: Other/Unknown        Unknown   Necropsy planned later]
8765,F,~ 1983,WILD,WILD,styani,,1999-04-21,SZECHWAN        ????       NONE      Capture   SENNA                   styani | BEIJING         ????     ______      Transfer | WARSAW       15 Jul 1987 S2310A      Transfer | TORONTO      16 Jun 1993 28490       Transfer | 21 Apr 1999             Death | [Death by: Euthanasia (medical)         Incinerate     Musculoskeletal    Mechanical abnormality]
8384,M,2 Jul 1983,7904,7815,fulgens,,1983-07-06,DALLAS        2 Jul 1983 833699      Birth                             fulgens | 6 Jul 1983             Death | [Death by: Other/Unknown        Incinerate    Necropsy planned later]
8385,F,2 Jul 1983,7904,7815,fulgens,,1983-07-07,DALLAS   2 Jul 1983 833700          Birth                              fulgens | 7 Jul 1983                 Death | [Death by: Injury from exhibit mate   Incinerate        Necropsy planned later]
8395,?,2 Jul 1983,8102,7411,fulgens,,1983-07-10,NZP-CRC       2 Jul 1983 105481     Birth                              fulgens | 10 Jul 1983            Death | [Death by: Unknown means]
8396,?,2 Jul 1983,8102,7411,fulgens,,1983-07-10,NZP-CRC       2 Jul 1983 105482     Birth                              fulgens | 10 Jul 1983            Death | [Death by: Unknown means]
8317,M,4 Jul 1983,7607,8114,fulgens,,1994-03-23,NZP-CRC     4 Jul 1983 105483     Birth     PATRICK               fulgens | KNOXVILLE   8 May 1985    979     Transfer | 30 Jun 1993    979     Transfer | 23 Mar 1994            Death | [Death by: Euthanasia (medical)         Given to an institution:    Generalized   Unknown after necropsy]
8318,F,4 Jul 1983,7607,8114,fulgens,,1999-06-14,"NZP-CRC     4 Jul 1983 105484     Birth     MING LI                fulgens | UTICA      16 Jun 1989 189042     Transfer | 14 Jun 1999            Death | [Death by: Euthanasia (medical)         Given to an institution:    Cardiovascular   Circulatory, secondary]"
8322,F,4 Jul 1983,8006,8110,fulgens,,1992-01-19,KNOXVILLE4 Jul 1983    810     Birth     SINDY                    fulgens | LEIPZIG  2 Aug 1984 M00360     Transfer | 19 Jan 1992            Death | [Death by: Infection associated   Unknown   Generalized   Viral]
8323,F,4 Jul 1983,8006,8110,fulgens,,2001-07-27,KNOXVILLE4 Jul 1983   811     Birth     Jade                      fulgens | RIO GRAND1 Jun 1984  2102     Transfer | PORTLAND20 Nov 1991 91306     Transfer | OR WILDLF | 29 Sep 1998 83511     Transfer | 27 Jul 2001           Death | [Death by: Infection associated   Unknown  Respiratory   Bacterial]
8381,M,4 Jul 1983,7710,7707,fulgens,,1983-07-04,BALTIMORE4 Jul 1983 84001            Birth                        fulgens | 4 Jul 1983                  Death | [Death by: Environ/Behav conditions   Incinerate         Generalized   Trauma]
8391,M,7 Jul 1983,8011,8015,fulgens,,1983-07-27,TORONTO  7 Jul 1983 17761            Birth                        fulgens | 27 Jul 1983                  Death | [Death by: Environ/Behav conditions   Incinerate         Generalized   Trauma]
8392,?,7 Jul 1983,8011,8015,fulgens,,1983-08-15,TORONTO  7 Jul 1983 17762            Birth                        fulgens | 15 Aug 1983                  Death | [Death by: Injury from exhibit mate   Incinerate         Generalized   Trauma]
8382,F,9 Jul 1983,8107,8118,fulgens,,1983-12-11,CINCINNAT      9 Jul 1983 M9079      Birth                        fulgens | 11 Dec 1983            Death | [Death by: Other/Unknown         Mounted or Preserved:    Unknown (after necropsy)]
8383,F,9 Jul 1983,8107,8118,fulgens,,1983-12-25,CINCINNAT      9 Jul 1983   M9078    Birth                        fulgens | 25 Dec 1983            Death | [Death by: Environ/Behav conditions       Rendered    Digestive     Metabolism]
8397,M,13 Jul 1983,7810,7809,fulgens,,1983-07-20,NZP-CRC       13 Jul 1983 105504     Birth                                  fulgens | 20 Jul 1983            Death | [Death by: Other/Unknown       Unknown   Necropsy planned later]
8398,F,13 Jul 1983,7810,7809,fulgens,,1983-09-09,NZP-CRC       13 Jul 1983 105505     Birth                                  fulgens | 9 Sep 1983            Death | [Death by: Other/Unknown       Unknown   Necropsy planned later]
8324,F,17 Jul 1983,7816,7814,fulgens,,1986-07-30,KNOXVILLE     17 Jul 1983    819      Birth       KWAICHANG                 fulgens | RIO GRAND      1 Jun 1984   2101      Transfer | HOUSTON       22 Jan 1985   3061      Transfer | 30 Jul 1986             Death | [Death by: Unknown means]
8325,F,18 Jul 1983,7816,7814,fulgens,,1994-03-08,KNOXVILLE     18 Jul 1983    818      Birth       Hop Sing                  fulgens | KREFELD       31 Jan 1984     32      Transfer | COPENHAGE      3 Dec 1990 101355      Transfer | 8 Mar 1994             Death | [Death by: Unknown means]
8390,?,1 Aug 1983,7908,7903,fulgens,,1983-08-01,ROTTERDAM      1 Aug 1983 102912      Birth                                 fulgens | 1 Aug 1983             Death | [Death by: Unknown means]
8301,M,9 Dec 1983,7701,7920,fulgens,,1995-06-28,ADELAIDE   9 Dec 1983 830068     Birth     ADRIAN                           fulgens | SYDNEY    14 Aug 1984 840060     Transfer | LONDON RP 10 Jul 1986   A511     Transfer | KRISTIANS 24 Jan 1989 FMAD83     Transfer | HUNBSTRND 30 Jul 1992 920153     Transfer | 28 Jun 1995            Death | [Death by: Euthanasia (medical)   Mounted or Preserved:    Generalized             Trauma]
8302,F,9 Dec 1983,7701,7920,fulgens,,1996-04-26,ADELAIDE   9 Dec 1983 830069     Birth     'N'                              fulgens | 26 Apr 1996            Death | [Death by: Euthanasia (medical)   Unknown   Generalized   Metabolism]
8429,M,10 Jun 1984,8119,8103,fulgens,JAZGA,1995-09-18,ESKILSTUN     10 Jun 1984 ______      Birth                    JAZGA 176H   fulgens | ZOOANIMAL     24 Sep 1991    144      Transfer | TOBU          26 Oct 1991 ______      Transfer | 18 Sep 1995             Death | [Death by: Unknown means]
8403,F,12 Jun 1984,7710,7707,fulgens,,1987-07-13,BALTIMORE     12 Jun 1984 84122      Birth                               fulgens | NZP-WASH      25 Jun 1984 106047     Transfer | NZP-CRC       25 Feb 1985 106047     Transfer | BUFFALO       15 May 1985 85M125     Transfer | NZP-DZR        7 Jul 1987 106047     Transfer | 13 Jul 1987            Death | [Death by: Other/Unknown         Given to an institution:    Necropsy planned later]
8480,F,12 Jun 1984,7710,7707,fulgens,,1984-06-12,BALTIMORE     12 Jun 1984 84118       Birth                              fulgens | 12 Jun 1984             Death | [Death by: Other/Unknown         Incinerate    Necropsy planned later]
8410,M,14 Jun 1984,7511,7913,fulgens,,1996-11-01,"ROTTERDAM  14 Jun 1984 102651     Birth     CASPERI                      fulgens | HELSINKI   20 Nov 1985 850107     Transfer | 1 Nov 1996            Death | [Death by: Euthanasia (medical)         Given to an institution:    Generalized   Circulatory, secondary]"
8411,F,14 Jun 1984,7511,7913,fulgens,,1994-10-27,ROTTERDAM     14 Jun 1984 102629      Birth     WHITE FACE               fulgens | BURFORD       26 Apr 1985    1068     Transfer | WHIPSNADE     28 Nov 1989    L593     Transfer | 27 Oct 1994             Death | [Death by: Other/Unknown         Incinerate    Hemic/Lymph   Unknown after necropsy]
8412,F,14 Jun 1984,7511,7913,fulgens,,1986-06-28,ROTTERDAM     14 Jun 1984 102630     Birth      LILI                     fulgens | 28 Jun 1986            Death | [Death by: Other/Unknown         Unknown]
8431,M,17 Jun 1984,UNK,UNK,styani,,1996-07-29,SHANGHAI      17 Jun 1984 ______     Birth      16          JAZGA 062C   styani | YOKOHAMA      26 Nov 1987 940292     Transfer | 29 Jul 1996            Death | [Death by: Unknown means]
8404,M,26 Jun 1984,7316,7807,fulgens,,1990-08-29,HELSINKI      26 Jun 1984 840048     Birth      AR-32\BEX                fulgens | AMSTERDAM     22 Nov 1985 M85056     Transfer | 29 Aug 1990            Death | [Death by: Unknown means]
8405,F,26 Jun 1984,7316,7807,fulgens,,1986-01-07,HELSINKI      26 Jun 1984 840049     Birth      BIGGI                    fulgens | ROTTERDAM     22 Nov 1985 102730     Transfer | 7 Jan 1986            Death | [Death by: Other/Unknown           Unknown]
8409,M,26 Jun 1984,7705,7706,fulgens,,1993-01-18,MARWELL    26 Jun 1984        M6     Birth      PADDY          fulgens | BURFORD    26 Nov 1984      1067     Transfer | MARWELL    19 Jul 1989       311     Transfer | BURFORD    29 Nov 1989      1067     Transfer | 18 Jan 1993               Death | [Death by: Euthanasia (medical)           Given to an institution:       Musculoskeletal    Trauma]
8419,M,27 Jun 1984,7607,8114,fulgens,,1992-01-20,NZP-CRC       27 Jun 1984 106044     Birth     BENJA           fulgens | BUFFALO       15 May 1985 85M123     Transfer | 20 Jan 1992            Death | [Death by: Other/Unknown           Given to an institution:    No necropsy planned]
8420,F,27 Jun 1984,7607,8114,,,1987-12-24,NZP-CRC | 27 Jun 1984 106046      Birth     VERYL                  fulgens | BUFFALO | 15 May 1985 85M124      Transfer | COLUMBUS | 15 Nov 1985 852121      Transfer | CLEVELAND | 11 Dec 1987 871204      Transfer | 24 Dec 1987             Death | [Death by: Infection associated   Incinerate    Generalized   Toxicity]
8486,F,27 Jun 1984,7607,8114,fulgens,,1984-07-26,NZP-CRC       27 Jun 1984 106045     Birth                     fulgens | 26 Jul 1984            Death | [Death by: Other/Unknown           Unknown   Necropsy planned later]
8487,F,27 Jun 1984,UNK,8430,styani,,1984-07-07,TOKYOTAMA     27 Jun 1984 ______     Birth                     styani | 7 Jul 1984            Death | [Death by: Unknown means]
8483,F,29 Jun 1984,7904,7815,fulgens,,1984-07-30,DALLAS29 Jun 1984 844079     Birth     NIKKI                   fulgens | 30 Jul 1984            Death | [Death by: Injury from exhibit mate   Unknown   Musculoskeletal   Trauma]
8408,M,1 Jul 1984,8006,8110,fulgens,,1990-01-02,KNOXVILLE1 Jul 1984    906           Birth     Kim             fulgens | LINCOLN C | 12 Dec 1985    438           Transfer | 2 Jan 1990                  Death | [Death by: Other/Unknown        Given to an institution:    Hemic/Lymph         Unknown after necropsy]
8415,M,1 Jul 1984,8012,8014,fulgens,,1997-09-09,NZP-WASH       1 Jul 1984 106058     Birth      LEWEY          fulgens | NZP-CRC       24 May 1985 106058     Transfer | NZP-DZR       17 Jun 1986 106058     Transfer | OMAHA          9 Jul 1987   5084     Transfer | LINCOLN C     15 Apr 1997    1181     Transfer | 9 Sep 1997             Death | [Death by: Infection associated           Unknown      Generalized    Unknown after necropsy]
8416,F,1 Jul 1984,8012,8014,fulgens,,1990-10-15,NZP-WASH       1 Jul 1984 106059      Birth      DAISY             fulgens | NZP-CRC       24 May 1985 106059      Transfer | HIGASHIIZ      4 Nov 1985 ______      Transfer | 15 Oct 1990             Death | [Death by: Unknown means]
8417,M,1 Jul 1984,7523,7612,fulgens,,1999-10-24,NZP-WASH       1 Jul 1984 106056      Birth      HUEY              fulgens | NZP-CRC        9 May 1985 106056      Transfer | NZP-WASH       4 Nov 1985 106056      Transfer | HIGASHIIZ      5 Nov 1985 ______      Transfer | 31 Dec 1997 ______      Transfer | 24 Oct 1999             Death | [Death by: Unknown means]
8418,M,1 Jul 1984,7523,7612,fulgens,,2002-08-17,NZP-WASH    1 Jul 1984 106057         Birth     DEWEY              fulgens | NZP-CRC     9 May 1985 106057         Transfer | NZP-DZR    17 Jun 1986 106057         Transfer | NZP-CRC    21 Jul 1987 106057         Transfer | GREENVISC   8 Jun 1988 880138         Transfer | KNOXVILLE   6 Dec 1995   1687         Transfer | 17 Aug 2002                Death | [Death by: Old age        Given to an institution:        Urinary   New growths/cancer]
8516,M,~ 1984,WILD,WILD,styani,,1992-09-27,CHINA      ????        NONE     Capture   MOU                      styani | BEIJING    ????     ______      Transfer | CINCINNAT | 15 Oct 1985 M9085       Transfer | 27 Sep 1992             Death | [Death by: Other/Unknown        Mounted or Preserved:    Digestive    Unknown after necropsy]
8517,F,~ 1984,WILD,WILD,styani,,1998-01-06,CHINA            ????        NONE     Capture   CHUNG              styani | BEIJING          ????      ______     Transfer | CINCINNAT     15 Oct 1985 M9086       Transfer | PROSPECTP      9 Oct 1993 938103      Transfer | 6 Jan 1998             Death | [Death by: Other/Unknown           Incinerate    Necropsy planned later]
8635,M,~ 1984,WILD,WILD,styani,,1990-07-06,CHINA            ????       NONE      Capture    QUASIMOTO         styani | SHANGHAI         ????     ______      Transfer | TORONTO        8 May 1986 20755       Transfer | CINCINNAT     17 Nov 1988 M9121       Transfer | 6 Jul 1990             Death | [Death by: Other/Unknown         Incinerate    Hemic/Lymph   Unknown after necropsy]
8636,M,~ 1984,WILD,WILD,styani,,1998-07-14,CHINA         ????       NONE     Capture    BERT                       styani | SHANGHAI      ????     ______     Transfer | TORONTO     8 May 1986 20756      Transfer | CINCINNAT   7 Sep 1990 190207     Transfer | TORONTO     7 Dec 1993 20756      Transfer | 14 Jul 1998            Death | [Death by: Euthanasia (medical)         Given to an institution:    Integumentary    New growths/cancer]
8637,F,~ 1984,WILD,WILD,styani,,1988-09-02,SHANGHAI         ????      ______     Transfer BERTHA                   styani | TORONTO        8 May 1986 20757       Transfer | 2 Sep 1988             Death | [Death by: Other/Unknown         Incinerate    Digestive   Unknown after necropsy]
8638,F,~ 1984,WILD,WILD,styani,,2003-06-01,CHINA      ????        NONE     Capture   EZMERELDA                     styani | SHANGHAI   ????      ______     Transfer | TORONTO  8 May 1986 20758       Transfer | CINCINNAT7 Sep 1990 190208      Transfer | COLUMBUS11 Oct 1993 932123      Transfer | MINNESOTA | 10 Nov 1994    8315     Transfer | 1 Jun 2003             Death | [Death by: Euthanasia (medical)   Unknown    Necropsy planned later]
8639,M,~ 1984,WILD,WILD,styani,JAZGA,1994-11-01,CHINA            ????       NONE      Capture              JAZGA 042C   styani | ICHIKAWA       1 Nov 1986 ______      Transfer | 1 Nov 1994             Death | [Death by: Unknown means]
8640,F,~ 1984,WILD,WILD,styani,JAZGA,2000-09-07,CHINA            ????       NONE     Capture               JAZGA 043C   styani | ICHIKAWA       1 Nov 1986 ______     Transfer | 7 Sep 2000            Death | [Death by: Old age      Unknown      No necropsy planned]
8643,M,~ 1984,WILD,WILD,styani,SAN-SAN,2006-12-04,CHINA            ????       NONE      Capture    SAN-SAN   JAZGA 044C   styani | IKEDA ZOO     16 Dec 1986 ______      Transfer | 4 Dec 2006             Death | [Death by: Unknown means]
8644,F,~ 1984,WILD,WILD,styani,JAZGA,2004-08-11,CHINA         ????       NONE     Capture                    JAZGA 045C   styani | OKAYAMA    16 Dec 1986 ______     Transfer | 11 Aug 2004            Death | [Death by: Old age      Unknown   No necropsy planned]
8647,M,~ 1984,WILD,WILD,fulgens,,1986-05-28,GANGTOK       25 May 1986 ______     Transfer                             fulgens | 28 May 1986            Death | [Death by: Unknown means]
8648,F,~ 1984,WILD,WILD,fulgens,,1996-07-10,DARJEELIN          ~ 1991 ______     Transfer    DIBYA                    fulgens | 10 Jul 1996            Death | [Death by: Unknown means]
8649,M,~ 1984,WILD,WILD,fulgens,,1997-07-04,DARJEELIN          ~ 1991 ______     Transfer    BASANT                   fulgens | 4 Jul 1997            Death | [Death by: Unknown means]
8481,F,4 Jul 1984,7715,7919,fulgens,,1984-07-06,BURFORD        4 Jul 1984   M281     Birth                                fulgens | 6 Jul 1984            Death | [Death by: Unknown means]
8482,F,4 Jul 1984,7715,7919,fulgens,,1984-07-06,BURFORD        4 Jul 1984   M282     Birth                                fulgens | 6 Jul 1984            Death | [Death by: Unknown means]
8971,F,21 Jul 1984,WILD,WILD,styani,,1997-04-01,FERNDALE         ????      ______     Transfer   TIEN TIEN                styani | TAIPEI        21 Jan 1989    1023     Transfer | 1 Apr 1997             Death | [Death by: Other/Unknown         Incinerate    No necropsy planned]
8406,M,6 Aug 1984,7816,7814,fulgens,,2003-08-26,KNOXVILLE      6 Aug 1984    914     Birth       Li-Ning                  fulgens | NY BRONX      27 May 1986 861145     Transfer | OMAHA          9 Apr 1997   9610     Transfer | ST LOUIS       7 Jun 2000 100279     Transfer | 26 Aug 2003            Death | [Death by: Unknown means]
8407,M,6 Aug 1984,7816,7814,fulgens,,1994-05-12,KNOXVILLE      6 Aug 1984    913     Birth       Tong Fei                 fulgens | NY BRONX      27 May 1986 861146     Transfer | MARWELL       26 Jun 1992   2010     Transfer | BURFORD        8 Jan 1993   1446     Transfer | 12 May 1994            Death | [Death by: Anesth/Restraint assoc         Given to an institution:       Necropsy planned later]
8413,F,18 Dec 1984,8201,8212,fulgens,,1998-09-13,SYDNEY        18 Dec 1984 840061     Birth     TARO      ASMP 841      fulgens | ADELAIDE      13 Nov 1985 850089     Transfer | 13 Sep 1998            Death | [Death by: Euthanasia (medical)         Unknown      Necropsy planned later   Unknown after necropsy]
8414,F,18 Dec 1984,8201,8212,fulgens,,1996-08-23,SYDNEY  18 Dec 1984 840062     Birth     WILMA                         fulgens | ZURICH  19 Sep 1986 860002     Transfer | ROTTERDAM | 23 Jan 1995 105085     Transfer | 23 Aug 1996            Death | [Death by: Euthanasia (medical)   Unknown   Unknown (after necropsy)]
8401,M,23 Dec 1984,7701,7920,fulgens,,1999-11-03,ADELAIDE23 Dec 1984 840099      Birth     'O'                          fulgens | SYDNEY   7 Nov 1985 850070      Transfer | HAMILTON18 Jan 1995 MW1184      Transfer | 3 Nov 1999             Death | [Death by: Euthanasia (medical)   Bury   Generalized    Mechanical abnormality]
8402,F,23 Dec 1984,7701,7920,fulgens,,1998-01-30,ADELAIDE      23 Dec 1984 840100     Birth      Mensula                fulgens | BURFORD       16 Jul 1987   1069     Transfer | PAIGNTON       3 Feb 1988    184     Transfer | EDINBURGH     20 Sep 1990 90IA02     Transfer | MARWELL       19 Apr 1994   2550     Transfer | BURFORD        9 Jun 1994   1642     Transfer | SO LAKES       7 Jun 1997 SL0123     Transfer | 30 Jan 1998            Death | [Death by: Unknown means]
8484,F,25 Dec 1984,8201,7509,fulgens,,1984-12-26,SYDNEY  25 Dec 1984 840063     Birth                                   fulgens | 26 Dec 1984            Death | [Death by: Injury from exhibit mate   Unknown   Unknown (after necropsy)]
8485,F,25 Dec 1984,8201,7509,fulgens,,1984-12-26,SYDNEY  25 Dec 1984 840064     Birth                                   fulgens | 26 Dec 1984            Death | [Death by: Injury from exhibit mate   Unknown   Unknown (after necropsy)]
8524,F,31 May 1985,8016,8219,styani,JAZGA,2007-10-25,KYOTO         31 May 1985 ______     Birth                JAZGA 027C   styani | KOBE PARK     10 Mar 1986 ______     Transfer | 25 Oct 2007            Death | [Death by: Unknown means]
8503,F,9 Jun 1985,8421,8422,fulgens,,2002-11-06,MADRID Z       9 Jun 1985    PR4     Birth     LOLA                      fulgens | 6 Nov 2002            Death | [Death by: Other/Unknown           Unknown   Generalized   Unknown after necropsy]
8589,M,9 Jun 1985,8421,8422,fulgens,H,1985-06-14,MADRID Z       9 Jun 1985    PR3     Birth     H 1 MAICHY                fulgens | 14 Jun 1985            Death | [Death by: Unknown means]
8520,M,10 Jun 1985,8119,8103,,,1993-10-04,ESKILSTUN | 10 Jun 1985 ______     Birth     'W' SWEDY                         fulgens | ADELAIDE | 10 Oct 1986 860108     Transfer | 4 Oct 1993            Death | [Death by: Infection associated   Mounted or Preserved:    Respiratory              Fungal]
8521,M,10 Jun 1985,8119,8103,,,1995-07-17,ESKILSTUN | 10 Jun 1985 ______      Birth      'X'                             fulgens | ADELAIDE | 10 Oct 1986 860109      Transfer | MELBOURNE | 29 Jun 1987 870001      Transfer | 1 Jan 1992 870001      Transfer | 17 Jul 1995             Death | [Death by: Euthanasia (medical)   Incinerate    Musculoskeletal     Trauma]
8536,F,12 Jun 1985,UNK,8535,styani,JAZGA,2003-06-11,NAGANO     12 Jun 1985 ______     Birth                     JAZGA 028C   styani | NIHONDAIR  20 Oct 1988 ______     Transfer | 11 Jun 2003            Death | [Death by: Old age        Unknown   No necropsy planned]
8593,M,13 Jun 1985,8102,8314,fulgens,,1985-08-05,NZP-WASH      13 Jun 1985 106555     Birth                               fulgens | 5 Aug 1985            Death | [Death by: Other/Unknown           Given to an institution:    Necropsy planned later]
8585,M,15 Jun 1985,8202,8211,fulgens,,1985-06-16,EDINBURGH  15 Jun 1985 850602     Birth                                  fulgens | 16 Jun 1985            Death | [Death by: Infection associated           Given to an institution:    Digestive   Genetic/Prenatal]
8586,M,15 Jun 1985,8202,8211,fulgens,,1985-10-07,EDINBURGH  15 Jun 1985 850603     Birth                                  fulgens | 7 Oct 1985            Death | [Death by: Infection associated           Given to an institution:    Respiratory   Viral]
8508,M,17 Jun 1985,7319,8305,fulgens,,1997-08-25,SEATTLE 17 Jun 1985 10318            Birth     TWIEG                     fulgens | PORTLAND20 Jun 1986 86038            Transfer | PROVIDNCE5 Jan 1995 951001           Transfer | 25 Aug 1997                  Death | [Death by: Other/Unknown        Given to an institution:    Generalized         Unknown after necropsy]
8537,M,17 Jun 1985,8017,8018,styani,JAZGA,1988-03-21,NARA          17 Jun 1985 ______     Birth               JAZGA 029C   styani | 21 Mar 1988            Death | [Death by: Unknown means]
8538,F,17 Jun 1985,8017,8018,styani,JAZGA,1991-01-03,NARA          17 Jun 1985 ______     Birth               JAZGA 030C   styani | 3 Jan 1991            Death | [Death by: Unknown means]
8591,M,17 Jun 1985,7319,8305,fulgens,,1985-10-28,SEATTLE       17 Jun 1985 10317      Birth                            fulgens | 28 Oct 1985            Death | [Death by: Other/Unknown           Mounted or Preserved:    Necropsy planned later]
8592,F,17 Jun 1985,7319,8305,fulgens,,1985-06-24,SEATTLE    17 Jun 1985     10319     Birth                            fulgens | 24 Jun 1985               Death | [Death by: Infection associated           Given to an institution:       Respiratory   Bacterial]
8525,F,19 Jun 1985,8629,8630,,,1995-09-03,POLARPARK | 19 Jun 1985 ______     Birth     GRETCHEN                       styani | SAN ANTON | 11 Jul 1986 860739     Transfer | SEATTLE | 17 Feb 1988 880044     Transfer | SAN ANTON | 13 Apr 1988 860739     Transfer | 3 Sep 1995            Death | [Death by: Infection associated   Mounted or Preserved:    Generalized           Viral]
8526,F,19 Jun 1985,8629,8630,,,1990-05-10,POLARPARK | 19 Jun 1985 ______     Birth     GRIZELDA AZA 9917            styani | SAN ANTON | 11 Jul 1986 860740     Transfer | COLUMBUS16 Feb 1989 892010     Transfer | 10 May 1990            Death | [Death by: Other/Unknown        Given to an institution:    Cardiovascular   Unknown after necropsy]
8527,F,19 Jun 1985,8629,8630,,,1997-08-27,POLARPARK | 19 Jun 1985 ______     Birth           GRETEL    AZA 9918     styani | SAN ANTON | 11 Jul 1986 860741     Transfer | TOLEDO   4 Oct 1990 900051     Transfer | BLOOMINGT3 Apr 1997 M97021     Transfer | 27 Aug 1997            Death | [Death by: Other/Unknown        Given to an institution:    Necropsy planned later         Unknown after necropsy]
8580,M,19 Jun 1985,8311,8115,fulgens,,1985-09-15,ANTWERP       19 Jun 1985 ______     Birth                            fulgens | 15 Sep 1985            Death | [Death by: Unknown means]
8581,F,19 Jun 1985,8311,8115,fulgens,,1985-06-28,ANTWERP       19 Jun 1985 ______     Birth                            fulgens | 28 Jun 1985           Death | [Death by: Unknown means]
8511,M,20 Jun 1985,7514,8318,fulgens,,1997-01-16,NZP-CRC    20 Jun 1985 106567     Birth     M8 JESSE                fulgens | NZP-DZR    10 Jul 1987 106567     Transfer | MARWELL    14 Apr 1988   1070     Transfer | EDINBURGH   1 Dec 1988 88LA1      Transfer | COLCHESTR  30 Nov 1993   1233     Transfer | WHIPSNADE  13 Apr 1995 L2446      Transfer | MARWELL    20 Dec 1995   1070     Transfer | 16 Jan 1997            Death | [Death by: Euthanasia (medical)         Given to an institution:    Unknown (after necropsy)]
8512,F,20 Jun 1985,7514,8318,fulgens,,1997-11-18,NZP-CRC 20 Jun 1985 106568     Birth     DUSTY                      fulgens | NZP-DZR 17 Jun 1986 106568     Transfer | NZP-CRC 10 Jul 1987 106568     Transfer | NZP-DZR  2 Dec 1987 106568     Transfer | PORTLAND 8 Dec 1987 87128      Transfer | KNOXVILLE | 18 Oct 1990   1404     Transfer | SCOTTSBLU | 18 Dec 1991    557     Transfer | 18 Nov 1997            Death | [Death by: Euthanasia (medical)   Unknown   Unknown (after necropsy)]
8502,M,25 Jun 1985,8317,7812,,,2001-07-29,KNOXVILLE | 25 Jun 1985   997     Birth     Duffy                       fulgens | BALTIMORE | 30 Apr 1987 87048     Transfer | TORONTO 18 Dec 1991 27185     Transfer | LANSING 28 Jul 1994  1901     Transfer | KNOXVILLE | 30 Mar 2001   997     Transfer | 29 Jul 2001           Death | [Death by: Euthanasia (medical)   Unknown  Unknown (after necropsy)]
8937,M,25 Jun 1985,UNK,UNK,styani,,1994-10-14,SHANGHAI    25 Jun 1985 ______    Birth      02        JAZGA 118C   styani | OSAKA        6 Nov 1989    403    Transfer | 14 Oct 1994           Death | [Death by: Unknown means]
8513,M,26 Jun 1985,7607,8114,fulgens,,1991-11-14,NZP-CRC     26 Jun 1985 106572    Birth      MILES                  fulgens | NZP-WASH    17 Apr 1987 106572    Transfer | NZP-DZR     15 Jun 1987 106572    Transfer | COLO SPRG   15 Jul 1987 870046    Transfer | DALLAS      26 Sep 1991 917260    Transfer | 14 Nov 1991           Death | [Death by: Infection associated       Mounted or Preserved:     Generalized   Viral]
8594,M,26 Jun 1985,7607,8114,fulgens,,1985-09-11,NZP-CRC       26 Jun 1985 106573     Birth                          fulgens | 11 Sep 1985            Death | [Death by: Other/Unknown       Given to an institution:    Necropsy planned later]
8501,F,27 Jun 1985,7904,7815,fulgens,,1992-06-09,DALLAS    27 Jun 1985 854379      Birth     PING                    fulgens | KNOXVILLE  9 Dec 1986   1120      Transfer | BALTIMORE 30 Apr 1987 87049       Transfer | 9 Jun 1992             Death | [Death by: Infection associated   Incinerate    Generalized   Bacterial]
8504,M,27 Jun 1985,8215,8316,fulgens,,1987-06-01,PHILADELP     27 Jun 1985 101403     Birth     RUSTY                fulgens | 1 Jun 1987            Death | [Death by: Other/Unknown       Rendered   Unknown (after necropsy)]
8505,F,27 Jun 1985,8215,8316,fulgens,,1989-03-28,PHILADELP     27 Jun 1985 101404     Birth     JADE                 fulgens | NZP-DZR        6 Feb 1987 107499     Transfer | NZP-WASH      17 Apr 1987 107499     Transfer | NZP-CRC        8 Dec 1987 107499     Transfer | 28 Mar 1989            Death | [Death by: Other/Unknown       Given to an institution:    Necropsy planned later]
8506,M,28 Jun 1985,7511,7913,fulgens,,1995-10-06,ROTTERDAM     28 Jun 1985 102699     Birth      DULEEP              fulgens | ZURICH        22 Oct 1986 860001     Transfer | DUISBURG      24 Jan 1992   1665     Transfer | 6 Oct 1995            Death | [Death by: Unknown means]
8507,F,28 Jun 1985,7511,7913,fulgens,,1998-06-26,ROTTERDAM 28 Jun 1985 102697     Birth     SHALINI                  fulgens | SYDNEY     4 Apr 1986 860096     Transfer | HAMILTON  18 Jan 1995 MW1185     Transfer | 31 Dec 1996 MW1185     Transfer | 26 Jun 1998            Death | [Death by: Environ/Behav conditions   Bury   Generalized   Nutrition]
8590,F,28 Jun 1985,7511,7913,fulgens,,1985-12-02,ROTTERDAM     28 Jun 1985 102698     Birth                          fulgens | 2 Dec 1985            Death | [Death by: Other/Unknown       Unknown   Necropsy planned later]
8595,?,30 Jun 1985,8012,8014,fulgens,,1985-07-22,NZP-WASH      30 Jun 1985 106575     Birth                          fulgens | 22 Jul 1985            Death | [Death by: Other/Unknown         Incinerate   Necropsy planned later]
8596,?,30 Jun 1985,8012,8014,fulgens,,1985-07-08,NZP-WASH      30 Jun 1985 106576      Birth                             fulgens | 8 Jul 1985             Death | [Death by: Other/Unknown         Incinerate    Necropsy planned later]
8734,M,~ 1985,WILD,WILD,styani,CHUNCHUN,1995-02-06,CHINA          ~ 1985   NONE          Capture   CHUNCHUN   JAZGA 065C   styani | HARBIN       ????     ______          Transfer | TOKYOTAMA  9 Dec 1987    207          Transfer | 6 Feb 1995                 Death | [Death by: Other/Unknown        Given to an institution:    Digestive        New growths/cancer]
8735,F,~ 1985,WILD,WILD,styani,FARFAR,2000-03-05,CHINA          ~ 1985   NONE     Capture   FARFAR    JAZGA 066C         styani | HARBIN       ????     ______     Transfer | TOKYOTAMA  9 Dec 1987    208     Transfer | 5 Mar 2000            Death | [Death by: Other/Unknown        Given to an institution:    Cardiovascular   Unknown after necropsy]
8749,M,~ 1985,WILD,WILD,styani,JAZGA,2003-12-31,CHINA         ????       NONE     Capture                  JAZGA 056C   styani | HIROSHIMA  13 Jul 1987 ______     Transfer | 31 Dec 2003            Death | [Death by: Old age      Unknown   No necropsy planned]
8750,F,~ 1985,WILD,WILD,styani,JAZGA,1997-07-18,CHINA            ????       NONE      Capture              JAZGA 057C   styani | HIROSHIMA     13 Jul 1987 ______      Transfer | 18 Jul 1997             Death | [Death by: Unknown means]
8751,F,~ 1985,WILD,WILD,styani,JAZGA,2004-02-13,CHINA         ????       NONE     Capture                  JAZGA 058C   styani | HIROSHIMA  13 Jul 1987 ______     Transfer | 13 Feb 2004            Death | [Death by: Old age      Unknown   No necropsy planned]
8757,M,~ 1985,WILD,WILD,styani,JAZGA,1988-04-23,CHINA            ????       NONE      Capture              JAZGA 052C   styani | SENDAISHI     26 Jun 1987 ______      Transfer | 23 Apr 1988             Death | [Death by: Unknown means]
8758,F,~ 1985,WILD,WILD,styani,JAZGA,1999-03-25,CHINA            ????       NONE      Capture              JAZGA 053C   styani | SENDAISHI     26 Jun 1987 ______      Transfer | 25 Mar 1999             Death | [Death by: Unknown means]
8759,F,~ 1985,WILD,WILD,styani,HAO-HAO,1995-11-17,CHINA            ????       NONE     Capture     HAO-HAO     JAZGA 054C   styani | SENDAISHI     26 Jun 1987 ______     Transfer | 17 Nov 1995            Death | [Death by: Unknown means]
8761,F,~ 1985,WILD,WILD,styani,JAZGA,1991-03-09,CHINA            ????       NONE     Capture                 JAZGA 047C   styani | TOBU           2 Mar 1987 ______     Transfer | 9 Mar 1991            Death | [Death by: Unknown means]
8766,M,~ 1985,WILD,WILD,styani,JAZGA,1988-10-16,CHINA            ????       NONE     Capture                 JAZGA 067C   styani | TOBE          17 Nov 1987 ______     Transfer | 16 Oct 1988            Death | [Death by: Unknown means]
8769,F,~ 1985,WILD,WILD,fulgens,,,GANGTOK       17 Mar 1987 ______     Transfer                             fulgens | ~ 1990            Death | [Death by: Unknown means]
8770,F,~ 1985,WILD,WILD,styani,JAZGA,1998-07-20,CHINA            ????       NONE     Capture                 JAZGA 068C   styani | TOBE          17 Nov 1987 ______     Transfer | 20 Jul 1998            Death | [Death by: Unknown means]
8858,M,~ 1985,UNK,UNK,styani,,1992-04-13,WUHAN              ~ 1985 ______     Birth       CHEN CHEN                styani | DUISBURG      30 Apr 1988    645     Transfer | 13 Apr 1992            Death | [Death by: Unknown means]
8859,F,~ 1985,UNK,UNK,styani,,1989-03-11,WUHAN          ~ 1985 ______       Birth     DOU DOU                      styani | DUISBURG  30 Apr 1988     646      Transfer | 11 Mar 1989              Death | [Death by: Infection associated   Incinerate     Digestive   Trauma]
8970,M,~ 1985,WILD,WILD,styani,,1997-04-04,FERNDALE         ????      ______     Transfer   DONG DONG                styani | TAIPEI        21 Jan 1989    1022     Transfer | 4 Apr 1997             Death | [Death by: Other/Unknown       Incinerate    No necropsy planned]
8539,F,3 Jul 1985,UNK,UNK,styani,,2000-07-07,SHANGHAI       3 Jul 1985 ______     Birth       17   miya   JAZGA 063C   styani | YOKOHAMA      26 Nov 1987 940293     Transfer | ZOORASIA24 Nov 1998     171     Transfer | 7 Jul 2000            Death | [Death by: Other/Unknown        Mounted or Preserved:     Generalized   Unknown after necropsy]
8584,?,4 Jul 1985,8101,8310,fulgens,,1985-07-06,DENVER         4 Jul 1985   08557     Birth                             fulgens | 6 Jul 1985             Death | [Death by: Unknown means]
8587,M,8 Jul 1985,7316,7601,fulgens,,1985-07-12,HELSINKI    8 Jul 1985 850087     Birth                                 fulgens | 12 Jul 1985            Death | [Death by: Environ/Behav conditions           Given to an institution:    Unknown (after necropsy)]
8514,M,12 Jul 1985,7523,7612,fulgens,,1986-06-04,NZP-WASH      12 Jul 1985 106611      Birth                             fulgens | 4 Jun 1986             Death | [Death by: Other/Unknown           Incinerate    Necropsy planned later]
8515,F,12 Jul 1985,7523,7612,fulgens,,2003-12-10,NZP-WASH      12 Jul 1985 106612      Birth      MOMMA                  fulgens | NZP-CRC       23 Jun 1986 106612      Transfer | NZP-DZR       10 Jul 1987 106612      Transfer | NY BRONX       8 Dec 1987 871466      Transfer | 1 Jan 2000 871466      Transfer | 10 Dec 2003             Death | [Death by: Unknown means]
8533,F,18 Jul 1985,UNK,8532,styani,JAZGA,1996-06-16,YUKI          18 Jul 1985 ______      Birth                JAZGA 031C   styani | 16 Jun 1996             Death | [Death by: Unknown means]
8588,F,8 Aug 1985,7816,7814,fulgens,,1985-08-31,KNOXVILLE   8 Aug 1985       1012     Birth     Ginseng                 fulgens | 31 Aug 1985                Death | [Death by: Infection associated           Given to an institution:        Respiratory   Bacterial]
8582,?,7 Sep 1985,7710,7707,fulgens,,1985-10-18,BALTIMORE      7 Sep 1985   86021     Birth                             fulgens | 18 Oct 1985             Death | [Death by: Unknown means]
8583,?,7 Sep 1985,7710,7707,fulgens,,1985-10-18,BALTIMORE      7 Sep 1985   86022     Birth                             fulgens | 18 Oct 1985             Death | [Death by: Unknown means]
8522,M,12 Dec 1985,7701,7920,fulgens,,1998-10-17,ADELAIDE      12 Dec 1985 850090      Birth      GREENIE                fulgens | 17 Oct 1998             Death | [Death by: Euthanasia (medical)         Given to an institution:       Generalized     Mechanical abnormality]
8523,F,12 Dec 1985,7701,7920,fulgens,,1990-07-03,ADELAIDE      12 Dec 1985 850091     Birth       'S'                   fulgens | HONG KONG      8 Dec 1988 ______     Transfer | 3 Jul 1990            Death | [Death by: Unknown means]
8597,F,12 Dec 1985,7701,7920,fulgens,,1986-01-20,ADELAIDE12 Dec 1985 850092     Birth     'T'                           fulgens | 20 Jan 1986            Death | [Death by: Environ/Behav conditions   Unknown   No necropsy planned]
8509,F,27 Dec 1985,8201,8212,fulgens,,1991-01-17,SYDNEY  27 Dec 1985 850072      Birth     PITTI-SING                   fulgens | MELBOURNE | 17 Jul 1987 870002      Transfer | 17 Jan 1991             Death | [Death by: Euthanasia (medical)   Incinerate    No necropsy planned]
8510,F,27 Dec 1985,8201,8212,fulgens,,1988-02-22,SYDNEY  27 Dec 1985 850071     Birth     KIM-SU                        fulgens | 22 Feb 1988            Death | [Death by: Euthanasia (medical)   Unknown   No necropsy planned]
8601,F,4 Jan 1986,7502,8302,fulgens,,,ADELAIDE       4 Jan 1986 860106     Birth       'U'                   fulgens | ESKILSTUN      8 Apr 1987 ______     Transfer | ~ 1988            Death | [Death by: Unknown means]
8607,M,5 Jun 1986,7511,7913,fulgens,,1988-04-18,ROTTERDAM      5 Jun 1986 102845     Birth       ASHOK                 fulgens | ESKILSTUN     18 Apr 1988 ______     Transfer | 18 Apr 1988            Death | [Death by: Unknown means]
8608,F,5 Jun 1986,7511,7913,fulgens,,1994-07-30,ROTTERDAM      5 Jun 1986 102846     Birth       SHIVA/KHOK            fulgens | BERLIN TP     21 Jan 1988 ______     Transfer | 30 Jul 1994            Death | [Death by: Unknown means]
8682,F,5 Jun 1986,7511,7913,fulgens,,1986-12-09,ROTTERDAM      5 Jun 1986 102847     Birth                             fulgens | 9 Dec 1986            Death | [Death by: Other/Unknown         Unknown]
8613,M,12 Jun 1986,8119,8103,fulgens,,1999-03-30,ESKILSTUN     12 Jun 1986 ______     Birth       Eskil                 fulgens | ROTTERDAM      7 Apr 1988 103555     Transfer | ZURICH        17 Jan 1995 950001     Transfer | 31 Dec 1996 950001     Transfer | 30 Mar 1999            Death | [Death by: Unknown means]
8614,F,12 Jun 1986,8119,8103,fulgens,,1997-11-28,ESKILSTUN   12 Jun 1986 ______     Birth                 FFES8614   fulgens | ZOOANIMAL    7 Dec 1989    143     Transfer | DUISBURG    16 Jan 1990    977     Transfer | 28 Nov 1997            Death | [Death by: Infection associated         Incinerate    Generalized   Unknown after necropsy]
8615,M,12 Jun 1986,8421,8422,fulgens,,2007-01-31,MADRID Z12 Jun 1986    PR5     Birth     REX                        fulgens | ROTTERDAM | 27 Dec 1988 103684     Transfer | 31 Jan 2007            Death | [Death by: Old age      Mounted or Preserved: ROTTERDAM ZOO   Unknown (after necropsy)]
8616,F,12 Jun 1986,8421,8422,fulgens,,1990-12-15,MADRID Z    12 Jun 1986    PR6     Birth      ROXIE                 fulgens | ROTTERDAM   17 Feb 1989 103720     Transfer | HUNBSTRND   13 Dec 1989 890105     Transfer | 15 Dec 1990            Death | [Death by: Unknown means]
8617,M,12 Jun 1986,8101,8310,fulgens,,1995-04-24,DENVER      12 Jun 1986 10026      Birth      KOKO NOT              fulgens | CLEVELAND   27 Mar 1987 870312     Transfer | NY BRONX    15 Dec 1987 871454     Transfer | 24 Apr 1995            Death | [Death by: Unknown means]
8618,M,12 Jun 1986,8101,8310,fulgens,,1990-03-11,DENVER      12 Jun 1986 10027      Birth      MAHAL                 fulgens | CLEVELAND   27 Mar 1987 870313     Transfer | 11 Mar 1990            Death | [Death by: Unknown means]
8609,M,15 Jun 1986,8204,8322,fulgens,,1989-11-15,LEIPZIG     15 Jun 1986 M07508     Birth      KHOKI                 fulgens | BERLIN TP        ~ 1987 ______     Transfer | 15 Nov 1989            Death | [Death by: Unknown means]
8610,F,15 Jun 1986,8204,8322,fulgens,,1987-02-24,LEIPZIG     15 Jun 1986 M07509     Birth                            fulgens | 24 Feb 1987            Death | [Death by: Unknown means]
8611,F,16 Jun 1986,7319,8305,fulgens,,1996-10-27,"SEATTLE     16 Jun 1986   10424    Birth      CADBURY               fulgens | COLO SPRG    3 Jul 1987 870044      Transfer | 8 Dec 1993 870044      Transfer | 27 Oct 1996              Death | [Death by: Environ/Behav conditions         Incinerate    Generalized    Circulatory, secondary]"
8612,F,16 Jun 1986,7319,8305,fulgens,,1997-11-01,SEATTLE       16 Jun 1986   10425     Birth                  fulgens | OMAHA         20 May 1987    5057     Transfer | 1 Nov 1997             Death | [Death by: Unknown means]
8683,M,16 Jun 1986,7319,8305,fulgens,,1986-06-16,SEATTLE       16 Jun 1986 10426      Birth                   fulgens | 16 Jun 1986            Death | [Death by: Other/Unknown         Unknown   Necropsy planned later]
8619,F,17 Jun 1986,8518,8519,styani,,1994-08-10,SEATTLE 17 Jun 1986 10428       Birth     SHANG-HAI          styani | CINCINNAT1 Mar 1988 M9113       Transfer | COLUMBUS18 Sep 1989 892115      Transfer | CLEVELAND | 17 Oct 1989 891005      Transfer | SANDIEGOZ3 May 1991 591257      Transfer | DUISBURG26 Feb 1992   1680      Transfer | 10 Aug 1994             Death | [Death by: Infection associated   Incinerate    Generalized   Metabolism]
8620,M,17 Jun 1986,8518,8519,styani,,2000-10-16,SEATTLE 17 Jun 1986 10427       Birth     SEAHAWK            styani | SAN ANTON | 16 Dec 1987 871232      Transfer | NASHV ZOO | 10 Jan 1995 940315      Transfer | BATTLE CR | 11 Jan 2000 M0002       Transfer | 16 Oct 2000             Death | [Death by: Infection associated   Bury   Generalized    Unknown after necropsy]
8621,F,17 Jun 1986,8518,8519,styani,,1996-04-08,SEATTLE      17 Jun 1986    10429     Birth     BEJING       styani | CINCINNAT     1 Mar 1988    M9112     Transfer | 8 Apr 1996              Death | [Death by: Euthanasia (medical)         Unknown     Cardiovascular     Unknown after necropsy]
8691,F,18 Jun 1986,8006,8110,fulgens,,1986-06-26,KNOXVILLE  18 Jun 1986   1209      Birth     SOPHIE          fulgens | 26 Jun 1986             Death | [Death by: Infection associated         Mounted or Preserved:    Generalized    Bacterial]
8692,F,18 Jun 1986,8006,8110,fulgens,,1986-06-25,KNOXVILLE  18 Jun 1986   1208      Birth     Deanne          fulgens | 25 Jun 1986             Death | [Death by: Infection associated         Mounted or Preserved:    Respiratory    Bacterial]
8604,M,21 Jun 1986,8202,8211,,,1997-01-13,EDINBURGH | 21 Jun 1986 860614     Birth     L61/1 BARN                   fulgens | PAIGNTON24 Feb 1987    183     Transfer | BELFAST  3 Feb 1993    750     Transfer | 1 Jan 1996    750     Transfer | FONTAINE   26 Nov 1996 77AF16     Transfer | 13 Jan 1997            Death | [Death by: Malicious destruction   Unknown   No necropsy planned]
8605,M,21 Jun 1986,8303,8116,fulgens,,1995-04-25,HELSINKI      21 Jun 1986 860098     Birth     DANNY                  fulgens | LEIPZIG       20 Feb 1988 M00359     Transfer | 25 Apr 1995            Death | [Death by: Other/Unknown         Unknown   Generalized   Unknown after necropsy]
8606,F,21 Jun 1986,8303,8116,fulgens,,2001-01-30,"HELSINKI   21 Jun 1986 860099     Birth     DORIS                     fulgens | 30 Jan 2001            Death | [Death by: Euthanasia (medical)         Given to an institution:    Nervous   Circulatory, secondary]"
8680,M,21 Jun 1986,8202,8211,fulgens,,1986-06-24,EDINBURGH     21 Jun 1986 860613     Birth                            fulgens | 24 Jun 1986            Death | [Death by: Other/Unknown         Given to an institution:    Digestive   Trauma]
8632,F,22 Jun 1986,7514,8318,fulgens,,1995-08-27,NZP-CRC 22 Jun 1986 107191      Birth     LITTLE MON                  fulgens | MARWELL 14 Apr 1988   1071      Transfer | BELFAST 16 Nov 1988     23      Transfer | 27 Aug 1995             Death | [Death by: Infection associated   Incinerate    No necropsy planned]
8697,M,22 Jun 1986,7514,8318,fulgens,,1986-06-25,NZP-CRC       22 Jun 1986 107165     Birth                            fulgens | 25 Jun 1986            Death | [Death by: Other/Unknown         Given to an institution:    Necropsy planned later]
8641,M,23 Jun 1986,8016,8219,styani,JAZGA,2002-07-24,KYOTO      23 Jun 1986 ______     Birth                  JAZGA 036C   styani | NIHONDAIR  11 Mar 1987 ______     Transfer | 24 Jul 2002            Death | [Death by: Old age      Unknown   No necropsy planned]
8642,M,23 Jun 1986,8016,8219,styani,JAZGA,1987-07-17,KYOTO         23 Jun 1986 ______     Birth               JAZGA 037C   styani | 17 Jul 1987            Death | [Death by: Unknown means]
8693,F,29 Jun 1986,8012,8014,fulgens,,1986-08-16,NZP-WASH      29 Jun 1986 107204     Birth                            fulgens | 16 Aug 1986             Death | [Death by: Other/Unknown         Incinerate    Necropsy planned later]
8694,M,29 Jun 1986,8012,8014,fulgens,,1986-08-16,NZP-WASH      29 Jun 1986 107198      Birth                               fulgens | 16 Aug 1986             Death | [Death by: Other/Unknown         Incinerate    Necropsy planned later]
8633,M,1 Jul 1986,7607,8114,fulgens,,2003-11-02,NZP-CRC        1 Jul 1986 107196     Birth      SON OF DUT                fulgens | NZP-DZR       21 Jul 1987 107196     Transfer | NZP-CRC        8 Dec 1987 107196     Transfer | 2 Nov 2003            Death | [Death by: Unknown means]
8634,F,1 Jul 1986,7607,8114,fulgens,,1996-11-20,NZP-CRC        1 Jul 1986 107197     Birth      CONNIE                    fulgens | NZP-DZR       21 Jul 1987 107197     Transfer | PROVIDNCE      4 May 1989 891022     Transfer | 20 Nov 1996            Death | [Death by: Unknown means]
8718,M,~ 1986,WILD,WILD,styani,,1990-12-14,CHINA              ~ 1986   NONE     Capture    HUON-HUON                 styani | HARBIN           ????     ______     Transfer | CALGARY       24 Sep 1987 102672     Transfer | 14 Dec 1990            Death | [Death by: Unknown means]
8719,F,~ 1986,WILD,WILD,styani,,1994-01-16,CHINA              ~ 1986   NONE     Capture   DANMAO                     styani | HARBIN           ????     ______     Transfer | CALGARY       24 Sep 1987 102673     Transfer | CINCINNAT     20 Nov 1991 191264     Transfer | 16 Jan 1994            Death | [Death by: Other/Unknown         Rendered   Digestive   Unknown after necropsy]
8732,M,~ 1986,WILD,WILD,styani,SHENSHEN JAZGA,1994-09-17,CHINA           ~ 1986   NONE        Capture   SHENSHEN JAZGA 061C        styani | YOSHIKAWA     ????     ______        Transfer | TOKYOTAMA  26 Nov 1987    206        Transfer | 17 Sep 1994               Death | [Death by: Euthanasia (medical)         Mounted or Preserved:    Digestive      New growths/cancer]
8733,M,~ 1986,WILD,WILD,styani,SHINSHIN,2001-06-23,CHINA              ~ 1986   NONE     Capture    SHINSHIN     JAZGA 064C   styani | HARBIN           ????     ______     Transfer | TOKYOTAMA      9 Dec 1987    209     Transfer | 23 Jun 2001            Death | [Death by: Unknown means] | 8760   M   ????           WILD    WILD   CHINA            ????       NONE      Capture            JAZGA 046C   styani | TOBU           2 Mar 1987 ______      Transfer | 2 Mar 1997             Death | [Death by: Unknown means]
8847,M,~ 1986,WILD,WILD,styani,,1998-05-22,CHINA            ????       NONE      Capture                         styani | SHIRAHAMA     13 Mar 1988 ______      Transfer | 22 May 1998             Death | [Death by: Unknown means]
8848,F,~ 1986,WILD,WILD,styani,,1991-07-26,CHINA            ????       NONE      Capture                         styani | SHIRAHAMA     13 Mar 1988 ______      Transfer | 26 Jul 1991             Death | [Death by: Unknown means]
8849,F,~ 1986,WILD,WILD,styani,JAZGA,2001-03-18,CHINA            ????       NONE      Capture            JAZGA 079C   styani | KUSHIRO Z     25 Jun 1988 ______      Transfer | NIHONDAIR      5 Feb 1997 ______      Transfer | 18 Mar 2001             Death | [Death by: Other/Unknown       Unknown   Digestive    New growths/cancer]
8852,F,~ 1986,WILD,WILD,styani,JAZGA,1999-11-07,CHINA            ????       NONE      Capture            JAZGA 087C   styani | KAGOSHIMA     25 Jul 1988 ______      Transfer | 7 Nov 1999             Death | [Death by: Unknown means]
8853,F,~ 1986,WILD,WILD,styani,JAZGA,2005-12-03,CHINA            ????       NONE      Capture            JAZGA 088C   styani | KAGOSHIMA     25 Jul 1988 ______      Transfer | 3 Dec 2005             Death | [Death by: Unknown means]
8854,F,~ 1986,WILD,WILD,styani,,1994-04-14,CHINA            ????       NONE      Capture                         styani | SHIRAHAMA     23 Sep 1988 ______      Transfer | 14 Apr 1994             Death | [Death by: Unknown means]
8855,M,~ 1986,WILD,WILD,styani,JAZG,1999-12-13,CHINA            ????       NONE      Capture            JAZG 091C    styani | HAMAMATSU     23 Sep 1988 ______      Transfer | 13 Dec 1999             Death | [Death by: Unknown means]
8857,F,~ 1986,WILD,WILD,styani,,1992-11-01,CHINA            ????       NONE     Capture                            styani | TOKUYAMA      14 Dec 1988 ______     Transfer | 1 Nov 1992            Death | [Death by: Unknown means]
8626,F,5 Jul 1986,8528,8426,styani,JAZGA,2005-12-12,SABAE          5 Jul 1986 ______     Birth                 JAZGA 038C   styani | KOBE PARK     16 Dec 1987 ______     Transfer | 12 Dec 2005            Death | [Death by: Unknown means]
8627,F,5 Jul 1986,8528,8426,styani,JAZGA,1995-10-24,"SABAE          5 Jul 1986 ______     Birth               JAZGA 039C     styani | 24 Oct 1995            Death | [Death by: Other/Unknown       Unknown   Cardiovascular   Circulatory, secondary]"
8628,F,5 Jul 1986,8528,8427,styani,,1995-10-24,"SABAE          5 Jul 1986 ______     Birth     04        JAZGA 041C     styani | OSAKA         12 Dec 1991    405     Transfer | 24 Oct 1995            Death | [Death by: Other/Unknown       Unknown   Cardiovascular   Circulatory, secondary]"
8690,M,5 Jul 1986,8528,8427,styani,JAZGA,1987-01-20,SABAE          5 Jul 1986 ______     Birth                 JAZGA 040C   styani | 20 Jan 1987            Death | [Death by: Unknown means]
8695,M,6 Jul 1986,7523,7612,fulgens,,1986-12-21,NZP-WASH       6 Jul 1986 107214     Birth                              fulgens | 21 Dec 1986            Death | [Death by: Other/Unknown       Incinerate]
8696,F,6 Jul 1986,7523,7612,fulgens,,1986-12-23,NZP-WASH       6 Jul 1986 107215     Birth                              fulgens | 23 Dec 1986            Death | [Death by: Other/Unknown       Incinerate]
8681,?,8 Jul 1986,8105,7805,fulgens,,1986-07-08,HELSINKI       8 Jul 1986 860100     Birth                              fulgens | 8 Jul 1986            Death | [Death by: Unknown means]
8624,M,10 Jul 1986,7904,7815,fulgens,,1996-05-30,DALLAS        10 Jul 1986 864748     Birth      M15 B.J.                fulgens | HOUSTON       30 Jan 1988   9326     Transfer | MARWELL        1 Jul 1992   2038     Transfer | PAIGNTON      14 Jan 1993    981     Transfer | LONDON RP     13 Mar 1996 A3243      Transfer | MARWELL       30 May 1996   2038     Transfer | 30 May 1996            Death | [Death by: Other/Unknown       Given to an institution:    Unknown (after necropsy)]
8625,F,10 Jul 1986,7904,7815,fulgens,,1996-04-14,DALLAS    10 Jul 1986 864747     Birth           PASHA                     fulgens | 14 Apr 1996            Death | [Death by: Infection associated   Mounted or Preserved:          Respiratory        Fungal]
8684,M,12 Jul 1986,8107,8313,fulgens,,1986-07-12,CINCINNAT 12 Jul 1986 M9087           Birth                                fulgens | 12 Jul 1986                 Death | [Death by: Environ/Behav conditions   Rendered        Generalized      Nutrition]
8685,F,12 Jul 1986,8107,8313,fulgens,,1986-07-12,CINCINNAT 12 Jul 1986 M9088           Birth                                fulgens | 12 Jul 1986                 Death | [Death by: Environ/Behav conditions   Rendered        Generalized      Nutrition]
8631,M,14 Jul 1986,7816,7814,fulgens,,2001-12-02,KNOXVILLE  14 Jul 1986    1097     Birth     Akashi                        fulgens | 7 Jul 1987    1097     Transfer | GREENVISC 31 Mar 1988 880128        Transfer | PROVIDNCE    1 Oct 1991 911058      Transfer | PORTLAND    18 Jan 1995 95008       Transfer | OR WILDLF 29 Sep 1998 86512         Transfer | 2 Dec 2001             Death | [Death by: Other/Unknown    Incinerate    Generalized   New growths/cancer]
8698,F,17 Jul 1986,7810,7809,fulgens,,1986-07-29,NZP-CRC       17 Jul 1986 107224     Birth                                 fulgens | 29 Jul 1986            Death | [Death by: Other/Unknown       Given to an institution:    Necropsy planned later]
8686,F,19 Jul 1986,7710,7707,fulgens,,1986-07-20,BALTIMORE     19 Jul 1986 87004       Birth                                fulgens | 20 Jul 1986             Death | [Death by: Other/Unknown       Incinerate    Necropsy planned later]
8687,F,19 Jul 1986,7710,7707,fulgens,,1986-07-20,BALTIMORE     19 Jul 1986 87005       Birth                                fulgens | 20 Jul 1986             Death | [Death by: Other/Unknown       Incinerate    Necropsy planned later]
8688,M,20 Dec 1986,8201,8212,fulgens,,1986-12-22,SYDNEY    20 Dec 1986 860097     Birth                                     fulgens | 22 Dec 1986            Death | [Death by: Environ/Behav conditions   Unknown   No necropsy planned]
8689,M,21 Dec 1986,8201,8212,fulgens,,1987-01-06,SYDNEY        21 Dec 1986 860098      Birth                                fulgens | 6 Jan 1987             Death | [Death by: Unknown means]
8602,M,26 Dec 1986,7701,7920,fulgens,,2002-01-24,ADELAIDE    26 Dec 1986 860110   Birth      'Y'         fulgens | HONG KONG    8 Dec 1988 ______   Transfer | HIGASHIIZ        ~ 1992 ______   Transfer | 24 Jan 2002          Death | [Death by: Unknown means]
8603,F,26 Dec 1986,7701,7920,fulgens,,2000-10-31,ADELAIDE  26 Dec 1986 860111     Birth                  fulgens | ROTTERDAM 29 Jul 1988 103628     Transfer | 1 Jan 1996 103628     Transfer | 31 Oct 2000            Death | [Death by: Euthanasia (medical)   Unknown   Unknown (after necropsy)]
8763,M,12 May 1987,UNK,UNK,styani,,1999-06-05,LANCHOW   12 May 1987 ______     Birth     LONG QIANG   styani | OKLAHOMA  26 Oct 1988 477802     Transfer | SEATTLE    7 Dec 1993 930380     Transfer | 5 Jun 1999            Death | [Death by: Euthanasia (medical)   Unknown   Unknown (after necropsy)]
9095,M,~ May 1987,WILD,WILD,styani,,2005-01-20,WUO BIAN     ~ May 1987   NONE   Capture    JIAO JIAO   styani | CHINA          ????       JAIO   Transfer | BATTLE CR   15 Nov 1990   0377   Transfer | COLUMBUS    13 Nov 1997 972072   Transfer | 20 Jan 2005          Death | [Death by: Unknown means]
9096,F,~ May 1987,WILD,WILD,styani,,2004-06-10,WUO BIAN     ~ May 1987   NONE   Capture    WEI WEI     styani | CHINA          ????     WEIWEI   Transfer | BATTLE CR   15 Nov 1990   0378   Transfer | SEATTLE     12 Nov 1997 970380   Transfer | 10 Jun 2004          Death | [Death by: Unknown means]
8762,F,17 May 1987,UNK,UNK,styani,,2006-11-02,LANCHOW     17 May 1987 ______   Birth      LONG HUA    styani | OKLAHOMA    21 Oct 1988 477301   Transfer | 2 Nov 2006          Death | [Death by: Unknown means]
8701,M,24 May 1987,8629,8630,styani,,2003-04-14,COLUMBUS    24 May 1987 872074   Birth      MATTHEW     styani | CINCINNAT   29 Feb 1988 872074   Transfer | CLEVELAND   11 May 1988 880518   Transfer | CINCINNAT   20 Jul 1988   M9110   Transfer | FT WAYNE    14 Oct 1993   93090   Transfer | 14 Apr 2003           Death | [Death by: Unknown means]
8702,F,24 May 1987,8629,8630,styani,,2004-07-27,COLUMBUS    24 May 1987 872075    Birth      PETUNIA                   styani | CINCINNAT   29 Feb 1988 M9111     Transfer | NASHV ZOO    9 Dec 1993 940047    Transfer | MEMPHIS     30 Dec 2001 20293     Transfer | 27 Jul 2004           Death | [Death by: Unknown means]
8703,F,24 May 1987,8629,8630,styani,,1988-04-14,COLUMBUS   24 May 1987 872076     Birth     TARA                       styani | 14 Apr 1988            Death | [Death by: Euthanasia (medical)         Given to an institution:    Necropsy planned later       Unknown after necropsy]
8752,M,31 May 1987,8534,8535,styani,YUU-YUU,2007-12-19,NAGANO      31 May 1987 ______    Birth      YUU-YUU      JAZGA 048C   styani | SABAE       25 Nov 1988 ______    Transfer | 19 Dec 2007           Death | [Death by: Unknown means]
8753,F,31 May 1987,8534,8535,styani,JAZGA,2003-05-13,NAGANO     31 May 1987 ______     Birth                   JAZGA 049C   styani | SASEBO     30 Oct 1991 ______     Transfer | 13 May 2003            Death | [Death by: Old age      Unknown   No necropsy planned]
8705,M,4 Jun 1987,8516,8517,styani,,2003-01-04,CINCINNAT    4 Jun 1987 M9097     Birth      YANG/LESTE                styani | COLUMBUS    29 Feb 1988 882068    Transfer | TOLEDO      21 Apr 1988 880004    Transfer | COLUMBUS    17 Nov 1988 882068    Transfer | CLEVELAND   22 Dec 1988 881215    Transfer | COLUMBUS    29 Dec 1988 882068    Transfer | TOLEDO      29 Nov 1994 880004    Transfer | OKLAHOMA    13 Dec 1996 701805    Transfer | 4 Jan 2003           Death | [Death by: Unknown means]
8706,F,4 Jun 1987,8516,8517,styani,,2002-04-04,CINCINNAT    4 Jun 1987 M9098     Birth      CHANG                     styani | SEATTLE      3 Mar 1988 880072    Transfer | GRANBY      28 May 1991 M91032    Transfer | 14 Nov 1994 M91032    Transfer | 4 Apr 2002           Death | [Death by: Infection associated        Incinerate      Respiratory     Bacterial]
8707,M,4 Jun 1987,8516,8517,styani,,1988-03-12,CINCINNAT      4 Jun 1987 M9096     Birth                                   styani | 12 Mar 1988           Death | [Death by: Other/Unknown         Bury   Nervous  Unknown after necropsy]
8747,F,13 Jun 1987,8417,8416,fulgens,,1996-11-02,HIGASHIIZ    13 Jun 1987 ______        Birth       ATAGAWA                  fulgens | ADELAIDE     29 Oct 1989 890259        Transfer | SYDNEY        5 Dec 1994 940309        Transfer | MOGO         18 Jul 1996 ______        Transfer | 2 Nov 1996               Death | [Death by: Unknown means]
8739,?,15 Jun 1987,8102,8307,fulgens,,1987-06-15,HOUSTON      15 Jun 1987   8532        Birth                                fulgens | 15 Jun 1987               Death | [Death by: Unknown means]
8720,M,20 Jun 1987,8311,8115,fulgens,,1987-09-07,ANTWERP    20 Jun 1987 M8647A     Birth     OLGA                            fulgens | 7 Sep 1987            Death | [Death by: Other/Unknown        Unknown    Necropsy planned later   Unknown after necropsy]
8721,F,20 Jun 1987,8311,8115,fulgens,,2004-07-19,ANTWERP 20 Jun 1987 M8647B     Birth     OLGA                               fulgens | ROTTERDAM | 13 Feb 1988 103539     Transfer | ZURICH  17 Jan 1995 950002     Transfer | 19 Jul 2004            Death | [Death by: Infection associated   Unknown   Generalized   Bacterial]
8754,M,20 Jun 1987,8534,8536,styani,JAZGA,1987-06-22,NAGANO       20 Jun 1987 ______        Birth                   JAZGA 051C   styani | 22 Jun 1987               Death | [Death by: Unknown means]
8743,F,22 Jun 1987,8119,8103,fulgens,,,ESKILSTUN    22 Jun 1987 ______        Birth                                fulgens | ~ 1991               Death | [Death by: Unknown means]
8744,F,22 Jun 1987,8119,8103,fulgens,,1988-10-01,ESKILSTUN    22 Jun 1987 ______        Birth                                fulgens | 1 Oct 1988               Death | [Death by: Unknown means]
8745,M,22 Jun 1987,8204,8322,fulgens,,1987-06-28,LEIPZIG      22 Jun 1987 M07510        Birth                                fulgens | 28 Jun 1987               Death | [Death by: Unknown means]
8746,M,22 Jun 1987,8204,8322,fulgens,,1987-08-08,LEIPZIG       22 Jun 1987 M07511     Birth                                fulgens | 8 Aug 1987            Death | [Death by: Unknown means]
8710,F,24 Jun 1987,8006,8110,fulgens,,1992-04-10,KNOXVILLE     24 Jun 1987   1157     Birth      ABSOLUTELY                fulgens | INDIANAPL     13 Apr 1989 890144     Transfer | 10 Apr 1992            Death | [Death by: Other/Unknown       Unknown   Necropsy planned later]
8715,F,24 Jun 1987,8421,8422,fulgens,,2001-06-17,MADRID Z      24 Jun 1987    PR8     Birth     MAYRA                      fulgens | 17 Jun 2001            Death | [Death by: Other/Unknown       Unknown   Generalized   Unknown after necropsy]
8716,F,24 Jun 1987,8421,8422,fulgens,,1987-08-05,MADRID Z      24 Jun 1987    PR7     Birth      CLARA                     fulgens | 5 Aug 1987            Death | [Death by: Unknown means]
8740,M,25 Jun 1987,8105,7805,fulgens,,1987-07-18,HELSINKI      25 Jun 1987 870112     Birth                                fulgens | 18 Jul 1987            Death | [Death by: Unknown means]
8741,M,25 Jun 1987,8105,7805,fulgens,,1987-07-22,HELSINKI      25 Jun 1987 870113     Birth                                fulgens | 22 Jul 1987            Death | [Death by: Other/Unknown       Unknown   Necropsy planned later]
8742,F,29 Jun 1987,8303,8116,fulgens,,1988-08-18,HELSINKI  29 Jun 1987 870114     Birth     ELLA=EMILIFF/HE/87/42 fulgens | KRISTIANS 25 Apr 1988 ______     Transfer | 18 Aug 1988            Death | [Death by: Injury from predator   Bury   No necropsy planned]
8711,M,1 Jul 1987,8317,7812,fulgens,,1993-08-23,KNOXVILLE      1 Jul 1987   1163     Birth     Shaun                      fulgens | INDIANAPL     13 Apr 1989 890143     Transfer | BALTIMORE      5 Dec 1991 91109      Transfer | 23 Aug 1993            Death | [Death by: Anesth/Restraint assoc       Unknown      Generalized   Unknown after necropsy] | 8856     M       ????           WILD    WILD   CHINA            ????       NONE     Capture                 JAZGA 092C   styani | TOKUYAMA      14 Dec 1988 ______     Transfer | 17 Sep 2001            Death | [Death by: Unknown means]
8928,M,~ 1987,WILD,WILD,styani,JAZGA,1989-12-11,CHINA          ????       NONE   Capture          JAZGA 096C   styani | CHIBA SHI    5 May 1989 ______   Transfer | 11 Dec 1989          Death | [Death by: Unknown means]
8929,M,~ 1987,WILD,WILD,styani,TOM,1998-08-02,CHINA          ????       NONE   Capture    TOM   JAZGA 094C   styani | TOKUYAMA     4 May 1989 ______   Transfer | 2 Aug 1998          Death | [Death by: Unknown means]
8930,M,~ 1987,WILD,WILD,styani,JAZGA,1995-01-25,CHINA          ????       NONE   Capture          JAZGA 095C   styani | KUSHIRO Z    4 May 1989 ______   Transfer | 25 Jan 1995          Death | [Death by: Unknown means]
8931,F,~ 1987,WILD,WILD,styani,JAZGA,2000-08-08,CHINA          ????       NONE   Capture          JAZGA 097C   styani | TOBE        20 May 1989 ______   Transfer | 8 Aug 2000          Death | [Death by: Unknown means]
8932,F,~ 1987,WILD,WILD,styani,JAZGA,1991-11-13,CHINA          ????       NONE   Capture          JAZGA 098C   styani | CHIBA SHI   20 May 1989 ______   Transfer | 13 Nov 1991          Death | [Death by: Unknown means]
8933,F,~ 1987,WILD,WILD,styani,,1999-01-17,CHINA          ????       NONE   Capture    19    JAZGA 113C   styani | YOKOHAMA     1 Sep 1989 940295   Transfer | 17 Jan 1999          Death | [Death by: Unknown means]
8934,M,~ 1987,WILD,WILD,styani,,1999-01-03,CHINA          ????       NONE   Capture    18    JAZGA 114C   styani | YOKOHAMA     1 Sep 1989 940294   Transfer | 3 Jan 1999          Death | [Death by: Unknown means]
8935,M,~ 1987,WILD,WILD,styani,JAZGA,2001-11-16,CHINA          ????       NONE   Capture          JAZGA 115C   styani | ITOZU       11 Oct 1989 ______   Transfer | 16 Nov 2001          Death | [Death by: Unknown means]
8936,F,~ 1987,WILD,WILD,styani,JAZGA,2008-11-21,CHINA          ????       NONE   Capture          JAZGA 116C   styani | ITOZU       11 Oct 1989 ______   Transfer | 21 Nov 2008            Death | [Death by: Unknown means]
8976,F,~ 1987,WILD,WILD,styani,NAMU,1994-10-15,CHINA            ????       NONE     Capture    NAMU         JAZGA 055S   styani | TOMIOKA        1 Jun 1989 ______     Transfer | 15 Oct 1994            Death | [Death by: Unknown means]
8977,M,~ 1987,WILD,WILD,styani,NANA,,CHINA            ????       NONE     Capture    NANA         JAZGA 241C   styani | TOHOKU PK      1 Jun 1989 ______     Transfer
8983,F,~ 1987,WILD,WILD,styani,HAMI,1994-11-11,CHINA            ????       NONE     Capture    HAMI         JAZGA 045S   styani | TOMIOKA        1 Feb 1989 ______     Transfer | 11 Nov 1994            Death | [Death by: Unknown means]
8712,M,2 Jul 1987,8012,8014,fulgens,,2000-03-06,NZP-WASH       2 Jul 1987 107726     Birth      WICKET                    fulgens | KNOXVILLE     29 Oct 1987   1176     Transfer | COLO SPRG     21 Apr 1992 92M018     Transfer | 6 Mar 2000            Death | [Death by: Unknown means]
8729,F,2 Jul 1987,7511,7913,fulgens,,1993-12-12,ROTTERDAM      2 Jul 1987 102971     Birth      AR-33 NIMA                fulgens | AMSTERDAM     20 Dec 1988 M88155     Transfer | 12 Dec 1993            Death | [Death by: Unknown means]
8730,M,2 Jul 1987,7511,7913,fulgens,,1997-05-05,ROTTERDAM      2 Jul 1987 102972     Birth     VISHNU                     fulgens | MADRID Z       4 Jan 1989   PR17     Transfer | 5 May 1997            Death | [Death by: Other/Unknown       Unknown   Generalized   Unknown after necropsy]
8731,M,2 Jul 1987,7511,7913,fulgens,,1998-03-01,ROTTERDAM      2 Jul 1987 102973     Birth      VEDA                      fulgens | BARCELONA     29 Nov 1989   2325     Transfer | 1 Jan 1997   2325     Transfer | 1 Mar 1998            Death | [Death by: Unknown means]
8717,M,3 Jul 1987,8202,8211,fulgens,,1992-12-24,EDINBURGH  3 Jul 1987 870711     Birth     NICK                           fulgens | BELFAST   31 Mar 1988    102     Transfer | 24 Dec 1992            Death | [Death by: Infection associated   Unknown   Respiratory   Protozoan]
8783,M,4 Jul 1987,UNK,UNK,styani,JAZGA,1998-07-16,CHINA          4 Jul 1987 ______      Birth                   JAZGA 144C   styani | KOCHI NOI     27 May 1991 ______      Transfer | 16 Jul 1998             Death | [Death by: Unknown means]
8748,F,8 Jul 1987,7810,7809,fulgens,,1987-07-11,NZP-CRC        8 Jul 1987 107729     Birth                                 fulgens | 11 Jul 1987            Death | [Death by: Other/Unknown         Given to an institution:    Necropsy planned later]
8704,M,9 Jul 1987,8109,8313,styani,,1987-09-19,CINCINNAT      9 Jul 1987   M9101     Birth                                styani | 19 Sep 1987             Death | [Death by: Unknown means]
8708,M,12 Jul 1987,8101,8310,fulgens,,1987-07-23,DENVER        12 Jul 1987   10685     Birth                                fulgens | 23 Jul 1987             Death | [Death by: Unknown means]
8709,F,12 Jul 1987,8101,8310,fulgens,,1987-07-22,DENVER        12 Jul 1987   10686     Birth                                fulgens | 22 Jul 1987             Death | [Death by: Unknown means]
8713,M,26 Jul 1987,8528,8427,styani,YOUYOU,2007-11-23,SABAE         26 Jul 1987 ______      Birth      YOUYOU       JAZGA 059C   styani | NAGANO        24 Nov 1988 ______      Transfer | 23 Nov 2007             Death | [Death by: Unknown means]
8714,F,26 Jul 1987,8528,8427,styani,RAN-RAN,,SABAE         26 Jul 1987 ______      Birth      RAN-RAN      JAZGA 060C   styani
8726,F,30 Jul 1987,7816,7814,fulgens,,1990-09-27,KNOXVILLE  30 Jul 1987       1166     Birth     Spandeau                   fulgens | 27 Sep 1990                Death | [Death by: Infection associated         Given to an institution:        Respiratory   Unknown after necropsy]
8727,F,30 Jul 1987,7816,7814,fulgens,,1987-08-02,KNOXVILLE  30 Jul 1987       1165     Birth     Zowie                      fulgens | 2 Aug 1987                Death | [Death by: Infection associated         Given to an institution:        Necropsy planned later       Unknown after necropsy]
8736,F,26 Nov 1987,8401,8507,fulgens,,1999-08-20,SYDNEY  26 Nov 1987 870104     Birth     L61/3 SUE                         fulgens | MARWELL 26 Jul 1989   1322     Transfer | PAIGNTON31 Oct 1990    799     Transfer | 20 Aug 1999            Death | [Death by: Euthanasia (medical)   Unknown   No necropsy planned]
8737,M,26 Nov 1987,8401,8507,fulgens,,1997-08-17,SYDNEY        26 Nov 1987 870105       Birth     SYDNEY         fulgens | MARWELL       26 Jul 1989   1321       Transfer | MADRID Z      12 Feb 1990   PR16       Transfer | 17 Aug 1997              Death | [Death by: Other/Unknown         Unknown   Generalized     Unknown after necropsy]
8722,M,11 Dec 1987,7701,7906,fulgens,,1987-12-14,ADELAIDE11 Dec 1987 870321             Birth       'AA'         fulgens | 14 Dec 1987                    Death | [Death by: Environ/Behav conditions   Rendered           Digestive     Nutrition]
8723,M,17 Dec 1987,7701,7920,fulgens,,1987-12-19,ADELAIDE17 Dec 1987 870323             Birth     'BB'           fulgens | 19 Dec 1987                    Death | [Death by: Injury from exhibit mate   Rendered           Cardiovascular    Trauma]
8724,F,17 Dec 1987,7701,7920,fulgens,,1987-12-19,ADELAIDE17 Dec 1987 870324             Birth     'CC'           fulgens | 19 Dec 1987                    Death | [Death by: Injury from exhibit mate   Rendered           Cardiovascular    Trauma]
8725,F,17 Dec 1987,7701,7920,fulgens,,1987-12-23,ADELAIDE   17 Dec 1987 870325      Birth     'DD'               fulgens | 23 Dec 1987             Death | [Death by: Infection associated         Mounted or Preserved:    Respiratory    Bacterial]
8738,M,20 Dec 1987,8201,8212,fulgens,,1999-03-05,SYDNEY        20 Dec 1987 870106       Birth     M10 SWEEP      fulgens | MARWELL       26 Jul 1989   1323       Transfer | MADRID Z      21 Jan 1993   PR43       Transfer | 5 Mar 1999              Death | [Death by: Other/Unknown         Unknown   Generalized     Unknown after necropsy]
8801,M,29 May 1988,8629,8630,styani,,2000-01-02,COLUMBUS      29 May 1988 882070       Birth       STING        styani | CINCINNAT      9 Jun 1989 189055       Transfer | MINNESOTA      7 Oct 1992   7582       Transfer | SEATTLE        8 Dec 1998 980327       Transfer | 2 Jan 2000              Death | [Death by: Unknown means]
8802,F,5 Jun 1988,7904,8305,fulgens,,2006-06-05,NZP-WASH       5 Jun 1988 108157       Birth       BEJING       fulgens | BUFFALO        1 May 1989 89M100       Transfer | 2 Oct 1990 89M100       Transfer | KNOXVILLE     27 Jan 1993   1552       Transfer | JACKSON        3 May 1996 961012       Transfer | KNOXVILLE     26 Jun 1997   1552       Transfer | DETROIT        5 Feb 2000   7673       Transfer | 5 Jun 2006              Death | [Death by: Unknown means]
8803,F,5 Jun 1988,7904,8305,fulgens,,2000-10-28,NZP-WASH       5 Jun 1988 108158     Birth      JAMIE           fulgens | NZP-CRC       20 Apr 1989 108158     Transfer | 23 Feb 1996 108158     Transfer | 28 Oct 2000            Death | [Death by: Other/Unknown         Unknown   Unknown (after necropsy)]
8861,F,8 Jun 1988,8615,8503,fulgens,,1988-09-27,MADRID Z       8 Jun 1988   PR13       Birth      TARAI         fulgens | 27 Sep 1988              Death | [Death by: Unknown means]
8862,M,8 Jun 1988,8615,8503,fulgens,,1994-02-07,MADRID Z   8 Jun 1988   PR12           Birth     M11 NEWARI     fulgens | MARWELL   17 Feb 1990   1380           Transfer | 7 Feb 1994                  Death | [Death by: Other/Unknown        Given to an institution:    Generalized         Unknown after necropsy]
8804,M,12 Jun 1988,8102,8625,fulgens,,1998-02-15,DALLAS     12 Jun 1988 886226      Birth     LITTLE             fulgens | UTICA      23 May 1989 189031      Transfer | NASHV ZOO  18 Jun 1997 940711      Transfer | 15 Feb 1998             Death | [Death by: Other/Unknown        Incinerate    Necropsy planned later    Unknown after necropsy]
8805,M,15 Jun 1988,8516,8517,styani,,1997-10-09,CINCINNAT     15 Jun 1988 M9115        Birth      CINCY         styani | COLUMBUS       9 Jun 1989 892082       Transfer | TOLEDO        23 May 1990 900023       Transfer | COLUMBUS      29 Nov 1994 892082       Transfer | 9 Oct 1997              Death | [Death by: Unknown means]
8806,F,15 Jun 1988,8516,8517,styani,,1988-12-14,CINCINNAT     15 Jun 1988 M9116      Birth                      styani | 14 Dec 1988            Death | [Death by: Other/Unknown         Rendered   Unknown (after necropsy)]
8807,F,15 Jun 1988,8516,8517,styani,,1992-10-22,CINCINNAT     15 Jun 1988 M9117        Birth     MING           styani | MINNESOTA      7 Oct 1992    7584      Transfer | 22 Oct 1992              Death | [Death by: Other/Unknown         Incinerate    Digestive    Metabolism]
8863,F,16 Jun 1988,8421,8422,fulgens,,1998-09-13,MADRID Z      16 Jun 1988   PR11       Birth      PATAN/MONT    fulgens | BARCELONA   29 Mar 1989   2091    Transfer | MADRID Z    10 Dec 1989   PR11    Transfer | 13 Sep 1998           Death | [Death by: Unknown means]
8864,F,16 Jun 1988,8421,8422,fulgens,,2003-08-08,MADRID Z    16 Jun 1988   PR10    Birth      NURIA                fulgens | BARCELONA   31 Dec 1989   2092    Transfer | ZURICH      22 Jun 2001 A10115    Transfer | 8 Aug 2003           Death | [Death by: Unknown means]
8865,M,16 Jun 1988,8421,8422,fulgens,,2007-09-24,MADRID Z    16 Jun 1988    PR9    Birth      JOS‚                 fulgens | BARCELONA   29 Mar 1989 ______    Transfer | KOLN        13 Dec 1989   1091    Transfer | 24 Sep 2007           Death | [Death by: Unknown means]
8808,M,17 Jun 1988,8518,8519,styani,,1990-08-20,SEATTLE 17 Jun 1988 880262     Birth                              styani | 20 Aug 1990            Death | [Death by: Euthanasia (medical)   Unknown   No necropsy planned]
8824,F,17 Jun 1988,8311,8115,fulgens,,2003-01-10,ANTWERP 17 Jun 1988 M8808     Birth     PATSY                     fulgens | KOLN     8 May 1989   979     Transfer | 10 Jan 2003           Death | [Death by: Euthanasia (medical)   Unknown  Unknown (after necropsy)]
8839,M,17 Jun 1988,8534,8535,styani,,1988-10-18,NAGANO      17 Jun 1988 ______    Birth                           styani | 18 Oct 1988           Death | [Death by: Unknown means]
8840,F,17 Jun 1988,8534,8535,styani,REI,2008-01-19,NAGANO     17 Jun 1988 ______     Birth      REI     JAZGA 072C   styani | 19 Jan 2008            Death | [Death by: Old age      Unknown   Unknown (after necropsy)]
8831,M,18 Jun 1988,8757,8758,styani,JAZGA,2007-02-08,SENDAISHI   18 Jun 1988 ______    Birth              JAZGA 073C   styani | 8 Feb 2007           Death | [Death by: Unknown means]
8832,M,19 Jun 1988,8757,8759,styani,,1990-01-28,SENDAISHI   19 Jun 1988 ______    Birth                           styani | 28 Jan 1990           Death | [Death by: Unknown means]
8833,F,19 Jun 1988,8757,8759,styani,MEI-MEI,2007-11-10,SENDAISHI     19 Jun 1988 ______     Birth      MEI-MEI   JAZGA 075C   styani | SABAE         29 Nov 1990 ______     Transfer | EDOGAWA        9 Nov 2001 ______     Transfer | 10 Nov 2007            Death | [Death by: Unknown means]
8876,F,19 Jun 1988,UNK,UNK,styani,MAI-MAI,1999-04-07,CHINA         19 Jun 1988 ______     Birth      MAI-MAI   JAZGA 145C   styani | TOKUYAMA      27 May 1991 ______     Transfer | 7 Apr 1999            Death | [Death by: Unknown means]
90122,M,19 Jun 1988,UNK,UNK,styani,,2002-02-06,CHENGDU   19 Jun 1988 ______         Birth     3                       styani | WINNIPEG  17 Jun 1990 910154         Transfer | 6 Feb 2002                Death | [Death by: Other/Unknown        Sold to an institution:    Cardiovascular       Mechanical abnormality]
8860,M,20 Jun 1988,8119,8103,fulgens,,2000-01-19,ESKILSTUN 20 Jun 1988 ES8860         Birth     M19 Peter               fulgens | DUISBURG  16 Jan 1990    976         Transfer | AMSTERDAM 14 Jan 1992 M92001         Transfer | ROTTERDAM 12 Jan 1995 105080         Transfer | BURFORD    9 Sep 1997 MM109          Transfer | MARWELL    7 Jan 1998   3947         Transfer | 19 Jan 2000                Death | [Death by: Other/Unknown        Given to an institution:    Generalized       Unknown after necropsy]
8809,F,21 Jun 1988,8006,8110,fulgens,,1997-09-07,KNOXVILLE     21 Jun 1988   1242     Birth     BRIENNA                 fulgens | MILL MOUN     13 Jun 1989   0235     Transfer | 7 Sep 1997            Death | [Death by: Other/Unknown         Given to an institution:    Generalized    Bacterial]
8810,F,21 Jun 1988,8109,8313,fulgens,,2004-09-01,CINCINNAT     21 Jun 1988 M9118      Birth      POSSUM                 fulgens | ST LOUIS      20 Dec 1988 088100     Transfer | COLUMBUS       9 May 1989 892043     Transfer | KNOXVILLE     31 Mar 1991   1426     Transfer | JACKSON        3 May 1996 961010     Transfer | 2 Oct 2000 961010     Transfer | 13 Oct 2002 961010     Transfer | 1 Sep 2004            Death | [Death by: Unknown means]
8811,M,22 Jun 1988,8101,8310,fulgens,,1989-06-18,DENVER        22 Jun 1988   11185    Birth                             fulgens | 18 Jun 1989            Death | [Death by: Unknown means]
8812,F,22 Jun 1988,8101,8310,fulgens,,1997-02-26,DENVER        22 Jun 1988   11186    Birth      TALI                   fulgens | LINCOLN C     26 May 1989     612    Transfer | 26 Feb 1997            Death | [Death by: Unknown means]
8841,M,22 Jun 1988,8017,8018,styani,JAZGA,2007-12-06,NARA          22 Jun 1988 ______     Birth                JAZGA 076C   styani | NISHISONO      9 Apr 2004 ______     Transfer | 6 Dec 2007            Death | [Death by: Unknown means]
8842,M,22 Jun 1988,8017,8018,styani,KOU-KOU,2008-01-22,NARA       22 Jun 1988 ______     Birth         KOU-KOU   JAZGA 077C   styani | SABAE      18 Feb 1993 ______     Transfer | 22 Jan 2008            Death | [Death by: Old age      Unknown   Unknown (after necropsy)]
8843,M,22 Jun 1988,8639,8640,styani,,1988-06-22,ICHIKAWA      22 Jun 1988 ______     Birth                             styani | 22 Jun 1988            Death | [Death by: Unknown means]
90123,F,24 Jun 1988,UNK,UNK,styani,,2000-10-15,CHENGDU       24 Jun 1988 ______     Birth      4                      styani | WINNIPEG      17 Jun 1990 910155     Transfer | 15 Oct 2000            Death | [Death by: Unknown means]
8827,F,25 Jun 1988,8410,8606,fulgens,,1993-12-02,HELSINKI      25 Jun 1988 880125     Birth     FLORENCE                fulgens | KRISTIANS     16 Mar 1989 ______     Transfer | 2 Dec 1993            Death | [Death by: Other/Unknown         Given to an institution:    No necropsy planned]
8828,F,25 Jun 1988,8410,8606,fulgens,,1988-07-14,HELSINKI      25 Jun 1988 880126     Birth                             fulgens | 14 Jul 1988            Death | [Death by: Other/Unknown         Unknown   Necropsy planned later]
8822,M,26 Jun 1988,8204,8322,fulgens,,1995-02-21,LEIPZIG    26 Jun 1988 M07512     Birth     ALF                        fulgens | HUNBSTRND  28 Sep 1989 890091     Transfer | KRISTIANS  27 Jul 1992 ______     Transfer | HELSINKI    5 Oct 1994 880184     Transfer | 21 Feb 1995            Death | [Death by: Infection associated         Given to an institution:    Generalized   Viral]
8823,F,26 Jun 1988,8204,8322,fulgens,,1995-12-22,LEIPZIG       26 Jun 1988 M00361     Birth     RODA                   fulgens | 22 Dec 1995            Death | [Death by: Other/Unknown         Unknown   Generalized   Unknown after necropsy]
8838,F,26 Jun 1988,8528,8426,styani,AI-AI,2006-01-07,SABAE      26 Jun 1988 ______     Birth         AI-AI    JAZGA 082C   styani | 7 Jan 2006            Death | [Death by: Old age      Unknown   No necropsy planned]
8813,M,30 Jun 1988,8633,8505,fulgens,,1991-03-13,NZP-CRC       30 Jun 1988 108189     Birth     MIKE                   fulgens | LANSING       31 Jul 1990   1318     Transfer | 13 Mar 1991            Death | [Death by: Infection associated         Unknown      Necropsy planned later   Unknown after necropsy]
8814,M,30 Jun 1988,8633,8505,fulgens,,1996-09-28,NZP-CRC       30 Jun 1988 108190     Birth      VANCE                 fulgens | LANSING       31 Jul 1990   1319     Transfer | NZP-DZR       31 Jul 1990 108190     Transfer | TORONTO        1 Sep 1994 30098      Transfer | 28 Sep 1996            Death | [Death by: Other/Unknown         Unknown   Necropsy planned later]
8815,F,30 Jun 1988,8633,8505,fulgens,,1993-07-07,NZP-CRC    30 Jun 1988 108191     Birth     RUBY                      fulgens | NZP-DZR    21 Jul 1989 108191     Transfer | S BARBARA  26 Jul 1989 29844      Transfer | 7 Jul 1993            Death | [Death by: Infection associated         Given to an institution:    Respiratory   Bacterial]
8221,F,~ 1988,WILD,WILD,fulgens,,1997-07-02,DARJEELIN          ~ 1990 ______     Transfer   AMITA                 fulgens | 2 Jul 1997            Death | [Death by: Unknown means]
8820,F,1 Jul 1988,8508,8512,fulgens,,2000-03-20,PORTLAND 1 Jul 1988 88042      Birth     POLLY                        fulgens | NZP-DZR 26 Oct 1988 108327     Transfer | DENVER  28 Nov 1989 11920      Transfer | 20 Mar 2000            Death | [Death by: Euthanasia (medical)   Unknown   Unknown (after necropsy)]
9030,M,~ 1988,WILD,WILD,styani,,1994-07-23,SHANGHAI         ????     ______     Transfer VIKTOR                  styani | BUDAPEST       2 Dec 1990 000072     Transfer | 23 Jul 1994            Death | [Death by: Other/Unknown         Given to an institution:    Digestive  Metabolism]
9031,F,~ 1988,WILD,WILD,styani,,1992-09-10,SHANGHAI         ????     ______     Transfer   VIVI                  styani | BUDAPEST       2 Dec 1990 000315     Transfer | 10 Sep 1992            Death | [Death by: Unknown means]
9063,M,~ 1988,WILD,WILD,styani,JAZGA,1994-11-24,CHINA            ????       NONE     Capture        JAZGA 121C   styani | KYOTO         13 Feb 1990 ______     Transfer | 24 Nov 1994            Death | [Death by: Unknown means]
9064,F,~ 1988,WILD,WILD,styani,JAZGA,2004-04-01,CHINA            ????        NONE     Capture       JAZGA 122C   styani | KYOTO         13 Feb 1990 ______      Transfer | 1 Apr 2004             Death | [Death by: Infection associated         Unknown      Respiratory    Unknown after necropsy]
9065,M,~ 1988,WILD,WILD,styani,JAZGA,1990-09-08,CHINA            ????       NONE     Capture        JAZGA 123C   styani | CHIBA SHI     27 Mar 1990 ______     Transfer | 8 Sep 1990            Death | [Death by: Unknown means]
9066,F,~ 1988,WILD,WILD,styani,JAZGA,2005-07-04,CHINA            ????       NONE     Capture        JAZGA 124C   styani | CHIBA SHI     27 Mar 1990 ______     Transfer | 4 Jul 2005            Death | [Death by: Unknown means]
9067,M,~ 1988,WILD,WILD,styani,JAZGA,1996-03-24,CHINA            ????       NONE     Capture        JAZGA 133C   styani | IWAMIZAWA      1 Jul 1990 ______     Transfer | 24 Mar 1996            Death | [Death by: Unknown means]
9068,F,~ 1988,WILD,WILD,styani,JAZGA,1997-05-22,CHINA            ????       NONE     Capture        JAZGA 134C   styani | IWAMIZAWA      1 Jul 1990 ______     Transfer | 22 May 1997            Death | [Death by: Unknown means]
9069,M,~ 1988,WILD,WILD,styani,JAZGA,1999-01-05,CHINA            ????       NONE     Capture        JAZGA 139C   styani | SASEBO        19 Aug 1990 ______     Transfer | 5 Jan 1999            Death | [Death by: Unknown means]
9070,F,~ 1988,WILD,WILD,styani,JAZGA,1990-12-01,CHINA            ????       NONE     Capture        JAZGA 140C   styani | NISHISONO     19 Aug 1990 ______     Transfer | 1 Dec 1990            Death | [Death by: Unknown means]
9071,F,~ 1988,WILD,WILD,styani,JAZGA,1991-07-28,CHINA            ????       NONE     Capture              JAZGA 141C   styani | TOKYOTAMA     15 Nov 1990 ______     Transfer | 28 Jul 1991            Death | [Death by: Unknown means]
9072,M,~ 1988,WILD,WILD,styani,JAZGA,2002-12-02,CHINA         ????       NONE     Capture                 JAZGA 142C   styani | KAGAWA     10 Dec 1990 ______     Transfer | OKAYAMA     5 Nov 2000 ______     Transfer | 2 Dec 2002            Death | [Death by: Old age      Unknown   No necropsy planned]
9073,F,~ 1988,WILD,WILD,styani,JAZGA,2007-11-23,CHINA            ????       NONE     Capture              JAZGA 143C   styani | KAGAWA        10 Dec 1990 ______     Transfer | IKEDA ZOO     23 Nov 2000 ______     Transfer | 23 Nov 2007            Death | [Death by: Unknown means]
9097,M,~ 1988,WILD,WILD,styani,,,ASIA               ~ 1989   NONE     Capture    CHENGDU                styani | GRND PRAI        ????      30381     Transfer | CINCINNAT      7 Aug 1990 190187     Transfer | BUENOSAIR     16 Jul 1991 ______     Transfer
9285,M,~ 1988,WILD,WILD,styani,,1994-05-14,CHINA            ????        NONE     Capture   BAMBU                  styani | BEIJING            ~ 1988 ______      Transfer | LISBON        23 Nov 1990       6     Transfer | 14 May 1994             Death | [Death by: Other/Unknown         Incinerate    Unknown (after necropsy)]
9286,F,~ 1988,WILD,WILD,styani,,1999-05-16,CHINA         ????       NONE     Capture   CHINA                      styani | BEIJING         ~ 1989 ______     Transfer | LISBON     23 Nov 1990      7     Transfer | 16 May 1999            Death | [Death by: Infection associated         Given to an institution:    Urinary   Bacterial]
8835,M,3 Jul 1988,8417,8416,fulgens,,1994-04-20,HIGASHIIZ      3 Jul 1988 ______     Birth      ALICE                  fulgens | HONG KONG     13 Nov 1989 890004     Transfer | 20 Apr 1994            Death | [Death by: Unknown means]
8836,F,3 Jul 1988,8417,8416,fulgens,JAZG,2002-08-04,HIGASHIIZ      3 Jul 1988 ______     Birth                JAZG 084H    fulgens | 4 Aug 2002            Death | [Death by: Unknown means]
8816,F,4 Jul 1988,7810,7809,fulgens,,1990-10-02,NZP-CRC        4 Jul 1988 108193     Birth      18                       fulgens | NZP-DZR       26 Apr 1989 108193     Transfer | DENVER        28 Nov 1989 11921      Transfer | 2 Oct 1990            Death | [Death by: Unknown means]
8821,?,4 Jul 1988,7810,7809,fulgens,,1988-07-05,NZP-CRC        4 Jul 1988 108201     Birth                               fulgens | 5 Jul 1988            Death | [Death by: Unknown means]
8817,M,9 Jul 1988,7816,7814,fulgens,,1988-09-20,KNOXVILLE   9 Jul 1988      1241     Birth     SUNDAR                    fulgens | NZP-DZR    20 Sep 1988               Death | [Death by: Infection associated         Given to an institution:       Respiratory   Bacterial]
8818,M,11 Jul 1988,8306,8118,fulgens,,1999-01-17,KANSASCTY     11 Jul 1988 102226      Birth     MAURY                    fulgens | NZP-DZR       23 Aug 1988 108273      Transfer | PROVIDNCE      4 May 1989 891021      Transfer | S BARBARA     19 Nov 1991 910122      Transfer | RIO GRAND     30 Nov 1993 M93052      Transfer | 17 Jan 1999             Death | [Death by: Other/Unknown         Incinerate    Respiratory   Unknown after necropsy]
8819,M,11 Jul 1988,8306,8118,fulgens,,1988-09-25,KANSASCTY  11 Jul 1988 102227     Birth                                  fulgens | NZP-DZR    23 Aug 1988 108274     Transfer | 25 Sep 1988            Death | [Death by: Infection associated         Given to an institution:    Necropsy planned later         Unknown after necropsy]
8844,F,13 Jul 1988,8749,8751,styani,SHIN-SHIN JAZGA,2003-06-15,HIROSHIMA     13 Jul 1988 ______     Birth     SHIN-SHIN JAZGA 085C      styani | HIMEHI SH      6 Nov 1992 ______     Transfer | 15 Jun 2003            Death | [Death by: Other/Unknown         Unknown   Generalized   Unknown after necropsy]
8845,F,13 Jul 1988,8749,8751,styani,JAZGA,1998-01-03,HIROSHIMA     13 Jul 1988 ______     Birth                  JAZGA 086C   styani | NARA               ~ 1990 ______     Transfer | 3 Jan 1998            Death | [Death by: Unknown means]
8846,F,27 Jul 1988,8734,8735,styani,,1999-04-04,TOKYOTAMA     27 Jul 1988    210     Birth      HONHON                   styani | 4 Apr 1999            Death | [Death by: Other/Unknown         Given to an institution:      Digestive       Bacterial]
8834,M,20 Dec 1988,8520,8302,fulgens,,1997-02-05,ADELAIDE   20 Dec 1988 880280      Birth     'FF' PIPPIASMP 8834               fulgens | HONG KONG   4 Oct 1990 900003      Transfer | MELBOURNE   7 Dec 1994 941108      Transfer | SYDNEY      7 Dec 1994 940310      Transfer | MELBOURNE   5 Feb 1997             Death | [Death by: Euthanasia (medical)   Incinerate    Unknown (after necropsy)]
8829,M,23 Dec 1988,8401,8507,fulgens,,1994-11-29,SYDNEY        23 Dec 1988 880196       Birth      MINBU                     fulgens | ESKILSTUN     11 Jan 1990     83       Transfer | JUNSELE        3 Jun 1993 ______       Transfer | ESKILSTUN      7 Sep 1993     83       Transfer | JUNSELE        1 May 1994 ______       Transfer | 29 Nov 1994              Death | [Death by: Unknown means]
8830,M,23 Dec 1988,8401,8507,fulgens,,1997-08-29,SYDNEY        23 Dec 1988 880195       Birth      KAYAN                     fulgens | HIGASHIIZ     27 Oct 1989   112H       Transfer | 29 Aug 1997              Death | [Death by: Unknown means]
8990,?,4 Jan 1989,8201,8212,fulgens,,1989-01-06,SYDNEY         4 Jan 1989 890017       Birth                                fulgens | 6 Jan 1989              Death | [Death by: Unknown means]
8985,F,1 May 1989,UNK,UNK,styani,JAZGA,2005-09-30,CHINA          1 May 1989 ______       Birth                   JAZGA 146C   styani | KOCHI NOI     27 May 1991 ______       Transfer | 30 Sep 2005              Death | [Death by: Unknown means]
8947,F,30 May 1989,8410,8606,fulgens,,2002-03-25,HELSINKI   30 May 1989 890069     Birth     GABRIELLA                       fulgens | 25 Mar 2002            Death | [Death by: Euthanasia (medical)         Given to an institution:    Generalized   Unknown after necropsy]
8956,F,8 Jun 1989,8730,8503,fulgens,,2000-05-01,MADRID Z 8 Jun 1989   PR18     Birth     LOLITA                             fulgens | NZP-CRC 21 Jun 1995 112032     Transfer | 1 May 2000            Death | [Death by: Euthanasia (medical)   Unknown   Unknown (after necropsy)]
8901,M,10 Jun 1989,8731,8603,fulgens,,2001-11-27,ROTTERDAM     10 Jun 1989 103822       Birth      POIJKE                    fulgens | ANTWERP       25 May 1990 M9040        Transfer | PLANCKNDL   15 Jun 1990 005004      Transfer | FONTAINE     8 Dec 1990 77AF1       Transfer | DORTMUND    21 Oct 1996 057018      Transfer | 27 Nov 2001             Death | [Death by: Unknown means]
8902,?,10 Jun 1989,8731,8603,fulgens,,1989-06-15,ROTTERDAM   10 Jun 1989 103823      Birth                            fulgens | 15 Jun 1989             Death | [Death by: Unknown means]
8908,?,10 Jun 1989,UNK,UNK,styani,,1989-06-10,CINCINNAT 10 Jun 1989 189060        Birth                            styani | 10 Jun 1989               Death | [Death by: Environ/Behav conditions   Rendered      Unknown (after necropsy)]
8910,F,10 Jun 1989,8701,8621,styani,,1999-12-18,CINCINNAT   10 Jun 1989 189061      Birth      YOSHI                 styani | COLUMBUS    20 Sep 1990 902077      Transfer | AKRON        4 Nov 1993   1156      Transfer | SD-WAP      21 May 1994 694306      Transfer | 23 May 1994 694306      Transfer | BLOOMINGT   16 Apr 1998 M98022      Transfer | 18 Dec 1999             Death | [Death by: Unknown means]
8903,F,11 Jun 1989,8613,8721,fulgens,,1989-06-13,ROTTERDAM   11 Jun 1989 103824      Birth      GHANDI                fulgens | 13 Jun 1989             Death | [Death by: Unknown means]
8909,?,11 Jun 1989,8701,8621,styani,,1989-06-11,CINCINNAT  11 Jun 1989 189062     Birth                              styani | 11 Jun 1989            Death | [Death by: Stillbirth    Rendered   No necropsy planned]
8911,?,11 Jun 1989,8516,8702,styani,,1989-06-11,CINCINNAT 11 Jun 1989 189063        Birth                            styani | 11 Jun 1989               Death | [Death by: Environ/Behav conditions   Rendered      No necropsy planned]
8912,?,11 Jun 1989,8516,8702,styani,,1989-06-11,CINCINNAT   11 Jun 1989 ______      Birth                            styani | 11 Jun 1989             Death | [Death by: Unknown means]
8948,F,11 Jun 1989,8119,8103,fulgens,JAZGA,1999-04-02,ESKILSTUN   11 Jun 1989 ______      Birth               JAZGA 177H   fulgens | ZOOANIMAL   24 Sep 1991 ______      Transfer | TOBU        26 Oct 1991 ______      Transfer | 2 Apr 1999          Death | [Death by: Unknown means]
8949,F,11 Jun 1989,8119,8103,fulgens,,1997-06-21,ESKILSTUN 11 Jun 1989     84     Birth     ELLA                      fulgens | JUNSELE    1 May 1994 ______     Transfer | ESKILSTUN  7 Oct 1994     84     Transfer | 21 Jun 1997            Death | [Death by: Infection associated   Unknown   Necropsy planned later      Viral]
8904,M,13 Jun 1989,8613,8721,fulgens,,1989-06-13,ROTTERDAM   13 Jun 1989 103825   Birth                               fulgens | 13 Jun 1989          Death | [Death by: Unknown means]
8941,M,13 Jun 1989,8311,8115,fulgens,,2005-02-27,ANTWERP     13 Jun 1989 M8912A   Birth      Quito                    fulgens | PLANCKNDL   15 Jun 1990 005005   Transfer | ANTWERP      6 Sep 1990 M8912A   Transfer | BERLIN TP   14 Apr 1991 M00209   Transfer | 27 Feb 2005          Death | [Death by: Unknown means]
8942,F,13 Jun 1989,8311,8115,fulgens,,2000-03-09,ANTWERP     13 Jun 1989 M8912B   Birth      QANTAS                   fulgens | PLANCKNDL   15 Jun 1990 005006   Transfer | ANTWERP      6 Sep 1990 M8912B   Transfer | MELBOURNE   29 Mar 1991 910286   Transfer | 9 Mar 2000          Death | [Death by: Unknown means]
8921,F,14 Jun 1989,8319,8626,styani,JAZGA,1994-07-06,KOBE PARK   14 Jun 1989 ______   Birth                  JAZGA 100C   styani | 6 Jul 1994          Death | [Death by: Unknown means]
9288,M,~ Jun 1989,UNK,UNK,styani,,1992-08-02,SHANGHAI     ~ Jun 1989 ______   Birth      CHUN                     styani | ST PETERS    5 May 1992 MX8602   Transfer | 2 Aug 1992          Death | [Death by: Unknown means]
8957,F,18 Jun 1989,8421,8422,fulgens,,2005-12-20,MADRID Z    18 Jun 1989   PR14   Birth      GHURKA                   fulgens | 20 Dec 2005          Death | [Death by: Unknown means]
8958,F,18 Jun 1989,8421,8422,fulgens,,2005-08-04,MADRID Z    18 Jun 1989   PR15   Birth      GHANDI                   fulgens | LA FRONTI   19 Jul 1989    PR3   Transfer | 4 Aug 2005            Death | [Death by: Unknown means]
8922,F,21 Jun 1989,8639,8640,styani,JAZGA,2007-07-30,ICHIKAWA      21 Jun 1989 ______     Birth                  JAZGA 101C   styani | 30 Jul 2007            Death | [Death by: Unknown means]
8923,F,21 Jun 1989,8639,8640,styani,JAZGA,2006-05-18,ICHIKAWA   21 Jun 1989 ______     Birth                     JAZGA 102C   styani | 18 May 2006            Death | [Death by: Old age      Unknown   No necropsy planned]
8945,F,21 Jun 1989,8404,8729,fulgens,,1996-07-11,"AMSTERDAM     21 Jun 1989 M89036      Birth     MAGDALENA                fulgens | HUNBSTRND     27 Sep 1990 900134      Transfer | 11 Jul 1996             Death | [Death by: Infection associated         Unknown      Generalized    Circulatory, secondary]"
8946,F,21 Jun 1989,8404,8729,fulgens,,2002-12-27,AMSTERDAM     21 Jun 1989 M89037     Birth      Liang                    fulgens | FONTAINE       8 Dec 1990 77AF2      Transfer | DORTMUND      21 Oct 1996 057019     Transfer | BERLIN TP     23 Oct 2002 M01985     Transfer | 27 Dec 2002            Death | [Death by: Unknown means]
8963,F,22 Jun 1989,8415,8612,fulgens,,1989-10-10,OMAHA   22 Jun 1989   5441      Birth                                    fulgens | 10 Oct 1989             Death | [Death by: Infection associated   Bury   Generalized    Unknown after necropsy]
8964,F,22 Jun 1989,8415,8612,fulgens,,2003-04-16,OMAHA   22 Jun 1989   5440       Birth     JASMINE                       fulgens | SCOTTSBLU | 13 Jun 1990     376      Transfer | TORONTO 22 Jan 1992 27260        Transfer | 11 Mar 1998 27260        Transfer | 16 Apr 2003              Death | [Death by: Euthanasia (medical)   Incinerate     Unknown (after necropsy)]
8965,M,22 Jun 1989,8415,8612,fulgens,,2007-02-22,OMAHA         22 Jun 1989   5439     Birth      NICHOLAS                 fulgens | SCOTTSBLU     13 Jun 1990    375     Transfer | MANHATTAN     20 Nov 1991 201191     Transfer | 1 Jan 2000 201191     Transfer | 22 Feb 2007            Death | [Death by: Unknown means]
8960,?,23 Jun 1989,8102,8625,fulgens,,1989-06-24,DALLAS        23 Jun 1989 896555     Birth                               fulgens | 24 Jun 1989             Death | [Death by: Unknown means]
8961,?,23 Jun 1989,8102,8625,fulgens,,1989-06-24,DALLAS       23 Jun 1989 896556      Birth                              fulgens | 24 Jun 1989             Death | [Death by: Unknown means]
8907,F,26 Jun 1989,8518,8519,styani,,2004-05-12,SEATTLE   26 Jun 1989 890498     Birth     QUEN                  styani | CLEVELAND 17 Jul 1990 900708     Transfer | 7 Feb 1996 900708     Transfer | 12 May 2004            Death | [Death by: Other/Unknown        Given to an institution: CARCASS SENT TO USFWS   Unknown (after necropsy)]
8915,F,26 Jun 1989,8752,8714,styani,JAZGA,2004-01-30,SABAE      26 Jun 1989 ______     Birth                    JAZGA 103C   styani | TOKUYAMA   29 Nov 1990 ______     Transfer | 30 Jan 2004            Death | [Death by: Old age      Unknown   No necropsy planned]
8968,M,27 Jun 1989,8711,8710,,,1989-07-04,INDIANAPL | 27 Jun 1989 890233     Birth                                    fulgens | 4 Jul 1989            Death | [Death by: Infection associated   Rendered   Generalized          Toxicity]
8969,F,27 Jun 1989,8711,8710,fulgens,,1989-06-30,INDIANAPL     27 Jun 1989 890234     Birth                              fulgens | 30 Jun 1989            Death | [Death by: Other/Unknown         Rendered   Necropsy planned later]
8924,M,28 Jun 1989,8856,8857,styani,PIN-PIN,2008-01-05,TOKUYAMA      28 Jun 1989 ______     Birth     PIN-PIN     JAZGA 104C   styani | SABAE         29 Nov 1990 ______     Transfer | 5 Jan 2008            Death | [Death by: Other/Unknown         Unknown   Cardiovascular   Trauma]
8916,M,29 Jun 1989,8752,8628,styani,SUI-SUI,1991-11-08,SABAE         29 Jun 1989 ______     Birth       SUI-SUI   JAZGA 105C   styani | SENDAISHI          ~ 1990 ______     Transfer | 8 Nov 1991            Death | [Death by: Unknown means]
8917,M,30 Jun 1989,8752,8627,styani,JAZGA,1995-12-15,SABAE         30 Jun 1989 ______     Birth                 JAZGA 106C   styani | YUKI           2 Nov 1990 ______     Transfer | 15 Dec 1995            Death | [Death by: Unknown means]
8918,M,30 Jun 1989,8752,8627,styani,,1989-06-30,SABAE         30 Jun 1989 ______     Birth                              styani | 30 Jun 1989          Death | [Death by: Unknown means]
8920,M,30 Jun 1989,8534,8535,styani,GENKI,1995-09-13,NAGANO      30 Jun 1989 ______   Birth      GENKI     JAZGA 099C   styani | HAMAMATSU   20 Mar 1990 ______   Transfer | 13 Sep 1995          Death | [Death by: Unknown means]
8950,M,30 Jun 1989,8617,8515,fulgens,,2000-01-20,NY BRONX    30 Jun 1989 891235   Birth      GIL                    fulgens | DALLAS      14 Feb 1991 916990   Transfer | INDIANAPL   14 Oct 1991 910200   Transfer | 20 Jan 2000          Death | [Death by: Unknown means]
8951,F,30 Jun 1989,8617,8515,fulgens,,2008-10-27,NY BRONX    30 Jun 1989 891242   Birth      FLO                    fulgens | NZP-WASH    18 Feb 1991 109443   Transfer | KNOXVILLE    6 May 1996   1723   Transfer | GREENVISC   13 Feb 2000 00A001   Transfer | KNOXVILLE   11 Jan 2001   1723   Transfer | 27 Oct 2008          Death | [Death by: Unknown means]
8222,F,~ 1989,WILD,WILD,fulgens,,1995-10-10,DARJEELIN        ~ 1991 ______   Transfer   CHANDA                 fulgens | 10 Oct 1995          Death | [Death by: Unknown means]
8925,M,1 Jul 1989,8713,8753,styani,JAZGA,,NAGANO       1 Jul 1989 ______   Birth                JAZGA 108C   styani | KOBE PARK   12 Dec 1990 ______   Transfer
8926,F,1 Jul 1989,8713,8753,styani,JAZGA,2001-01-19,NAGANO       1 Jul 1989 ______   Birth                JAZGA 109C   styani | HAMAMATSU   20 Mar 1990 ______   Transfer | 19 Jan 2001          Death | [Death by: Unknown means] | 9099   F      ????            UNK     UNK   FERNDALE       ????     ______   Transfer   MEY-LYN                styani | PUEBLA      30 Apr 1990   1517   Transfer | 14 Jun 2003          Death | [Death by: Unknown means]
9193,F,~ 1989,WILD,WILD,styani,JAZGA,2000-02-18,CHINA          ????       NONE   Capture              JAZGA 175C   styani | HIMEHI SH    5 Oct 1991 ______   Transfer | 18 Feb 2000          Death | [Death by: Old age      Unknown      No necropsy planned]
9194,F,~ 1989,WILD,WILD,styani,JAZGA,2001-08-26,CHINA         ????       NONE     Capture                  JAZGA 178C   styani | SHIRAHAMA  10 Dec 1991 ______     Transfer | 26 Aug 2001            Death | [Death by: Old age      Unknown   No necropsy planned]
8962,M,8 Jul 1989,7904,8305,fulgens,,1989-07-09,NZP-WASH       8 Jul 1989 108987       Birth                            fulgens | 9 Jul 1989              Death | [Death by: Other/Unknown         Mounted or Preserved:      Necropsy planned later]
8939,F,12 Jul 1989,8609,8608,fulgens,,1995-11-05,BERLIN TP  12 Jul 1989 ______     Birth     DHINA                       fulgens | HUNBSTRND  15 Jun 1993 930121     Transfer | 5 Nov 1995            Death | [Death by: Environ/Behav conditions         Mounted or Preserved:    Generalized   Trauma]
8940,F,12 Jul 1989,8609,8608,fulgens,,1990-03-21,BERLIN TP     12 Jul 1989 ______       Birth                            fulgens | 21 Mar 1990              Death | [Death by: Unknown means]
8966,F,15 Jul 1989,8101,8310,fulgens,,1989-07-19,DENVER        15 Jul 1989   11840      Birth                            fulgens | 19 Jul 1989              Death | [Death by: Unknown means]
8967,?,15 Jul 1989,8101,8310,fulgens,,1989-07-22,DENVER        15 Jul 1989   11843      Birth                            fulgens | 22 Jul 1989              Death | [Death by: Unknown means]
8919,?,17 Jul 1989,8109,8313,fulgens,,1989-07-21,ST LOUIS      17 Jul 1989 089094       Birth                            fulgens | 21 Jul 1989              Death | [Death by: Unknown means]
8927,F,17 Jul 1989,8641,8220,styani,JAZGA,1990-05-02,NIHONDAIR     17 Jul 1989 ______       Birth               JAZGA 110C   styani | 2 May 1990              Death | [Death by: Unknown means]
8959,M,17 Jul 1989,7810,7809,fulgens,,1989-07-19,NZP-CRC       17 Jul 1989 108998     Birth                              fulgens | 19 Jul 1989            Death | [Death by: Other/Unknown         Given to an institution:    Necropsy planned later]
8943,M,19 Jul 1989,8204,8322,fulgens,,1989-07-23,LEIPZIG       19 Jul 1989 M07514       Birth                            fulgens | 23 Jul 1989              Death | [Death by: Unknown means]
8944,F,19 Jul 1989,8204,8322,fulgens,,1991-07-20,LEIPZIG    19 Jul 1989 M07515     Birth     POLLY                        fulgens | BERLINZOO  20 Jun 1990 900040     Transfer | 20 Jul 1991            Death | [Death by: Malicious destruction          Given to an institution:    Integumentary   Fungal]
8913,F,27 Jul 1989,8417,8416,fulgens,,2003-06-09,HIGASHIIZ   27 Jul 1989   111H     Birth                                  fulgens | 9 Jun 2003            Death | [Death by: Old age       Unknown   Unknown (after necropsy)]
8914,F,27 Jul 1989,8417,8416,fulgens,JAZG,,HIGASHIIZ     27 Jul 1989   117H     Birth                   JAZG 112H   fulgens
8954,F,6 Dec 1989,8201,8212,fulgens,,2003-01-29,SYDNEY         6 Dec 1989 890764     Birth      JANNA                    fulgens | MARWELL        9 Jan 1991   1584     Transfer | COLCHESTR     26 Feb 1993   1100     Transfer | 29 Jan 2003            Death | [Death by: Unknown means]
8955,F,6 Dec 1989,8201,8212,fulgens,,1993-03-26,SYDNEY    6 Dec 1989 890763          Birth     IMJA                      fulgens | MARWELL   9 Jan 1991   1583          Transfer | 26 Mar 1993                 Death | [Death by: Other/Unknown        Given to an institution:    Generalized        Unknown after necropsy]
8952,F,20 Dec 1989,8401,8507,fulgens,,1994-04-22,SYDNEY         20 Dec 1989 890861     Birth     MANSALU                   fulgens | MARWELL         9 Jan 1991   1586     Transfer | BURFORD         6 Mar 1991   1239     Transfer | 22 Apr 1994            Death | [Death by: Other/Unknown          Rendered   Necropsy planned later]
8953,F,20 Dec 1989,8401,8507,fulgens,,1998-08-12,SYDNEY         20 Dec 1989 890860     Birth      F12 MAKALU               fulgens | MARWELL         9 Jan 1991   1585     Transfer | YARMOUTH        1 Apr 1992 ______     Transfer | 12 Aug 1998            Death | [Death by: Unknown means]
9001,M,4 Jan 1990,8520,8302,fulgens,,1995-07-18,ADELAIDE        4 Jan 1990 900005     Birth      TUMLA                    fulgens | ANTWERP        27 Jun 1991 M9215      Transfer | 18 Jul 1995            Death | [Death by: Unknown means]
9002,F,4 Jan 1990,8520,8302,fulgens,,2003-08-13,ADELAIDE        4 Jan 1990 900034     Birth      MOUHARI                  fulgens | SYDNEY     1 Jul 1997 970291     Transfer | MOGO      26 Feb 1999 990019     Transfer | 13 Aug 2003            Death | [Death by: Euthanasia (medical)   Bury   No necropsy planned]
9289,F,~ 1990,WILD,WILD,styani,,1992-11-12,SHANGHAI    ~ Jun 1991 ______      Transfer CNIN          styani | ST PETERS   5 May 1992 MX8603      Transfer | 12 Nov 1992             Death | [Death by: Self-inflicted injuries       Given to an institution:     Generalized   Trauma]
9007,F,29 May 1990,8862,8863,fulgens,,2003-09-09,MADRID Z    29 May 1990   PR21    Birth      MARYLIN      fulgens | PRAHA        4 Jun 1992 920069    Transfer | ANTWERP      4 Nov 1998 M10061    Transfer | 9 Sep 2003           Death | [Death by: Unknown means]
9090,M,1 Jun 1990,8516,8517,styani,,2003-12-16,CINCINNAT    1 Jun 1990 190125    Birth      ARPI         styani | SANDIEGOZ    2 May 1991 591248    Transfer | DUISBURG    26 Feb 1992   1679    Transfer | BUDAPEST    28 Jun 1995 000686    Transfer | 16 Dec 2003           Death | [Death by: Unknown means]
9091,M,1 Jun 1990,8516,8517,styani,,2000-11-20,CINCINNAT    1 Jun 1990 190126    Birth      Boa-Quxing   styani | SANDIEGOZ    2 May 1991 591249    Transfer | CINCINNAT   10 Nov 1995 190126    Transfer | BATTLE CR    5 Nov 2000 M0031     Transfer | 20 Nov 2000           Death | [Death by: Unknown means]
9092,M,1 Jun 1990,8516,8517,styani,,1998-08-02,CINCINNAT  1 Jun 1990 190127     Birth     ANTONIO        styani | TORONTO   23 May 1991 26473      Transfer | PETERSBOR  6 Dec 1995    184     Transfer | TORONTO    1 Aug 1998 26473      Transfer | 2 Aug 1998 26473      Transfer | 2 Aug 1998            Death | [Death by: Euthanasia (medical)   Unknown   Unknown (after necropsy)]
9093,M,4 Jun 1990,8635,8702,styani,,2000-06-27,"CINCINNAT    4 Jun 1990 190129    Birth      QUASIMOTO,   styani | 4 Jun 1990 190129    Transfer | BATTLE CR   28 Nov 1995 96M01     Transfer | 27 Jun 2000           Death | [Death by: Unknown means]"
9094,F,4 Jun 1990,8635,8702,styani,,2008-09-28,CINCINNAT      4 Jun 1990 190130     Birth      Sweet Pea         styani | TORONTO       23 May 1991 26474      Transfer | PETERSBOR      6 Dec 1995    185     Transfer | TORONTO       24 Aug 1998 26474      Transfer | 28 Sep 2008            Death | [Death by: Unknown means]
9009,M,8 Jun 1990,8731,8864,fulgens,,1990-10-02,BARCELONA      8 Jun 1990   2520     Birth                        fulgens | 2 Oct 1990            Death | [Death by: Unknown means]
9010,M,8 Jun 1990,8731,8864,fulgens,,1990-10-05,BARCELONA      8 Jun 1990   2521     Birth                        fulgens | 5 Oct 1990            Death | [Death by: Unknown means]
9017,F,10 Jun 1990,8311,8115,fulgens,,1997-05-24,ANTWERP 10 Jun 1990 M9050      Birth     ROXANNE                  fulgens | FOTA    30 Apr 1996   1196     Transfer | 24 May 1997            Death | [Death by: Environ/Behav conditions   Unknown   Necropsy planned later]
9005,M,12 Jun 1990,8730,8715,fulgens,,2003-12-11,MADRID Z      12 Jun 1990   PR22     Birth      KOSI              fulgens | LA FRONTI     28 May 1991    PR1     Transfer | HUNBSTRND     16 Jan 1993 930001     Transfer | 11 Dec 2003            Death | [Death by: Unknown means]
9006,M,12 Jun 1990,8730,8715,fulgens,,1991-05-14,MADRID Z      12 Jun 1990   PR23     Birth     SETI               fulgens | 14 May 1991            Death | [Death by: Other/Unknown         Unknown   Generalized   Unknown after necropsy]
9037,M,12 Jun 1990,8119,8103,fulgens,,2002-03-25,ESKILSTUN  12 Jun 1990 ______     Birth     LASSE                 fulgens | HELSINKI   18 Jun 1991 910091     Transfer | 25 Mar 2002            Death | [Death by: Euthanasia (medical)         Given to an institution:    Generalized   Unknown after necropsy]
9038,F,12 Jun 1990,8119,8103,,,2002-08-06,ESKILSTUN | 12 Jun 1990     85     Birth     EDNA                     fulgens | JUNSELE  1 May 1994 ______     Transfer | ESKILSTUN | 17 Jan 1995     85     Transfer | 6 Aug 2002            Death | [Death by: Euthanasia (medical)   Unknown   Unknown (after necropsy)]
9035,F,15 Jun 1990,8717,8632,fulgens,FWP,1991-09-27,BELFAST       15 Jun 1990    461     Birth      FWP 1 AINE            fulgens | FOTA          22 Mar 1991    432     Transfer | 27 Sep 1991            Death | [Death by: Unknown means]
9036,F,15 Jun 1990,8717,8632,fulgens,FWP,1993-09-18,BELFAST       15 Jun 1990    462     Birth      FWP 2 GRAI            fulgens | FOTA          22 Mar 1991    434     Transfer | 18 Sep 1993            Death | [Death by: Unknown means]
9003,F,16 Jun 1990,8730,8503,fulgens,,1999-10-24,MADRID Z      16 Jun 1990   PR19     Birth      HIMALAYA              fulgens | BUSSOLENG     30 Mar 1992 AFF002     Transfer | 24 Oct 1999            Death | [Death by: Unknown means]
9004,F,16 Jun 1990,8730,8503,fulgens,,2001-06-29,MADRID Z      16 Jun 1990   PR20     Birth     NEPAL                  fulgens | LA FRONTI     28 May 1991    PR2     Transfer | MADRID Z       1 Feb 1996   PR20     Transfer | 29 Jun 2001            Death | [Death by: Other/Unknown       Unknown   Generalized   Unknown after necropsy]
9015,M,18 Jun 1990,8865,8824,fulgens,,1997-06-02,KOLN          18 Jun 1990   1215     Birth      CHANG                 fulgens | FOTA          29 Aug 1991    433     Transfer | BELFAST       19 Nov 1993    795     Transfer | FOTA           2 Mar 1994    433     Transfer | 2 Jun 1997            Death | [Death by: Other/Unknown       Unknown   Necropsy planned later]
9016,F,18 Jun 1990,8865,8824,fulgens,,2005-05-19,KOLN          18 Jun 1990   1216     Birth      CLEOPATRA             fulgens | DORTMUND      10 Feb 1992 057017     Transfer | PRETORIA       8 Oct 1996 905706     Transfer | 19 May 2005            Death | [Death by: Unknown means]
9049,M,18 Jun 1990,8734,8735,styani,RYURYU,1999-05-23,TOKYOTAMA     18 Jun 1990    212     Birth     RYURYU    JAZGA 125C   styani | 23 May 1999            Death | [Death by: Other/Unknown       Given to an institution:    Digestive   Bacterial]
9033,?,19 Jun 1990,8001,8411,fulgens,,1990-06-22,WHIPSNADE 19 Jun 1990 L1172     Birth                                 fulgens | 22 Jun 1990           Death | [Death by: Environ/Behav conditions   Unknown  No necropsy planned]
9034,?,19 Jun 1990,8001,8411,fulgens,,1990-06-22,WHIPSNADE 19 Jun 1990 L1173     Birth                                 fulgens | 22 Jun 1990           Death | [Death by: Environ/Behav conditions   Unknown  No necropsy planned]
9045,F,20 Jun 1990,8615,8603,fulgens,,2003-07-02,ROTTERDAM 20 Jun 1990 104012      Birth     JUMLA                     fulgens | ANTWERP   14 Nov 1991 M9269       Transfer | PLANCKNDL 30 Mar 1992 005007      Transfer | ROTTERDAM 18 Sep 1992 104012      Transfer | RHENEN    17 Nov 1992   M550      Transfer | 31 Dec 1996   M550      Transfer | 2 Jul 2003             Death | [Death by: Euthanasia (medical)   Incinerate    Unknown (after necropsy)]
9047,F,20 Jun 1990,8615,8603,fulgens,,2000-05-08,ROTTERDAM   20 Jun 1990 104013    Birth      SOLON                    fulgens | AUGSBURG     1 Nov 1991 91308     Transfer | 8 May 2000           Death | [Death by: Unknown means]
9024,F,21 Jun 1990,8101,8310,fulgens,,1990-07-09,DENVER      21 Jun 1990   12256   Birth      MARJORIE                 fulgens | 9 Jul 1990           Death | [Death by: Unknown means]
9025,M,21 Jun 1990,8101,8310,fulgens,,1990-06-25,DENVER      21 Jun 1990   12257   Birth                               fulgens | 25 Jun 1990           Death | [Death by: Unknown means]
9050,F,21 Jun 1990,8935,8936,styani,JAZGA,1999-06-03,ITOZU       21 Jun 1990 ______    Birth                  JAZGA 136C   styani | TOKUSHIMZ   23 Jul 1998 ______    Transfer | 3 Jun 1999           Death | [Death by: Unknown means]
9051,?,21 Jun 1990,8935,8936,styani,JAZGA,1990-07-01,ITOZU       21 Jun 1990 ______    Birth                  JAZGA 127C   styani | 1 Jul 1990           Death | [Death by: Unknown means]
9041,F,22 Jun 1990,8701,8621,styani,,1990-12-12,CINCINNAT   22 Jun 1990 190142    Birth                               styani | COLUMBUS     1 Sep 1990 ______    Transfer | 12 Dec 1990           Death | [Death by: Unknown means]
9042,F,22 Jun 1990,8701,8621,styani,,1995-01-02,CINCINNAT   22 Jun 1990 190145    Birth      MARGO                    styani | COLUMBUS       1 Mar 1991 902063     Transfer | CINCINNAT     29 Jun 1991 190145     Transfer | NASHV ZOO      9 Dec 1993 940049     Transfer | 2 Jan 1995            Death | [Death by: Unknown means]
9043,F,22 Jun 1990,8701,8621,styani,,2002-10-03,CINCINNAT     22 Jun 1990 190143     Birth      Yan               styani | SANDIEGOZ      2 May 1991 591250     Transfer | OKLAHOMA       7 Dec 2001 769208     Transfer | 3 Oct 2002            Death | [Death by: Unknown means]
9044,F,22 Jun 1990,8701,8621,styani,,1997-03-11,CINCINNAT     22 Jun 1990 190144      Birth     FUHAI             styani | COLUMBUS       1 Mar 1991 902064      Transfer | FT WAYNE      11 Feb 1997 94938       Transfer | 11 Mar 1997             Death | [Death by: Other/Unknown        Incinerate    Generalized   Unknown after necropsy]
9046,M,22 Jun 1990,8613,8721,fulgens,,2004-01-28,ROTTERDAM     22 Jun 1990 104015     Birth      F61/5 PEPE        fulgens | FONTAINE      13 Mar 1992 77AF5      Transfer | BANHAM        28 Mar 1996   3785     Transfer | PAIGNTON       2 Oct 1996   1338     Transfer | 28 Jan 2004            Death | [Death by: Unknown means]
9048,M,22 Jun 1990,8613,8721,fulgens,,1997-11-25,ROTTERDAM  22 Jun 1990 104016     Birth     KURTCHEN              fulgens | HANNOVER   17 Dec 1992   V460     Transfer | 1 Jan 1997   V460     Transfer | 25 Nov 1997            Death | [Death by: Malicious destruction        Given to an institution:    Generalized   Metabolism]
9076,M,22 Jun 1990,8508,8512,fulgens,,2004-06-11,PORTLAND 22 Jun 1990 90060      Birth     BOB                     fulgens | KNOXVILLE18 Oct 1990   1405     Transfer | NASHV ZOO12 Dec 1995 940473     Transfer | KNOXVILLE21 Nov 1997   1405     Transfer | ERIE     10 Jan 2001   1156     Transfer | OR WILDLF 9 Oct 2002 90806      Transfer | OAKHILL  11 Dec 2003 239036     Transfer | 11 Jun 2004            Death | [Death by: Anesth/Restraint assoc   Bury   Unknown (after necropsy)]
9032,F,23 Jun 1990,7514,8809,fulgens,,2004-10-27,MILL MOUN     23 Jun 1990   0270     Birth      CHRISTMAS         fulgens | MANHATTAN    6 Jun 1991 060691   Transfer | 1 Jan 2000 060691   Transfer | 27 Oct 2004          Death | [Death by: Unknown means]
9052,M,25 Jun 1990,8639,8640,styani,JAZGA,2005-08-16,ICHIKAWA    25 Jun 1990 ______   Birth                  JAZGA 128C   styani | NAGANO      17 Oct 1991 ______   Transfer | 16 Aug 2005          Death | [Death by: Unknown means]
9053,F,25 Jun 1990,8639,8640,styani,JAZGA,1998-07-06,ICHIKAWA    25 Jun 1990 ______   Birth                  JAZGA 139C   styani | 6 Jul 1998          Death | [Death by: Unknown means]
9054,M,26 Jun 1990,8319,8626,styani,JAZGA,2007-10-25,KOBE PARK   26 Jun 1990 ______   Birth                  JAZGA 130C   styani | HIMEJI      19 Feb 1992 ______   Transfer | 25 Oct 2007          Death | [Death by: Unknown means]
9055,M,26 Jun 1990,8319,8626,styani,JAZGA,1999-03-27,KOBE PARK   26 Jun 1990 ______   Birth                  JAZGA 131C   styani | KUSHIRO Z   28 May 1991 ______   Transfer | 27 Mar 1999          Death | [Death by: Unknown means]
9056,F,29 Jun 1990,8752,8714,styani,HANA,2005-11-10,SABAE       29 Jun 1990 ______   Birth      HANA        JAZGA 132C   styani | AKITA        7 Apr 1997 ______   Transfer | 10 Nov 2005          Death | [Death by: Unknown means]
9019,M,30 Jun 1990,8109,8313,fulgens,,2002-01-07,ST LOUIS  30 Jun 1990 090063     Birth     OTTO SUCHT                fulgens | DORTMUND   6 Feb 1992 057016     Transfer | 30 Nov 1995 057016     Transfer | ESKILSTUN   2 Oct 1996    891     Transfer | 7 Jan 2002            Death | [Death by: Euthanasia (medical)   Unknown   Unknown (after necropsy)]
9013,F,1 Jul 1990,8617,8515,fulgens,,2004-07-15,NY BRONX   1 Jul 1990 901323     Birth     PUMPKIN                   fulgens | 15 Jul 2004            Death | [Death by: Euthanasia (medical)   Unknown   Necropsy planned later]
9014,M,1 Jul 1990,8617,8515,fulgens,,1991-02-03,NY BRONX     1 Jul 1990 901324   Birth                               fulgens | 3 Feb 1991          Death | [Death by: Other/Unknown        Unknown    No necropsy planned        Unknown after necropsy]
9283,M,~ 1990,WILD,WILD,styani,SEN-SEN,2000-10-20,CHINA            ????       NONE       Capture   SEN-SEN   JAZGA 209C    styani | YUKI          14 Oct 1992 ______       Transfer | 20 Oct 2000              Death | [Death by: Other/Unknown         Unknown   Respiratory     Unknown after necropsy]
9284,F,~ 1990,WILD,WILD,styani,KEI-KEI,1998-02-17,CHINA            ????       NONE       Capture    KEI-KEI   JAZGA 210C   styani | YUKI          14 Oct 1992 ______       Transfer | 17 Feb 1998              Death | [Death by: Unknown means]
92129,M,~ 1990,WILD,WILD,styani,,1996-11-20,CHINA            ????       NONE       Capture                           styani | NOVOSIBRK          ~ 1992 ______       Transfer | 20 Nov 1996              Death | [Death by: Unknown means]
92130,F,~ 1990,WILD,WILD,styani,,,CHINA            ????         NONE     Capture                           styani | NOVOSIBRK      1 Jul 1992     NONE ltf Transfer
9027,F,2 Jul 1990,8712,8726,fulgens,,1990-09-29,KNOXVILLE      2 Jul 1990   1389     Birth     Hsiang                    fulgens | 29 Sep 1990            Death | [Death by: Other/Unknown         Given to an institution:    Unknown (after necropsy)]
9074,M,2 Jul 1990,8410,8606,fulgens,,1990-11-15,HELSINKI 2 Jul 1990 900145     Birth                                     fulgens | 15 Nov 1990            Death | [Death by: Injury from predator   Unknown   No necropsy planned]
9075,F,2 Jul 1990,8410,8606,fulgens,,2001-07-30,HELSINKI       2 Jul 1990 900146       Birth      HELGA     FF/HE/90/75 fulgens | BERLIN TP     28 Jun 1995 M00210       Transfer | 30 Jul 2001              Death | [Death by: Unknown means]
9026,M,3 Jul 1990,8203,8820,fulgens,,1990-09-17,DENVER         3 Jul 1990    12276     Birth      MARIO                  fulgens | 17 Sep 1990              Death | [Death by: Unknown means]
9059,M,6 Jul 1990,8713,8753,styani,JAZGA,2007-08-17,NAGANO         6 Jul 1990 ______       Birth                JAZGA 135C   styani | ICHIKAWA      18 Oct 1991 ______       Transfer | 17 Aug 2007              Death | [Death by: Unknown means]
9077,F,6 Jul 1990,8415,8612,fulgens,,1991-02-18,OMAHA    6 Jul 1990         5694     Birth                                fulgens | 18 Feb 1991                  Death | [Death by: Infection associated   Unknown         No necropsy planned]
9078,F,6 Jul 1990,8415,8612,fulgens,,2008-08-15,OMAHA          6 Jul 1990   5696      Birth      SHAMBHALA                fulgens | RIO GRAND     10 Oct 1991 M91065      Transfer | 15 Aug 2008             Death | [Death by: Unknown means]
9089,M,6 Jul 1990,8415,8612,fulgens,,1995-06-24,OMAHA          6 Jul 1990   5695     Birth                                fulgens | LINCOLN C     20 Nov 1991    790     Transfer | 24 Jun 1995            Death | [Death by: Other/Unknown         Unknown   Necropsy planned later]
9060,M,7 Jul 1990,8749,8751,styani,JAZGA,1997-07-02,HIROSHIMA      7 Jul 1990 ______      Birth                  JAZGA 136C   styani | 2 Jul 1997             Death | [Death by: Unknown means]
9079,?,7 Jul 1990,8804,8318UTICA,fulgens,,1990-07-08,7 Jul 1990 190039      Birth                               fulgens | DALLAS            8 Jul 1990             Death | [Death by: Unknown means]
9086,M,7 Jul 1990,8633,8803,fulgens,,2007-06-28,NZP-CRC        7 Jul 1990 109683      Birth      HEROLD                   fulgens | MILL MOUN     26 May 1992   0309      Transfer | 6 Feb 1996   0309      Transfer | KNOXVILLE     16 Oct 1998   1848      Transfer | MILL MOUN     18 Jan 1999   0309      Transfer | KNOXVILLE     15 Nov 2001   1848      Transfer | SACRAMNTO      8 May 2003 101065      Transfer | 28 Jun 2007             Death | [Death by: Unknown means]
9087,F,7 Jul 1990,8633,8803,fulgens,,1998-09-26,NZP-CRC        7 Jul 1990 109684      Birth      MAUDE                    fulgens | PHILADELP     19 Nov 1992 102668      Transfer | 26 Sep 1998             Death | [Death by: Other/Unknown         Incinerate    Digestive   Bacterial]
9080,F,8 Jul 1990,8419,8802,fulgens,,1990-07-18,BUFFALO     8 Jul 1990 90M150     Birth                                   fulgens | 18 Jul 1990            Death | [Death by: Other/Unknown        Unknown    Necropsy planned later   Unknown after necropsy]
9081,M,8 Jul 1990,8419,8802,fulgens,,1990-07-17,BUFFALO        8 Jul 1990 90M151      Birth                               fulgens | 17 Jul 1990               Death | [Death by: Other/Unknown        Unknown    Necropsy planned later      Unknown after necropsy]
9088,?,9 Jul 1990,8012,8014,fulgens,,1990-07-12,NZP-WASH       9 Jul 1990 109699     Birth                             fulgens | 12 Jul 1990            Death | [Death by: Unknown means]
9011,F,11 Jul 1990,8204,8322,fulgens,,1990-07-14,LEIPZIG       11 Jul 1990 M04744     Birth                             fulgens | 14 Jul 1990            Death | [Death by: Unknown means]
9012,F,11 Jul 1990,8204,8322,fulgens,,2000-07-05,LEIPZIG       11 Jul 1990 M04743     Birth      LEILIN                 fulgens | BERLINZOO     31 Jan 1991 910030     Transfer | 5 Jul 2000            Death | [Death by: Unknown means]
9061,M,14 Jul 1990,8856,8857,styani,JAZGA,2002-11-17,TOKUYAMA      14 Jul 1990 ______     Birth                JAZGA 137C   styani | MISAKI        15 Feb 1995 ______     Transfer | 17 Nov 2002            Death | [Death by: Other/Unknown         Unknown   Generalized   Toxicity]
9062,M,14 Jul 1990,8856,8857,styani,YAN-YAN,2007-01-14,TOKUYAMA      14 Jul 1990 ______     Birth      YAN-YAN   JAZGA 138C   styani | TOBE          23 Jan 1992 ______     Transfer | 14 Jan 2007            Death | [Death by: Unknown means]
9018,M,27 Jul 1990,UNK,UNK,fulgens,,1990-09-03,HIGASHIIZ     27 Jul 1990 ______     Birth                             fulgens | 3 Sep 1990            Death | [Death by: Unknown means]
9008,M,2 Aug 1990,8404,8729,fulgens,,2000-03-19,AMSTERDAM      2 Aug 1990 M90148     Birth      TON                    fulgens | AUGSBURG       1 Nov 1991 91307      Transfer | 19 Mar 2000            Death | [Death by: Unknown means]
9082,M,24 Dec 1990,8401,8507,fulgens,,2004-12-17,SYDNEY        24 Dec 1990 900559     Birth      TAIPAN                 fulgens | BERLINZOO     23 Aug 1991 910031     Transfer | 8 Feb 1996 910031     Transfer | 17 Dec 2004            Death | [Death by: Unknown means]
9083,M,24 Dec 1990,8401,8507,fulgens,,1997-08-31,SYDNEY        24 Dec 1990 900560     Birth      PINKEY                 fulgens | LA FRONTI 7 Oct 1992    PR4     Transfer | 31 Aug 1997             Death | [Death by: Other/Unknown        Mounted or Preserved:     Generalized   Unknown after necropsy]
9020,F,25 Dec 1990,7611,8413,fulgens,,1990-12-26,ADELAIDE   25 Dec 1990 900413     Birth                                    fulgens | 26 Dec 1990            Death | [Death by: Environ/Behav conditions           Mounted or Preserved:    Respiratory         Mechanical abnormality]
9021,M,25 Dec 1990,7611,8413,fulgens,,2003-10-25,ADELAIDE      25 Dec 1990 900414       Birth      SUNKOSI                  fulgens | 25 Oct 2003              Death | [Death by: Unknown means]
9022,F,30 Dec 1990,8520,8302,fulgens,,,ADELAIDE      30 Dec 1990 900420       Birth      API                      fulgens | SYDNEY         1 Jul 1997 970292       Transfer | MOGO          21 Jan 2000 ______       Transfer
9023,?,31 Dec 1990,8520,8302,,,1991-01-27,ADELAIDE | 31 Dec 1990 900422               Birth                               fulgens | 27 Jan 1991                      Death | [Death by: Injury from exhibit mate   Rendered             Musculoskeletal      Trauma]
9116,F,4 Jan 1991,8201,8212,fulgens,,2000-11-12,SYDNEY         4 Jan 1991 910009       Birth     MELINDA                   fulgens | AUCKLAND      17 Nov 1992 MK1291       Transfer | MADRID Z      17 Mar 1995   PR58       Transfer | 12 Nov 2000              Death | [Death by: Other/Unknown           Unknown   Generalized     Unknown after necropsy]
9117,F,4 Jan 1991,8201,8212,fulgens,,1991-07-31,SYDNEY         4 Jan 1991 910010     Birth                                 fulgens | 31 Jul 1991            Death | [Death by: Infection associated           Incinerate      Generalized   Unknown after necropsy]
91103,F,2 Jun 1991,9095,9096,styani,,1991-06-03,BATTLE CR      2 Jun 1991   0411     Birth                                 styani | 3 Jun 1991            Death | [Death by: Other/Unknown           Rendered   Nervous   Trauma]
9167,F,6 Jun 1991,8713,8535,styani,MAHO,1999-05-09,NAGANO         6 Jun 1991 ______       Birth      MAHO        JAZGA 147C   styani | MIYAZAK       13 Mar 1993 ______       Transfer | 9 May 1999              Death | [Death by: Unknown means]
9126,F,7 Jun 1991,8737,8863,fulgens,,2003-11-04,MADRID Z       7 Jun 1991   PR28       Birth      MARIEM                   fulgens | LISBON         2 Jul 1992      4       Transfer | 4 Nov 2003              Death | [Death by: Unknown means]
9127,M,7 Jun 1991,8737,8863,fulgens,,2002-02-10,MADRID Z      7 Jun 1991   PR29    Birth      RICARDO                fulgens | COPENHAGE    27 Mar 1992 RED001    Transfer | 10 Feb 2002           Death | [Death by: Unknown means]
9128,M,7 Jun 1991,8737,8863,fulgens,,1999-11-30,MADRID Z      7 Jun 1991   PR30    Birth      JUANJO                 fulgens | BUSSOLENG    30 Mar 1992 AFF001    Transfer | 30 Nov 1999           Death | [Death by: Unknown means]
9114,M,10 Jun 1991,8830,8914,fulgens,,2005-12-25,HIGASHIIZ    10 Jun 1991 ______    Birth                             fulgens | 25 Dec 2005           Death | [Death by: Unknown means]
9115,F,10 Jun 1991,8830,8914,,,2004-12-11,HIGASHIIZ | 10 Jun 1991 ______     Birth                                  fulgens | 11 Dec 2004            Death | [Death by: Infection associated   Unknown   Urinary   Unknown after necropsy]
9122,F,10 Jun 1991,8730,8503,fulgens,,1995-06-04,MADRID Z   10 Jun 1991   PR24     Birth     HENNY                   fulgens | PRETORIA   26 Mar 1992 902468     Transfer | 4 Jun 1995            Death | [Death by: Infection associated           Given to an institution:    Hemic/Lymph   Unknown after necropsy]
9123,M,10 Jun 1991,8730,8503,,,1992-04-13,MADRID Z | 10 Jun 1991   PR25      Birth     JESUS                       fulgens | 13 Apr 1992             Death | [Death by: Self-inflicted injuries   Unknown    No necropsy planned]
9132,F,12 Jun 1991,8731,8864,,,2002-01-12,BARCELONA | 12 Jun 1991   3040        Birth     CURAZON                 fulgens | ROTTERDAM4 Feb 1993 104606        Transfer | KREFELD  4 May 1993    646        Transfer | 31 Dec 1996    646        Transfer | 12 Jan 2002               Death | [Death by: Other/Unknown        Given to an institution:    Generalized      Unknown after necropsy]
9133,?,12 Jun 1991,8731,8864,fulgens,,1991-08-13,BARCELONA   12 Jun 1991   3041    Birth                             fulgens | 13 Aug 1991           Death | [Death by: Unknown means]
9168,?,12 Jun 1991,8924,8833,styani,JAZGA,1991-06-12,SABAE       12 Jun 1991 ______    Birth                JAZGA 150C   styani | 12 Jun 1991           Death | [Death by: Unknown means]
9106,F,15 Jun 1991,8605,8823,fulgens,,1991-06-15,LEIPZIG     15 Jun 1991 M07513     Birth                               fulgens | 15 Jun 1991            Death | [Death by: Unknown means]
9107,M,15 Jun 1991,8605,8823,fulgens,,1991-06-21,LEIPZIG     15 Jun 1991 M07516     Birth                               fulgens | 21 Jun 1991            Death | [Death by: Unknown means]
9124,M,16 Jun 1991,8737,8422,fulgens,,2000-12-19,MADRID Z16 Jun 1991   PR26     Birth     JAIME                         fulgens | PRETORIA26 Mar 1992 902469     Transfer | JOHANSBRG | 28 Apr 1993     93     Transfer | SYDNEY  10 Jul 1999 990345     Transfer | 19 Dec 2000            Death | [Death by: Euthanasia (medical)   Unknown   Urinary   Unknown after necropsy]
9125,M,16 Jun 1991,8737,8422,fulgens,,,MADRID Z    16 Jun 1991   PR27     Birth      M13 PEDRO                fulgens | MARWELL     19 Jun 1992   2006     Transfer | YARMOUTH    12 Jan 1993 ______     Transfer
9140,M,16 Jun 1991,8317,8110,fulgens,,1992-12-15,KNOXVILLE  16 Jun 1991    1456     Birth     Christian             fulgens | 15 Dec 1992             Death | [Death by: Euthanasia (medical)         Given to an institution:     Necropsy planned later   Unknown after necropsy]
9141,M,16 Jun 1991,8317,8110,fulgens,,2005-04-14,KNOXVILLE   16 Jun 1991   1457     Birth      Wendell                  fulgens | 1 Jun 1995   1457     Transfer | GREENVISC    6 Dec 1995 95A016     Transfer | BATTLE CR   25 Feb 2000 M0008      Transfer | 14 Mar 2000 M0008      Transfer | GREENVISC   16 Jan 2001 95A016     Transfer | MILWAUKEE    8 Nov 2001   4827     Transfer | 14 Apr 2005            Death | [Death by: Unknown means]
9169,F,16 Jun 1991,8856,8915,styani,JAZGA,,TOKUYAMA    16 Jun 1991 ______     Birth                  JAZGA 151C   styani | KOCHI NOI    1 Feb 1995 ______     Transfer | HITACHI          ~ 1997 ______     Transfer
9170,F,16 Jun 1991,8856,8915,styani,JAZGA,2008-05-06,TOKUYAMA    16 Jun 1991 ______     Birth                  JAZGA 152C   styani | OKAYAMA      9 Nov 1993 ______     Transfer | 6 May 2008            Death | [Death by: Old age        Unknown      Unknown (after necropsy)]
9195,M,16 Jun 1991,8516,8517,,,1994-01-20,CINCINNAT | 16 Jun 1991 191141     Birth                                      styani | 20 Jan 1994            Death | [Death by: Euthanasia (medical)   Unknown   Unknown (after necropsy)]
9196,F,16 Jun 1991,8516,8517,styani,SHOMAO,,CINCINNAT     16 Jun 1991 191142     Birth       SHOMAO    AZA 0204     styani | CALGARY       19 Apr 1992 103768     Transfer | CINCINNAT      7 Oct 1998 191142     Transfer | MILLER R      28 Oct 1998 ______ ltf Transfer
9171,F,18 Jun 1991,8752,8714,styani,AKANE,,SABAE         18 Jun 1991 ______      Birth      AKANE     JAZGA 153C   styani | ASAHIKAWA     22 Apr 1993      1      Transfer
9172,F,18 Jun 1991,8752,8714,styani,KAORI,2003-12-21,SABAE         18 Jun 1991 ______      Birth     KAORI      JAZGA 154C   styani | MITO CHO      19 Jun 1993 ______      Transfer | 21 Dec 2003             Death | [Death by: Other/Unknown           Unknown   Digestive    Mechanical abnormality]
9173,F,20 Jun 1991,8643,8644,styani,AIAI2,,OKAYAMA       20 Jun 1991 ______      Birth      AIAI2     JAZGA 155C   styani | HIROSHIMA     22 Dec 1994 ______      Transfer | TOKYOUENO     20 Feb 2001 924937      Transfer
9174,F,20 Jun 1991,8643,8644,styani,JAZGA,2004-12-11,OKAYAMA       20 Jun 1991 ______      Birth                JAZGA 156C   styani | 11 Dec 2004             Death | [Death by: Infection associated           Unknown      Respiratory    Unknown after necropsy]
9121,M,21 Jun 1991,8001,8411,,,1995-12-13,WHIPSNADE | 21 Jun 1991 L1549             Birth     M16 GRIZMO              fulgens | YARMOUTH29 Dec 1991 ______            Transfer | COLCHESTR7 Jan 1994   1239            Transfer | WHIPSNADE7 Jan 1994 L1549             Transfer | MARWELL 17 Mar 1994   2532            Transfer | 13 Dec 1995                   Death | [Death by: Other/Unknown        Given to an institution:    Generalized          Unknown after necropsy]
9175,M,21 Jun 1991,8831,8759,styani,JEN-JEN,2008-11-29,SENDAISHI  21 Jun 1991 ______     Birth          JEN-JEN   JAZGA 157C   styani | ICHIKAWA   17 Mar 1992 ______     Transfer | 29 Nov 2008            Death | [Death by: Old age        Unknown   Unknown (after necropsy)]
9176,M,21 Jun 1991,8831,8759,styani,JUN-JUN,2001-05-23,SENDAISHI     21 Jun 1991 ______      Birth      JUN-JUN   JAZGA 158C   styani | CHIBA SHI     13 Jun 1992 ______      Transfer | 23 May 2001            Death | [Death by: Old age      Unknown      No necropsy planned]
9112,M,23 Jun 1991,8865,8824,fulgens,,2005-11-29,KOLN          23 Jun 1991    1370    Birth      BEN-BEN                fulgens | WARSAW         8 Nov 1992   S2941    Transfer | 29 Nov 2005            Death | [Death by: Unknown means]
9113,F,23 Jun 1991,8865,8824,fulgens,,2002-03-12,KOLN    23 Jun 1991   1371      Birth     TIAN-TIAN                    fulgens | PRAHA   17 Jul 1992   1371      Transfer | COPENHAGE9 Nov 1993 RED002      Transfer | 12 Mar 2002             Death | [Death by: Euthanasia (medical)   Incinerate    Unknown (after necropsy)]
9134,M,24 Jun 1991,8805,8527,styani,,1991-06-24,TOLEDO        24 Jun 1991 910029     Birth                             styani | 24 Jun 1991            Death | [Death by: Stillbirth      Mounted or Preserved:          Unknown (after necropsy)   Genetic/Prenatal]
9143,F,24 Jun 1991,7904,8305,fulgens,,2008-12-29,NZP-WASH      24 Jun 1991 110168     Birth      Killer                 fulgens | KANSASCTY      8 May 1992 102447     Transfer | KNOXVILLE     28 Feb 2000   1912     Transfer | ST LOUIS      18 May 2000 100181     Transfer | 29 Dec 2008            Death | [Death by: Unknown means]
9144,F,24 Jun 1991,7904,8305,fulgens,,2004-04-26,NZP-WASH      24 Jun 1991 110169     Birth      ROSIE                  fulgens | GREENVISC      8 May 1992 880211     Transfer | 13 Jul 1994 880211     Transfer | NZP-CRC        8 Jun 2000 110169     Transfer | 26 Apr 2004            Death | [Death by: Unknown means]
9177,M,24 Jun 1991,8752,8628,styani,KUSU,,SABAE         24 Jun 1991 ______     Birth      KUSU      JAZGA 159C   styani | ITOZU         23 Feb 1998 ______     Transfer
91102,?,24 Jun 1991,9097,8702,styani,AZA,1991-06-24,CINCINNAT     24 Jun 1991 191144     Birth                AZA 0207     styani | 24 Jun 1991            Death | [Death by: Stillbirth         Bury   No necropsy planned]
9137,F,25 Jun 1991,8901,8946,fulgens,,1992-02-01,FONTAINE      25 Jun 1991 ______     Birth                             fulgens | 1 Feb 1992            Death | [Death by: Unknown means]
9138,F,25 Jun 1991,8901,8946,fulgens,,1993-07-17,FONTAINE  25 Jun 1991 77AF3      Birth                                fulgens | 17 Jul 1993            Death | [Death by: Infection associated   Given to an institution:      Digestive     Viral]
9178,F,25 Jun 1991,9072,9073,styani,JAZGA,1994-08-21,KAGAWA      25 Jun 1991 ______    Birth                  JAZGA 160C   styani | 21 Aug 1994           Death | [Death by: Unknown means]
9129,M,26 Jun 1991,8730,8715,fulgens,,1991-07-16,MADRID Z  26 Jun 1991   PR31     Birth                                fulgens | 16 Jul 1991            Death | [Death by: Environ/Behav conditions   Unknown   No necropsy planned]
9130,M,26 Jun 1991,8730,8715,fulgens,,1991-07-16,MADRID Z  26 Jun 1991   PR32     Birth                                fulgens | 16 Jul 1991            Death | [Death by: Environ/Behav conditions   Unknown   No necropsy planned]
9131,F,26 Jun 1991,8730,8715,fulgens,,1991-07-21,MADRID Z  26 Jun 1991   PR33     Birth                                fulgens | 21 Jul 1991            Death | [Death by: Environ/Behav conditions   Unknown   No necropsy planned]
9151,M,29 Jun 1991,8415,8612,fulgens,,2001-12-03,OMAHA       29 Jun 1991   6119    Birth      Rusty                    fulgens | SCOTTSBLU   20 May 1992    612    Transfer | OAKHILL     19 Oct 2001 219145    Transfer | 3 Dec 2001           Death | [Death by: Unknown means]
9152,M,29 Jun 1991,8415,8612,fulgens,,1999-12-21,OMAHA     29 Jun 1991   6120      Birth      PATON                    fulgens | DALLAS    10 Apr 1992 927576      Transfer | S BARBARA 18 Dec 1998 980096      Transfer | 21 Dec 1999             Death | [Death by: Anesth/Restraint assoc   Rendered    Urinary    Mechanical abnormality]
9179,M,29 Jun 1991,8713,8840,styani,JAZGA,2005-07-28,NAGANO      29 Jun 1991 ______    Birth                  JAZGA 161C   styani | MISAKI      13 Mar 1993 ______    Transfer | HIMEHI SH   20 Aug 1999 ______    Transfer | 28 Jul 2005           Death | [Death by: Unknown means]
9180,M,29 Jun 1991,8749,8751,styani,TEN-TEN,,HIROSHIMA   29 Jun 1991 ______    Birth      TEN-TEN     JAZGA 162C   styani | KOBE PARK   24 Apr 1992 ______    Transfer
9181,M,29 Jun 1991,8749,8751,styani,FUU-FUU,,HIROSHIMA     29 Jun 1991 ______     Birth      FUU-FUU      JAZGA 163C   styani | HIMEJI        28 Aug 1994 ______     Transfer
9182,M,30 Jun 1991,8639,8640,styani,KEN-KEN,,ICHIKAWA      30 Jun 1991 ______     Birth      KEN-KEN      JAZGA 164C   styani | SENDAISHI     19 Mar 1992 ______     Transfer
9101,F,1 Jul 1991,8613,8721,fulgens,,2001-11-30,ROTTERDAM      1 Jul 1991 104282     Birth      SIRHA                     fulgens | PLANCKNDL     18 Sep 1992 005008     Transfer | ANTWERP        1 Jan 1996 005008     Transfer | VIENNA         1 Oct 1999 M2117      Transfer | 30 Nov 2001            Death | [Death by: Unknown means]
9142,M,1 Jul 1991,8712,7812,fulgens,,1992-02-05,KNOXVILLE      1 Jul 1991   1455     Birth     JOEY                       fulgens | 5 Feb 1992            Death | [Death by: Other/Unknown       Given to an institution:    No necropsy planned]
9281,M,~ 1991,WILD,WILD,styani,JAZGA,2000-11-19,CHINA            ????       NONE     Capture                 JAZGA 207C   styani | KAWASAKI      12 Oct 1992 ______     Transfer | 19 Nov 2000            Death | [Death by: Unknown means]
9282,F,~ 1991,WILD,WILD,styani,JAZGA,1999-10-06,CHINA            ????       NONE     Capture                 JAZGA 208C   styani | KAWASAKI      12 Oct 1992 ______     Transfer | 6 Oct 1999            Death | [Death by: Unknown means] | T325   F        ~ 1991       WILD    WILD   WOLONG             ~ 1991   NONE     Capture                              fulgens | 28 Mar 1993     30 ltf Transfer
9145,M,3 Jul 1991,7514,8809,fulgens,,,MILL MOUN      3 Jul 1991   0285     Birth      FIRECRACKE                fulgens | PHILADELP      2 Apr 1992 102537     Transfer | NZP-CRC       18 Nov 1992 110855     Transfer | 11 Aug 1993 110855     Transfer | GARDENCTY     11 May 2000 A01017     Transfer
9146,M,3 Jul 1991,7514,8809,fulgens,,2009-04-07,MILL MOUN      3 Jul 1991   0286     Birth      SPARKLER                  fulgens | PHILADELP      2 Apr 1992 102538     Transfer | 15 Feb 2002 102538     Transfer | 7 Apr 2009            Death | [Death by: Unknown means]
9197,F,3 Jul 1991,8629,8907,styani,,,CLEVELAND    3 Jul 1991 910702     Birth      TOU SHENG     styani | AKRON       27 Jul 1992   1137     Transfer | CINCINNAT    3 Nov 1993 193244     Transfer | AKRON        5 May 1994   1137     Transfer
9198,F,3 Jul 1991,8629,8907,styani,,2008-08-14,CLEVELAND    3 Jul 1991 910703     Birth      Er Shang      styani | AKRON       27 Jul 1992   1136     Transfer | BATTLE CR   12 Dec 1999 99M65      Transfer | STATEN IS   20 Oct 2003 003019     Transfer | 14 Aug 2008            Death | [Death by: Unknown means]
9102,M,4 Jul 1991,8615,8603,fulgens,,2007-09-28,ROTTERDAM    4 Jul 1991 104288     Birth      HENCKY        fulgens | KREFELD      4 May 1993    645     Transfer | 31 Dec 1996    645     Transfer | 28 Sep 2007            Death | [Death by: Unknown means]
9103,M,4 Jul 1991,8615,8603,fulgens,,1991-12-08,ROTTERDAM    4 Jul 1991 104286     Birth      ZHADA         fulgens | 8 Dec 1991            Death | [Death by: Unknown means]
9135,M,4 Jul 1991,8717,8632,fulgens,,1991-12-13,BELFAST      4 Jul 1991     509      Birth                  fulgens | 13 Dec 1991               Death | [Death by: Environ/Behav conditions       Incinerate    Generalized     Unknown after necropsy]
9136,M,4 Jul 1991,8717,8632,fulgens,,1991-11-14,BELFAST    4 Jul 1991    510       Birth                    fulgens | 14 Nov 1991              Death | [Death by: Environ/Behav conditions   Incinerate     Digestive    Nutrition]
9147,M,4 Jul 1991,8633,8803,fulgens,,1995-06-10,NZP-CRC      4 Jul 1991 110178     Birth      JAMES         fulgens | DENVER      10 Jun 1992 920196     Transfer | 17 Jun 1992 920196     Transfer | 10 Jun 1995            Death | [Death by: Unknown means]
9148,F,4 Jul 1991,8633,8803,fulgens,,2008-05-27,NZP-CRC      4 Jul 1991 110179     Birth      DOLLY         fulgens | 23 Feb 1996 110179     Transfer | SIOUX FAL   11 May 2000   2388     Transfer | BUFFALO     30 Mar 2001 M01027     Transfer | 27 May 2008            Death | [Death by: Unknown means]
9183,F,4 Jul 1991,8924,8838,styani,JAZGA,,SABAE        4 Jul 1991 ______     Birth               JAZGA 165C   styani | KYOTO       18 Mar 1993 ______     Transfer
9199,M,6 Jul 1991,8701,8621,styani,,2003-12-20,CINCINNAT    6 Jul 1991 191154     Birth      JUNIOR                styani | MINNESOTA    7 Oct 1992   7583     Transfer | MEMPHIS     18 Dec 2003 21296      Transfer | 20 Dec 2003            Death | [Death by: Unknown means]
91100,M,6 Jul 1991,8701,8621,styani,HUN-HO,,CINCINNAT    6 Jul 1991 191155     Birth      HUN-HO   AZA 0217     styani | CALGARY     19 Apr 1992 103767     Transfer | CINCINNAT    7 Oct 1998 191155     Transfer | MILLER R    28 Oct 1998 ______ ltf Transfer
91101,M,6 Jul 1991,8701,8621,styani,JANTOU,,CINCINNAT    6 Jul 1991 191156     Birth      JANTOU   AZA 0218     styani | NASHV ZOO   12 Oct 1992 940051     Transfer | CINCINNAT   22 Mar 1995 191156     Transfer | MILLER R    12 Apr 1995 ______ ltf Transfer
9104,F,10 Jul 1991,8410,8606,fulgens,,2001-08-10,"HELSINKI    10 Jul 1991 910120     Birth     INKA                   fulgens | HANNOVER    21 Dec 1992   V459     Transfer | 29 Jan 1998   V459     Transfer | DUISBURG    20 Mar 1998   3583     Transfer | 10 Aug 2001            Death | [Death by: Infection associated         Incinerate    Generalized   Circulatory, secondary]"
9105,F,10 Jul 1991,8410,8606,fulgens,,2004-06-02,HELSINKI    10 Jul 1991 910121     Birth      IDA                   fulgens | WARSAW       4 Dec 1992 S2945      Transfer | KLEVE        1 Jul 1995 ______     Transfer | WARSAW      30 Jan 1996 S2945      Transfer | 2 Jun 2004            Death | [Death by: Unknown means]
9110,M,11 Jul 1991,8419,8802,fulgens,,2006-06-07,BUFFALO     11 Jul 1991 91M153     Birth      GERRY                 fulgens | CENTRALPK   14 May 1992 926038     Transfer | NY BRONX     1 Mar 2000 926038     Transfer | SYRACUSE    29 Nov 2000 M00180     Transfer | MILL MOUN    4 Nov 2003    504     Transfer | 7 Jun 2006            Death | [Death by: Unknown means]
9111,F,11 Jul 1991,8419,8802,fulgens,,1999-05-31,BUFFALO   11 Jul 1991 91M154     Birth     VICKY                        fulgens | 31 May 1999            Death | [Death by: Infection associated   Unknown   Unknown (after necropsy)]
9184,M,14 Jul 1991,8856,8857,styani,PAO,2003-12-21,TOKUYAMA      14 Jul 1991 ______      Birth     PAO        JAZGA 166C   styani | MITO CHO      19 Mar 1993 ______      Transfer | 21 Dec 2003             Death | [Death by: Other/Unknown       Unknown   Digestive    Mechanical abnormality]
9185,M,14 Jul 1991,8856,8857,styani,CHIN-CHIN JAZGA,,TOKUYAMA      14 Jul 1991 ______      Birth      CHIN-CHIN JAZGA 167C   styani | HIRAKATA       4 Mar 1994 ______      Transfer
9149,M,18 Jul 1991,8109,8313,fulgens,,1991-07-20,ST LOUIS      18 Jul 1991 910753      Birth                             fulgens | 20 Jul 1991             Death | [Death by: Unknown means]
9150,F,18 Jul 1991,8109,8313,fulgens,,1991-07-22,ST LOUIS      18 Jul 1991 910754      Birth                             fulgens | 22 Jul 1991             Death | [Death by: Unknown means]
9186,F,18 Jul 1991,8935,8936,styani,JAZGA,,ITOZU         18 Jul 1991 ______      Birth                JAZGA 168C   styani
9187,F,18 Jul 1991,8935,8936,styani,JAZGA,1991-10-04,ITOZU         18 Jul 1991 ______      Birth                JAZGA 168C   styani | 4 Oct 1991             Death | [Death by: Unknown means]
9188,M,19 Jul 1991,8749,8750,styani,JAZGA,1991-07-23,HIROSHIMA     19 Jul 1991 ______      Birth                JAZGA 10C    styani | 23 Jul 1991             Death | [Death by: Unknown means]
9189,M,19 Jul 1991,8749,8750,styani,JAZGA,1991-08-10,HIROSHIMA     19 Jul 1991 ______      Birth                JAZGA 171C   styani | 10 Aug 1991             Death | [Death by: Unknown means]
9190,M,19 Jul 1991,8749,8750,styani,JAZGA,1991-08-27,HIROSHIMA     19 Jul 1991 ______      Birth                JAZGA 172C   styani | 27 Aug 1991             Death | [Death by: Unknown means]
9108,M,23 Jul 1991,8204,8322,fulgens,,1992-01-19,LEIPZIG   23 Jul 1991 M00363     Birth                                  fulgens | 19 Jan 1992            Death | [Death by: Infection associated   Unknown   Generalized   Viral]
9109,F,23 Jul 1991,8204,8322,fulgens,,1992-01-19,LEIPZIG   23 Jul 1991 M00362     Birth                                fulgens | 19 Jan 1992            Death | [Death by: Infection associated   Unknown   Generalized   Viral]
9191,M,27 Jul 1991,8930,8849,styani,HAJIME,,KUSHIRO Z   27 Jul 1991 ______    Birth      HAJIME      JAZGA 173C   styani | KAGOSHIMA   10 Jan 1994 ______    Transfer
9192,F,27 Jul 1991,8930,8849,styani,JAZGA,1998-02-09,KUSHIRO Z   27 Jul 1991 ______    Birth                  JAZGA 174C   styani | 9 Feb 1998           Death | [Death by: Unknown means]
9118,M,16 Dec 1991,8401,8507,fulgens,,2000-12-04,SYDNEY    16 Dec 1991 910437       Birth     SYDNEY                   fulgens | ROTTERDAM  4 May 1993 104686       Transfer | PEAUGRES   7 Dec 1993     C77      Transfer | 13 Dec 1993     C77      Transfer | GIVSKUD    25 Mar 1998 AILF01       Transfer | 4 Dec 2000              Death | [Death by: Infection associated   Incinerate     Necropsy planned later]
9119,M,30 Dec 1991,8201,8212,fulgens,,2000-06-17,SYDNEY      30 Dec 1991 910438    Birth      KATHMANDU                fulgens | 17 Jun 2000           Death | [Death by: Unknown means]
9120,F,30 Dec 1991,8201,8212,fulgens,,1997-08-25,SYDNEY    30 Dec 1991 910439     Birth     TASHI                      fulgens | AUCKLAND  17 Nov 1992 MK1191     Transfer | 25 Aug 1997            Death | [Death by: Environ/Behav conditions   Bury   Respiratory   Toxicity]
9201,M,1 Jan 1992,8520,8302,fulgens,,2004-12-08,ADELAIDE     1 Jan 1992 920000    Birth      JYOTI                    fulgens | JOHANSBRG    2 Aug 1992     94    Transfer | PRETORIA    28 Apr 1993 903670    Transfer | 8 Dec 2004           Death | [Death by: Unknown means]
9202,F,1 Jan 1992,8520,8302,fulgens,,2006-08-29,ADELAIDE     1 Jan 1992 920001    Birth      MISHRA                   fulgens | JOHANSBRG    2 Aug 1992     92    Transfer | SYDNEY      10 Jul 1999 990346    Transfer | 29 Aug 2006           Death | [Death by: Unknown means]
9203,M,1 Jan 1992,7611,8413,fulgens,,2004-01-07,ADELAIDE     1 Jan 1992 920002    Birth      HARI                     fulgens | PRETORIA     4 Feb 1997 906048    Transfer | 7 Jan 2004               Death | [Death by: Other/Unknown         Unknown   Urinary      Metabolism]
9224,?,27 May 1992,9095,9096,styani,,1992-06-07,BATTLE CR     27 May 1992   0418        Birth                styani | 7 Jun 1992               Death | [Death by: Unknown means]
9225,?,27 May 1992,9095,9096,styani,,1992-06-07,BATTLE CR     27 May 1992   0419        Birth                styani | 7 Jun 1992               Death | [Death by: Unknown means]
9204,M,3 Jun 1992,8805,8527,styani,,1992-06-03,TOLEDO   3 Jun 1992 920025     Birth                         styani | 3 Jun 1992            Death | [Death by: Injury from exhibit mate   Bury   Unknown (after necropsy)]
9205,M,6 Jun 1992,8965,9032,fulgens,,2003-08-07,MANHATTAN6 Jun 1992 060692      Birth     RALPH              fulgens | BUFFALO  2 Jun 1993 93M122      Transfer | BIRMINGHM7 Feb 2001 M01001      Transfer | BIRMNGHAM8 Nov 2002 M01001      Transfer | 7 Aug 2003             Death | [Death by: Euthanasia (medical)   Bury   Hemic/Lymph    Unknown after necropsy]
9206,F,6 Jun 1992,8965,9032,fulgens,,2003-03-29,MANHATTAN      6 Jun 1992 061692        Birth      MILLIE    fulgens | OMAHA          5 Jun 1993   7312        Transfer | CENTRALPK     16 Nov 1993 936232        Transfer | 1 Jun 1995 936232        Transfer | INDIANAPL     15 Dec 1999 990291        Transfer | 29 Mar 2003               Death | [Death by: Unknown means]
9234,M,6 Jun 1992,9005,8958,fulgens,,1993-06-19,LA FRONTI   6 Jun 1992    PR5      Birth     CURRITO         fulgens | 19 Jun 1993             Death | [Death by: Infection associated         Mounted or Preserved:    Respiratory    Bacterial]
92127,M,8 Jun 1992,9030,9031,styani,,1992-09-11,BUDAPEST       8 Jun 1992 000398        Birth                styani | 11 Sep 1992               Death | [Death by: Unknown means]
92128,F,8 Jun 1992,9030,9031,styani,,1998-11-21,BUDAPEST       8 Jun 1992 000399        Birth      WANDA     styani | 21 Nov 1998               Death | [Death by: Unknown means]
9235,M,10 Jun 1992,9005,9004,fulgens,,1992-06-18,LA FRONTI    10 Jun 1992    PR6        Birth               fulgens | 18 Jun 1992               Death | [Death by: Stillbirth      Incinerate   Digestive      Bacterial]
9250,M,11 Jun 1992,8738,8954,fulgens,,1992-06-15,MARWELL       11 Jun 1992    1999     Birth       M12      fulgens | 15 Jun 1992             Death | [Death by: Other/Unknown       Incinerate    No necropsy planned]
9251,F,11 Jun 1992,8738,8954,fulgens,,1992-06-21,MARWELL       11 Jun 1992    2000     Birth       F14      fulgens | 21 Jun 1992             Death | [Death by: Other/Unknown       Incinerate    No necropsy planned]
9232,F,14 Jun 1992,8119,8103,fulgens,,1997-07-15,ESKILSTUN 14 Jun 1992      86      Birth     ELSA          fulgens | JUNSELE    3 Jun 1993 ______       Transfer | ESKILSTUN  7 Sep 1993      86      Transfer | PEAUGRES  12 Jan 1994     C78      Transfer | 15 Jul 1997              Death | [Death by: Infection associated   Incinerate     Digestive   Bacterial]
9240,M,14 Jun 1992,8730,8503,fulgens,,2007-01-16,MADRID Z      14 Jun 1992    PR34      Birth      JORGE    fulgens | LISBON        24 Dec 1992       5      Transfer | 16 Jan 2007              Death | [Death by: Unknown means]
9241,F,14 Jun 1992,8730,8503,fulgens,,2005-06-01,MADRID Z      14 Jun 1992    PR35      Birth      SILVIA   fulgens | KNOXVILLE     22 Jun 1995    1668      Transfer | 1 Jun 2005              Death | [Death by: Unknown means]
9287,?,14 Jun 1992,UNK,8953,fulgens,,1992-06-14,YARMOUTH      14 Jun 1992 ______       Birth               fulgens | 14 Jun 1992              Death | [Death by: Unknown means]
9242,F,15 Jun 1992,8737,8956,fulgens,,1992-07-13,MADRID Z      15 Jun 1992    PR36     Birth                fulgens | 13 Jul 1992             Death | [Death by: Environ/Behav conditions       Unknown      Generalized    Unknown after necropsy]
9253,F,16 Jun 1992,8830,8914,fulgens,,1999-01-29,HIGASHIIZ     16 Jun 1992 ______       Birth               fulgens | 29 Jan 1999              Death | [Death by: Unknown means]
9228,M,18 Jun 1992,8731,8864,fulgens,,1992-06-24,BARCELONA     18 Jun 1992    3340      Birth               fulgens | 24 Jun 1992           Death | [Death by: Unknown means]
9229,M,18 Jun 1992,8731,8864,fulgens,,1992-06-18,BARCELONA   18 Jun 1992   3341    Birth                             fulgens | 18 Jun 1992           Death | [Death by: Unknown means]
9254,M,19 Jun 1992,8924,8833,styani,YOU-YOU,,SABAE       19 Jun 1992 ______    Birth      YOU-YOU   JAZGA 180C   styani | ASAHIKAWA   22 Apr 1993      2    Transfer
9255,F,19 Jun 1992,8924,8833,styani,SAISAI,2006-07-01,SABAE      19 Jun 1992 ______     Birth      SAISAI    JAZGA 181C   styani | HIMEJI     21 Sep 1994 ______     Transfer | 1 Jul 2006            Death | [Death by: Old age      Unknown   No necropsy planned]
9243,F,21 Jun 1992,8737,8863,fulgens,,1998-12-09,MADRID Z    21 Jun 1992   PR37    Birth      GILDA                  fulgens | NASHV ZOO   20 Jun 1995 940406    Transfer | 9 Dec 1998           Death | [Death by: Unknown means]
9256,F,21 Jun 1992,9052,8535,styani,RIN-RIN,,NAGANO      21 Jun 1992 ______    Birth      RIN-RIN   JAZGA 182C   styani | HIRAKATA     4 Mar 1994 ______    Transfer
9257,F,21 Jun 1992,9052,8535,styani,RUN,,NAGANO      21 Jun 1992 ______    Birth      RUN       JAZGA 183C   styani | TAKARAZUK   11 Mar 1994 ______    Transfer | TOKUSHIMZ   15 Apr 2003 ______    Transfer
9207,?,22 Jun 1992,8203,8820,fulgens,,1992-06-24,DENVER     22 Jun 1992 920212     Birth                             fulgens | 24 Jun 1992            Death | [Death by: Other/Unknown        Unknown    Necropsy planned later   Unknown after necropsy]
9258,M,22 Jun 1992,8752,8714,styani,JAZGA,,SABAE       22 Jun 1992 ______    Birth                JAZGA 184C   styani | OKAYAMA     22 Feb 1994 ______    Transfer
9259,M,22 Jun 1992,8752,8714,styani,JAZGA,2000-02-18,SABAE       22 Jun 1992 ______    Birth                JAZGA 185C   styani | KUSHIRO Z        ~ 1994 ______    Transfer | 18 Feb 2000           Death | [Death by: Unknown means]
9260,F,23 Jun 1992,8639,8640,styani,NA-NA,1994-08-16,ICHIKAWA    23 Jun 1992 ______    Birth      NA-NA     JAZGA 186C   styani | 16 Aug 1994           Death | [Death by: Unknown means]
92138,M,23 Jun 1992,UNK,UNK,styani,,,KUNMING       23 Jun 1992 ______      Birth      PEKIN                  styani | LISBON         7 Apr 1994   3408      Transfer | TOUROPARC     22 Nov 2004 T04059      Transfer
9231,F,24 Jun 1992,8506,8614,fulgens,,1992-06-24,DUISBURG     24 Jun 1992   1798       Birth                FF/DG/92/31 fulgens | 24 Jun 1992              Death | [Death by: Stillbirth      Incinerate   Generalized     Trauma]
9261,F,26 Jun 1992,8935,8936,styani,YUU-YUU,2003-11-03,ITOZU         26 Jun 1992 ______      Birth     YUU-YUU    JAZGA 187C   styani | MIYAZAK        ~ Jul 1995 ______      Transfer | HITACHI       18 May 1996 ______      Transfer | 3 Nov 2003             Death | [Death by: Other/Unknown       Unknown   Digestive    Unknown after necropsy]
9262,F,26 Jun 1992,8935,8936,styani,JAZGA,1992-07-05,ITOZU         26 Jun 1992 ______      Birth                JAZGA 188C   styani | 5 Jul 1992             Death | [Death by: Unknown means]
9226,M,27 Jun 1992,9001,9017,fulgens,,2002-12-12,ANTWERP       27 Jun 1992 M9364A      Birth      Tobias    FM/AN/92/26 fulgens | GIVSKUD       18 Jun 1993 101504      Transfer | HANNOVER      28 Mar 1998   V580      Transfer | 12 Dec 2002             Death | [Death by: Unknown means]
9227,M,27 Jun 1992,9001,9017,fulgens,,2002-02-09,ANTWERP    27 Jun 1992 M9364B     Birth     TARZAN                      fulgens | RHENEN     30 Apr 1993   M627     Transfer | 9 Feb 2002            Death | [Death by: Injury from exhibit mate       Rendered   Generalized   Unknown after necropsy]
9244,M,27 Jun 1992,8737,8422,fulgens,,2003-09-12,MADRID Z      27 Jun 1992   PR38      Birth      LEANDRO                fulgens | VIENNA        18 Nov 1993   M689      Transfer | 12 Sep 2003             Death | [Death by: Unknown means]
9245,M,27 Jun 1992,8737,8422,fulgens,,1992-09-13,MADRID Z      27 Jun 1992   PR39      Birth      ANGEL                  fulgens | 13 Sep 1992             Death | [Death by: Unknown means]
9263,M,27 Jun 1992,8856,8915,styani,PAN-PAN,,TOKUYAMA      27 Jun 1992 ______      Birth      PAN-PAN   JAZGA 189C   styani | FUKUOKA       17 Apr 1997 ______      Transfer
9208,M,28 Jun 1992,8109,8313,fulgens,,1992-06-30,ST LOUIS      28 Jun 1992 920679      Birth                     fulgens | 30 Jun 1992             Death | [Death by: Other/Unknown         Unknown   Generalized    Genetic/Prenatal]
9209,F,28 Jun 1992,8109,8313,fulgens,,1992-07-02,ST LOUIS      28 Jun 1992 921604      Birth                     fulgens | 2 Jul 1992             Death | [Death by: Other/Unknown         Unknown   Generalized    Genetic/Prenatal]
9237,M,29 Jun 1992,8613,8721,fulgens,,1993-05-19,ROTTERDAM     29 Jun 1992 104525      Birth                     fulgens | DARJEELIN      1 Apr 1993 ______      Transfer | 19 May 1993             Death | [Death by: Unknown means]
9238,F,29 Jun 1992,8613,8721,fulgens,,1997-07-08,ROTTERDAM 29 Jun 1992 104523          Birth     JADE            fulgens | VIENNA     9 Nov 1993   M688          Transfer | 31 Dec 1996   M688          Transfer | 8 Jul 1997                 Death | [Death by: Other/Unknown        Given to an institution:    Generalized        Unknown after necropsy]
9246,F,29 Jun 1992,8730,8715,fulgens,,1992-07-18,MADRID Z      29 Jun 1992    PR40     Birth                     fulgens | 18 Jul 1992             Death | [Death by: Environ/Behav conditions         Unknown      Generalized    Unknown after necropsy]
9247,F,29 Jun 1992,8730,8715,fulgens,,2006-06-14,MADRID Z      29 Jun 1992   PR41      Birth      AR-39    Amp   fulgens | ZURICH        15 Sep 1993 930001      Transfer | AMSTERDAM     27 Sep 1994 M94144      Transfer | 14 Jun 2006             Death | [Death by: Unknown means]
9248,F,29 Jun 1992,8730,8715,fulgens,,1997-05-06,MADRID Z      29 Jun 1992   PR42      Birth      CONCHITA       fulgens | SYDNEY         3 Aug 1994 940198      Transfer | 6 May 1997             Death | [Death by: Unknown means]
9210,M,1 Jul 1992,8415,8612,fulgens,,2003-12-14,OMAHA          1 Jul 1992   6701      Birth      HAROLD         fulgens | KNOXVILLE     27 Oct 1993   1591      Transfer | SYRACUSE      20 Dec 1995 M95029      Transfer | GARDENCTY     29 May 2001 B01012      Transfer | 14 Dec 2003             Death | [Death by: Unknown means]
9211,M,1 Jul 1992,8415,8612,fulgens,,,OMAHA          1 Jul 1992    6702     Birth      RUSTY RO-H     fulgens | SIOUX FAL   20 Jul 1993   1600    Transfer | S BARBARA    3 May 1994 930127    Transfer
9212,F,1 Jul 1992,8415,8612,fulgens,,2008-05-25,OMAHA        1 Jul 1992   6703    Birth      JINA                  fulgens | INDIANAPL   26 May 1993 930142    Transfer | 25 May 2008           Death | [Death by: Unknown means]
9213,M,1 Jul 1992,8617,8515,fulgens,,1992-07-05,NY BRONX    1 Jul 1992 921164     Birth                            fulgens | 5 Jul 1992            Death | [Death by: Other/Unknown        Unknown    No necropsy planned   Unknown after necropsy]
9214,F,1 Jul 1992,8617,8515,fulgens,,1992-08-10,NY BRONX     1 Jul 1992 921165    Birth                            fulgens | 10 Aug 1992           Death | [Death by: Unknown means]
9249,F,1 Jul 1992,8717,8632,fulgens,FWP,1995-07-11,BELFAST      1 Jul 1992    686    Birth      FWP 6                 fulgens | FOTA         2 Mar 1994    911    Transfer | 11 Jul 1995           Death | [Death by: Unknown means]
9264,M,1 Jul 1992,8713,8840,styani,KENKEN,2001-11-25,NAGANO      1 Jul 1992 ______     Birth      KENKEN   JAZGA 190C   styani | TOKYOTAMA  14 Feb 1995   1210     Transfer | 25 Nov 2001            Death | [Death by: Old age      Unknown   No necropsy planned]
9265,M,1 Jul 1992,8713,8840,styani,KURO,,NAGANO       1 Jul 1992 ______    Birth      KURO     JAZGA 191C   styani | TOMIOKA     26 Dec 1993 ______    Transfer
9266,M,1 Jul 1992,8713,8840,styani,SIRO,2006-01-20,NAGANO      1 Jul 1992 ______     Birth      SIRO     JAZGA 192C   styani | 20 Jan 2006            Death | [Death by: Old age      Unknown   No necropsy planned]
92135,M,~ 1992,WILD,WILD,styani,JAZGA,2003-02-15,CHINA         ????       NONE     Capture             JAZGA 243C   styani | NISHISONO   2 Apr 1994 ______     Transfer | 15 Feb 2003            Death | [Death by: Old age      Unknown   No necropsy planned]
92136,F,~ 1992,WILD,WILD,styani,JAZGA,,CHINA          ????       NONE    Capture             JAZGA 244C   styani | NISHISONO    2 Apr 1994 ______    Transfer
94104,F,~ 1992,WILD,WILD,styani,,,CHINA          ????       NONE    Capture    Kim                   styani | MILLER R       ????     ______     Transfer | CINCINNAT   11 Aug 1999 199115     Transfer | MILLER R    20 Dec 2001 ______ ltf Transfer
94105,M,~ 1992,UNK,UNK,styani,,,MILLER R     2 Oct 1995 ______     Transfer   Jones    styani | CINCINNAT   11 Aug 1999 199113     Transfer | MILLER R    29 Nov 2001 ______ ltf Transfer | 94106   F     ????           WILD    WILD   MILLER R       ????     ______     Transfer   Ling     styani | CINCINNAT   11 Aug 1999 199114     Transfer | MILLER R    23 Feb 2001 ______ ltf Transfer
9215,M,2 Jul 1992,9093,9042,styani,,1996-08-28,CINCINNAT  2 Jul 1992 192130     Birth                 styani | SD-WAP    23 Mar 1993 693115     Transfer | GRANBY    15 Jan 1994 M92147     Transfer | 28 Aug 1996            Death | [Death by: Infection associated   Rendered   Generalized   Bacterial]
9216,M,2 Jul 1992,9093,9042,styani,,1994-06-06,CINCINNAT  2 Jul 1992 192131      Birth     LEON       styani | PROSPECTP  9 Oct 1993 938102      Transfer | 4 May 1994 938102      Transfer | 6 Jun 1994             Death | [Death by: Euthanasia (medical)   Incinerate    Necropsy planned later]
9236,M,2 Jul 1992,8615,8603,fulgens,,1992-12-21,ROTTERDAM    2 Jul 1992 104524     Birth      MAX      fulgens | 21 Dec 1992            Death | [Death by: Unknown means]
9217,M,3 Jul 1992,8701,8621,styani,,1996-11-06,CINCINNAT    3 Jul 1992 192132     Birth               styani | FT WAYNE    14 Oct 1993 93091      Transfer | OKLAHOMA    31 Dec 1993 635803     Transfer | 6 Nov 1996            Death | [Death by: Unknown means]
9218,F,3 Jul 1992,8701,8621,styani,,,CINCINNAT    3 Jul 1992 192133     Birth      WUMING   styani | SD-WAP      23 Mar 1993 693114     Transfer | MILLER R     3 Dec 1998 ______ ltf Transfer
9239,M,4 Jul 1992,8865,8824,fulgens,,2008-09-01,KOLN         4 Jul 1992   1493     Birth      MING     fulgens | PRAHA        2 Nov 1993 930079     Transfer | 1 Sep 2008            Death | [Death by: Unknown means]
9267,M,5 Jul 1992,8831,8759,styani,YUU-YUU,1998-08-26,SENDAISHI       5 Jul 1992 ______      Birth      YUU-YUU   JAZGA 193C   styani | HAMAMATSU      17 Mar 1997 ______      Transfer | 26 Aug 1998             Death | [Death by: Unknown means]
9219,M,8 Jul 1992,8633,8803,fulgens,,2001-04-24,NZP-CRC    8 Jul 1992 110696     Birth     BEN                           fulgens | MINNESOTA21 Apr 1994    8131     Transfer | 24 Apr 2001             Death | [Death by: Other/Unknown        Mounted or Preserved:     Generalized   Unknown after necropsy]
9220,M,8 Jul 1992,8633,8803,fulgens,,2002-12-19,NZP-CRC        8 Jul 1992 110697     Birth       JERRY                  fulgens | NY BRONX      13 May 1998 981060     Transfer | 19 Dec 2002            Death | [Death by: Other/Unknown           Unknown   Necropsy planned later]
9221,?,9 Jul 1992,8629,8907,styani,,1992-08-28,"CLEVELAND      9 Jul 1992 920707      Birth                             styani | 28 Aug 1992             Death | [Death by: Other/Unknown           Incinerate    Digestive   Circulatory, secondary]"
9230,F,9 Jul 1992,8901,8304,fulgens,,1996-01-09,FONTAINE    9 Jul 1992 77AF6          Birth                FF/DF/92/30 fulgens | LA PALMYR   3 Jun 1994   1549         Transfer | 9 Jan 1996                Death | [Death by: Infection associated           Mounted or Preserved:    Digestive       Bacterial]
92139,F,12 Jul 1992,UNK,UNK,styani,,1999-09-13,KUNMING    12 Jul 1992 ______     Birth     COBRA                       styani | LISBON      7 Apr 1994   3409     Transfer | 13 Sep 1999            Death | [Death by: Infection associated           Given to an institution:    Digestive   Bacterial]
9222,F,13 Jul 1992,8317,8110,fulgens,,,KNOXVILLE     13 Jul 1992   1528      Birth      MOLLY                  fulgens | SYRACUSE      20 Dec 1995 M95030      Transfer | GARDENCTY     29 May 2001 B01013      Transfer | 25 Apr 2002 B01013      Transfer
9223,F,13 Jul 1992,8317,8110,fulgens,,1992-12-25,KNOXVILLE     13 Jul 1992   1529     Birth     Mimi                     fulgens | 25 Dec 1992            Death | [Death by: Other/Unknown           Given to an institution:    Digestive   Fungal]
9268,M,13 Jul 1992,8924,8838,styani,JAZGA,,SABAE         13 Jul 1992 ______      Birth                JAZGA 194C   styani | MISHIMA       26 Mar 1996 ______      Transfer
9269,M,13 Jul 1992,8924,8838,styani,JAZGA,,SABAE       13 Jul 1992 ______   Birth                JAZGA 195C   styani | MISHIMA     26 Mar 1996 ______   Transfer
9270,M,16 Jul 1992,8847,9194,styani,JAZGA,,SHIRAHAMA   16 Jul 1992 ______   Birth                JAZGA 196C   styani
9233,F,17 Jul 1992,8410,8606,fulgens,,2006-04-24,HELSINKI    17 Jul 1992 920173   Birth      JATTA     FF/HE/92/33 fulgens | GIVSKUD      9 Feb 1994 101593   Transfer | DUISBURG    12 Mar 2002   4381   Transfer | 24 Apr 2006          Death | [Death by: Unknown means]
9271,M,17 Jul 1992,8856,8857,styani,CHA-CHA,,TOKUYAMA    17 Jul 1992 ______   Birth      CHA-CHA   JAZGA 197C   styani | TAKARAZUK   13 Mar 1994 ______   Transfer | TOKYOUENO   17 Apr 2003 926425   Transfer
9272,M,17 Jul 1992,8856,8857,styani,TAN-TAN,1997-01-27,TOKUYAMA    17 Jul 1992 ______   Birth      TAN-TAN   JAZGA 198C   styani | ITOZU            ~ 1993 ______   Transfer | 27 Jan 1997          Death | [Death by: Unknown means]
9273,F,20 Jul 1992,8749,8751,styani,KI-KI,,HIROSHIMA   20 Jul 1992 ______   Birth      KI-KI     JAZGA 199C   styani | KAGOSHIMA   19 Jan 2000 ______   Transfer
9274,F,20 Jul 1992,8749,8751,styani,REN-REN,,HIROSHIMA   20 Jul 1992 ______   Birth      REN-REN   JAZGA 200C   styani | OKAYAMA     22 Dec 1994 ______   Transfer
9275,?,22 Jul 1992,8935,9050,styani,JAZGA,1992-07-24,ITOZU       22 Jul 1992 ______   Birth                JAZGA 201C   styani | 24 Jul 1992          Death | [Death by: Unknown means]
9276,F,26 Jul 1992,8749,8750,styani,JAZGA,1992-08-14,HIROSHIMA   26 Jul 1992 ______   Birth                JAZGA 202C   styani | 14 Aug 1992          Death | [Death by: Unknown means]
9277,F,26 Jul 1992,8749,8750,styani,JAZGA,1992-08-22,HIROSHIMA   26 Jul 1992 ______   Birth                JAZGA 203C   styani | 22 Aug 1992          Death | [Death by: Unknown means]
9278,F,26 Jul 1992,UNK,UNK,styani,JAZGA,1992-07-28,KOCHI NOI   26 Jul 1992 ______   Birth                JAZGA 204C   styani | 28 Jul 1992          Death | [Death by: Unknown means]
9279,M,7 Aug 1992,8643,8644,styani,,,OKAYAMA        7 Aug 1992 ______     Birth      05         JAZGA 205C   styani | OSAKA         21 Dec 1994    406     Transfer
9280,F,7 Aug 1992,8643,8644,styani,MIMI,2006-11-01,OKAYAMA        7 Aug 1992 ______     Birth      MIMI       JAZGA 206C   styani | TOKUYAMA           ~ 1993 ______     Transfer | 1 Nov 2006            Death | [Death by: Unknown means]
9252,M,5 Dec 1992,8401,8507,fulgens,,2008-03-23,SYDNEY         5 Dec 1992 920271     Birth      SHANKU                  fulgens | MADRID Z       5 Aug 1994   PR57     Transfer | LA FRONTI     20 Dec 2007   PR23     Transfer | 23 Mar 2008            Death | [Death by: Unknown means]
9384,F,2 Jun 1993,9095,9096,styani,,1993-08-27,BATTLE CR  2 Jun 1993   0461         Birth     CUB #1                   styani | 27 Aug 1993                Death | [Death by: Other/Unknown        Given to an institution:    Generalized       Unknown after necropsy]
9385,F,2 Jun 1993,9095,9096,styani,,2000-01-19,BATTLE CR      2 Jun 1993   0462     Birth     TAU-AH                   styani | 19 Jan 2000            Death | [Death by: Other/Unknown         Bury   Generalized   Unknown after necropsy]
9323,M,5 Jun 1993,8737,8863,fulgens,,2006-11-02,MADRID Z       5 Jun 1993   PR44     Birth      MAX                     fulgens | ESKILSTUN     26 May 1995     87     Transfer | 2 Nov 2006            Death | [Death by: Unknown means]
9324,F,5 Jun 1993,8737,8863,fulgens,,2005-05-03,MADRID Z       5 Jun 1993   PR45     Birth      MACARENA                fulgens | AALBORG        7 Apr 1995   FUL2     Transfer | 3 May 2005            Death | [Death by: Unknown means]
9332,M,5 Jun 1993,9082,9012,fulgens,,1993-06-08,BERLINZOO      5 Jun 1993 930052     Birth                              fulgens | 8 Jun 1993            Death | [Death by: Unknown means]
9333,M,5 Jun 1993,9082,9012,fulgens,,1993-06-11,BERLINZOO      5 Jun 1993 930053     Birth                              fulgens | 11 Jun 1993            Death | [Death by: Unknown means]
9371,F,5 Jun 1993,8407,8952,fulgens,,2001-02-08,BURFORD        5 Jun 1993   1516     Birth      RUSTY                   fulgens | EDINBURGH     19 Apr 1994 94DA01     Transfer | 8 Feb 2001             Death | [Death by: Unknown means]
9372,?,5 Jun 1993,8407,8952,fulgens,,1993-06-22,BURFORD        5 Jun 1993   1515     Birth                     fulgens | 22 Jun 1993            Death | [Death by: Other/Unknown       Rendered   No necropsy planned]
9386,M,9 Jun 1993,91100,9196,styani,,1993-06-18,CALGARY    9 Jun 1993 104050     Birth                         styani | 18 Jun 1993            Death | [Death by: Injury from exhibit mate   Unknown   No necropsy planned]
9387,F,9 Jun 1993,91100,9196,styani,,1993-06-23,CALGARY        9 Jun 1993 104051      Birth      BIN MAO       styani | 23 Jun 1993             Death | [Death by: Unknown means]
9315,M,12 Jun 1993,9128,9003,fulgens,,1993-12-13,BUSSOLENG     12 Jun 1993 AFF004      Birth      ALPHA         fulgens | 13 Dec 1993             Death | [Death by: Unknown means]
9316,M,12 Jun 1993,9128,9003,fulgens,TKN,2007-02-05,BUSSOLENG     12 Jun 1993 AFF003      Birth      TKN 10 - B    fulgens | DRESDEN Z      7 Oct 1994 194154      Transfer | 5 Feb 2007             Death | [Death by: Unknown means]
9325,M,15 Jun 1993,8738,8957,fulgens,,,MADRID Z      15 Jun 1993   PR46      Birth      FUJI          fulgens | SANDIEGOZ      9 Nov 1995 595454      Transfer
9326,F,15 Jun 1993,8738,8957,fulgens,,1993-07-27,MADRID Z      15 Jun 1993   PR47      Birth                    fulgens | 27 Jul 1993             Death | [Death by: Other/Unknown       Unknown   Generalized    Unknown after necropsy]
9327,M,15 Jun 1993,8738,8957,fulgens,,1993-06-17,MADRID Z      15 Jun 1993    PR48     Birth     FRED           fulgens | 17 Jun 1993             Death | [Death by: Environ/Behav conditions       Unknown      Generalized    Unknown after necropsy]
9328,M,15 Jun 1993,8730,8503,fulgens,,2002-04-28,MADRID Z      15 Jun 1993   PR49      Birth      MARIO         fulgens | AUCKLAND      12 Jan 1995 950009      Transfer | HAMILTON      28 Feb 2000 A10019      Transfer | 28 Apr 2002             Death | [Death by: Unknown means]
9329,F,15 Jun 1993,8730,8503,fulgens,,1998-06-28,MADRID Z      15 Jun 1993    PR50     Birth      MARIA         fulgens | SANDIEGOZ      9 Nov 1995 595455     Transfer | 28 Jun 1998            Death | [Death by: Other/Unknown       Given to an institution:    Generalized      Metabolism]
9363,F,18 Jun 1993,8406,9013,fulgens,,1998-12-09,NY BRONX  18 Jun 1993 931151     Birth     LIA                         fulgens | NASHV ZOO  3 May 1994 940066     Transfer | 9 Dec 1998            Death | [Death by: Euthanasia (medical)   Unknown   Unknown (after necropsy)]
9360,M,19 Jun 1993,8203,8820,fulgens,,1993-06-20,DENVER        19 Jun 1993 930319     Birth      TA POL                 fulgens | 20 Jun 1993            Death | [Death by: Unknown means]
9361,M,19 Jun 1993,8203,8820,fulgens,,1993-06-19,DENVER        19 Jun 1993 930321     Birth                             fulgens | 19 Jun 1993            Death | [Death by: Unknown means]
9362,F,19 Jun 1993,8203,8820,fulgens,,1993-06-19,DENVER        19 Jun 1993 930320     Birth                             fulgens | 19 Jun 1993            Death | [Death by: Unknown means]
9312,F,20 Jun 1993,9046,8304,fulgens,,1993-06-22,FONTAINE      20 Jun 1993 ______     Birth                             fulgens | 22 Jun 1993            Death | [Death by: Unknown means]
9313,F,20 Jun 1993,9046,8304,fulgens,,1993-07-14,FONTAINE      20 Jun 1993 ______     Birth                             fulgens | 14 Jul 1993            Death | [Death by: Unknown means]
9318,M,20 Jun 1993,9037,8947,fulgens,,2006-09-07,HELSINKI      20 Jun 1993 930079     Birth      KOLA                   fulgens | HEIDELBRG     17 Nov 1994 941298     Transfer | LA FRONTI      3 Feb 1999 PR256      Transfer | 7 Sep 2006            Death | [Death by: Unknown means]
9319,F,20 Jun 1993,9037,8947,fulgens,,2006-05-22,HELSINKI      20 Jun 1993 930080     Birth      KAKAO                  fulgens | HUNBSTRND     28 Jun 1996 960211     Transfer | 22 May 2006            Death | [Death by: Unknown means]
9340,M,20 Jun 1993,9145,9148,fulgens,,1993-06-21,NZP-CRC       20 Jun 1993 111024     Birth                             fulgens | 21 Jun 1993            Death | [Death by: Unknown means]
9341,F,20 Jun 1993,9145,9148,fulgens,,1993-06-21,NZP-CRC       20 Jun 1993 111025     Birth                    fulgens | 21 Jun 1993            Death | [Death by: Unknown means]
9342,F,20 Jun 1993,9145,9148,fulgens,,1993-06-21,NZP-CRC       20 Jun 1993 111026     Birth                    fulgens | 21 Jun 1993            Death | [Death by: Unknown means]
9355,F,20 Jun 1993,8012,8951,fulgens,,2004-10-07,NZP-WASH      20 Jun 1993 111029      Birth     MING          fulgens | NZP-CRC       21 Apr 1994 111029      Transfer | BELFAST       31 Oct 1996    2413     Transfer | 7 Oct 2004             Death                   fulgens | [Death by: Euthanasia (medical)           Unknown      Generalized    Unknown after necropsy]
9356,F,20 Jun 1993,8012,8951,fulgens,,1993-10-22,NZP-WASH      20 Jun 1993 111030      Birth                   fulgens | 22 Oct 1993             Death | [Death by: Other/Unknown           Incinerate    Necropsy planned later]
9389,M,21 Jun 1993,9151,8512,fulgens,,1993-06-21,SCOTTSBLU  21 Jun 1993     778     Birth                      fulgens | 21 Jun 1993             Death | [Death by: Other/Unknown        Incinerate      Musculoskeletal    Mechanical abnormality]
9390,F,21 Jun 1993,9052,9167,,,2002-12-04,MIYAZAK | 21 Jun 1993 ______     Birth               JAZGA 211C   styani | 4 Dec 2002            Death | [Death by: Infection associated   Unknown   Digestive   Unknown after necropsy]
9391,F,21 Jun 1993,9052,9167,,,2002-10-27,MIYAZAK | 21 Jun 1993 ______     Birth     FUMI      JAZGA 212C   styani | 27 Oct 2002            Death | [Death by: Infection associated   Unknown   Digestive   Unknown after necropsy]
9306,F,22 Jun 1993,8731,8864,fulgens,,2008-01-09,BARCELONA     22 Jun 1993   3770     Birth      Mary-Carme    fulgens | HEIDELBRG     20 Dec 1994 941299     Transfer | PRAHA         11 Sep 1998 980121     Transfer | OSTRAVA        4 Jun 2007 205407     Transfer | 9 Jan 2008            Death | [Death by: Unknown means]
9307,F,22 Jun 1993,8731,8864,fulgens,,2000-08-11,BARCELONA     22 Jun 1993   3771     Birth      MONICA        fulgens | AGRATE        16 Nov 1994    888     Transfer | 11 Aug 2000            Death | [Death by: Other/Unknown        Mounted or Preserved:          Necropsy planned later    Unknown after necropsy]
9392,M,22 Jun 1993,8920,8926,styani,JAZGA,1993-06-22,HAMAMATSU     22 Jun 1993 ______     Birth                JAZGA 213C   styani | 22 Jun 1993            Death | [Death by: Unknown means]
9300,M,23 Jun 1993,8506,8614,fulgens,,1996-01-24,DUISBURG   23 Jun 1993   2256        Birth                             fulgens | LA PALMYR  27 Oct 1994   1671        Transfer | 24 Jan 1996               Death | [Death by: Infection associated           Mounted or Preserved:    Digestive      Bacterial]
9346,M,23 Jun 1993,9152,8625,fulgens,,2004-06-14,DALLAS        23 Jun 1993 938379     Birth      Fuji                   fulgens | SANDIEGOZ     14 Jun 1994 594270     Transfer | BUFFALO        4 Apr 2000 M0023      Transfer | PUEBLO        30 Jan 2001 M21001     Transfer | 19 Jan 2003 M21001     Transfer | 14 Jun 2004            Death | [Death by: Unknown means]
9347,F,23 Jun 1993,9152,8625,fulgens,,,DALLAS        23 Jun 1993 938380     Birth      JIAO                   fulgens | SANDIEGOZ     14 Jun 1994 594271     Transfer | 1 Feb 2002 594271     Transfer | LANSING        6 Jun 2002   2548     Transfer
9321,M,24 Jun 1993,8941,8939,fulgens,,2000-08-31,HUNBSTRND     24 Jun 1993 930146     Birth     Aragon                  fulgens | AALBORG       21 Jan 1995   FUL1     Transfer | 31 Aug 2000            Death | [Death by: Infection associated           Incinerate      Generalized   Unknown after necropsy]
9322,F,24 Jun 1993,8941,8939,,,1999-12-05,HUNBSTRND | 24 Jun 1993 930147             Birth     ARWEN                   fulgens | ODENSE20 Jan 1995   AIL2             Transfer | 5 Dec 1999                    Death | [Death by: Environ/Behav conditions   Incinerate           Unknown (after necropsy)]
9373,M,24 Jun 1993,9015,9036,fulgens,,2003-07-16,FOTA          24 Jun 1993     908     Birth     Rufous                 fulgens | EDINBURGH     29 Mar 1994 94CA01      Transfer | 1 Jan 1996 94CA01      Transfer | 16 Jul 2003             Death | [Death by: Euthanasia (medical)           Unknown      Generalized    Unknown after necropsy]
9374,F,24 Jun 1993,9015,9036,fulgens,FWP,2002-10-01,FOTA          24 Jun 1993    909     Birth      FWP 5                  fulgens | EDINBURGH     28 Jan 1994 94AA01     Transfer | 29 Mar 1994 94AA01           Transfer | MARWELL 19 Apr 1994   2551           Transfer | 1 Oct 2002                  Death | [Death by: Other/Unknown        Given to an institution:    Generalized         Unknown after necropsy]
93100,M,24 Jun 1993,8830,8914,,,,HIGASHIIZ     24 Jun 1993   214H     Birth      MUGU | MELBOURNE      5 Nov 1998 980973     Transfer | ~ Jun 2007            Death | [Death by: Unknown means]
9305,M,25 Jun 1993,8865,8824,fulgens,,,KOLN          25 Jun 1993   1618     Birth      GORA                  fulgens | DARJEELIN      8 Nov 1994 ______     Transfer
9379,M,25 Jun 1993,8701,8621,styani,,1998-10-26,CINCINNAT  25 Jun 1993 193145     Birth     CHEECH                styani | PROSPECTP  14 Jun 1994 948017     Transfer | 26 Oct 1998            Death | [Death by: Euthanasia (medical)           Mounted or Preserved:    Necropsy planned later   Unknown after necropsy]
9380,F,25 Jun 1993,8701,8621,styani,,2001-10-02,CINCINNAT     25 Jun 1993 193146     Birth      AISHA                 styani | COLUMBUS       8 Dec 1999 932139     Transfer | 2 Oct 2001            Death | [Death by: Unknown means]
9330,F,26 Jun 1993,8730,8715,fulgens,,,MADRID Z      26 Jun 1993   PR51     Birth      INDIRA                fulgens | DARJEELIN      8 Nov 1994 ______     Transfer
9331,F,26 Jun 1993,8730,8715,fulgens,,2006-02-13,MADRID Z   26 Jun 1993   PR52     Birth     MARGARITA                 fulgens | LA FRONTI   1 Feb 1996   PR11     Transfer | HANNOVER   11 Dec 1998   V589     Transfer | 13 Feb 2006            Death | [Death by: Euthanasia (medical)           Given to an institution: CARCASS SENT TO TIHO   Digestive       Bacterial]
9334,F,26 Jun 1993,9146,9087,fulgens,,1993-08-09,PHILADELP     26 Jun 1993 102771     Birth                            fulgens | 9 Aug 1993            Death | [Death by: Infection associated           Rendered      Respiratory   Unknown after necropsy]
9335,M,26 Jun 1993,9146,9087,fulgens,,1993-07-03,PHILADELP     26 Jun 1993 102772     Birth                            fulgens | 3 Jul 1993            Death | [Death by: Unknown means]
9364,M,26 Jun 1993,8617,8515,fulgens,,1994-02-03,NY BRONX      26 Jun 1993 931166     Birth      SIKKIM                fulgens | DENVER        19 Nov 1993 930851     Transfer | 3 Feb 1994             Death | [Death by: Unknown means]
9370,M,27 Jun 1993,9125,8953,fulgens,,1993-12-15,YARMOUTH      27 Jun 1993 ______      Birth      MISKA                  fulgens | 15 Dec 1993             Death | [Death by: Unknown means]
9381,M,27 Jun 1993,8636,8702,styani,,,CINCINNAT     27 Jun 1993 193155      Birth      BUBBA                  styani | NASHV ZOO      9 Dec 1993 940048      Transfer | CINCINNAT     30 Aug 1994 193155      Transfer | BATTLE CR     18 Oct 2001 01M29       Transfer | CINCINNAT     20 Nov 2002 193155      Transfer | COLUMBUS       2 Nov 2005 205111      Transfer
9393,M,27 Jun 1993,9052,8535,styani,CHA-CHA,,NAGANO        27 Jun 1993 ______      Birth      CHA-CHA   JAZGA 217C   styani | KYOTO         17 Jun 1995 ______      Transfer
9394,F,27 Jun 1993,9052,8535,styani,JAZGA,2001-08-17,NAGANO        27 Jun 1993 ______      Birth               JAZGA 218C    styani | 17 Aug 2001             Death | [Death by: Other/Unknown       Unknown   Respiratory    Unknown after necropsy]
9395,M,27 Jun 1993,9281,9282,styani,JAZGA,,KAWASAKI      27 Jun 1993 ______      Birth                JAZGA 219C   styani | YUKI          16 May 1996 ______      Transfer
93101,F,27 Jun 1993,8602,9115,fulgens,JAZG,2002-12-11,HIGASHIIZ 27 Jun 1993        215H     Birth               JAZG 215H     fulgens | 11 Dec 2002                 Death | [Death by: Infection associated   Unknown        Urinary   Unknown after necropsy]
93102,F,27 Jun 1993,8602,9115,fulgens,,2003-07-17,HIGASHIIZ     27 Jun 1993    229C     Birth                             fulgens | 17 Jul 2003             Death | [Death by: Unknown means]
9350,M,28 Jun 1993,8712,8611,fulgens,,,COLO SPRG     28 Jun 1993 93M036      Birth      GOODWIN                fulgens | SIOUX FAL      6 Oct 1994   1662      Transfer | CENTRALPK     12 Oct 2000 C00187      Transfer
9351,M,28 Jun 1993,8712,8611,fulgens,,1997-06-21,COLO SPRG     28 Jun 1993 93M037      Birth      JINCHU                 fulgens | BALTIMORE      6 Oct 1994 94053       Transfer | 21 Jun 1997             Death | [Death by: Unknown means]
9310,M,29 Jun 1993,8901,8946,fulgens,,2002-04-16,FONTAINE      29 Jun 1993   77AF7     Birth      PIERRE                 fulgens | SYDNEY  30 Sep 1994 940308         Transfer | MOGO    28 Nov 1996 960013         Transfer | SYDNEY  19 Jan 1997 940308         Transfer | JOHANSBRG6 Jul 1999   4070         Transfer | BESTER  27 Jul 2000 MB113_         Transfer | 16 Apr 2002                Death | [Death by: Environ/Behav conditions   Incinerate       Digestive    Trauma]
9311,F,29 Jun 1993,8901,8946,fulgens,TKN,2005-03-08,FONTAINE    29 Jun 1993 77AF8      Birth      TKN 9 - LO                fulgens | DRESDEN Z   29 Sep 1994 194153     Transfer | 8 Mar 2005            Death | [Death by: Unknown means]
9336,F,29 Jun 1993,9086,8809,fulgens,,2003-08-09,MILL MOUN   29 Jun 1993    0322    Birth      PANSY                     fulgens | MEMPHIS     13 Apr 1994   14323    Transfer | SIOUX FAL    6 Dec 2001    2667    Transfer | 9 Aug 2003            Death | [Death by: Unknown means]
9396,?,29 Jun 1993,8924,8833,styani,JAZGA,1993-06-29,SABAE       29 Jun 1993 ______     Birth                   JAZGA 220C   styani | 29 Jun 1993            Death | [Death by: Unknown means]
9397,F,29 Jun 1993,8856,8915,styani,RIN-RIN,,TOKUYAMA    29 Jun 1993 ______     Birth      RIN-RIN      JAZGA 221C   styani | MIYAZAK     27 Mar 1995 ______     Transfer
9301,M,30 Jun 1993,8613,8721,fulgens,,2003-03-18,ROTTERDAM   30 Jun 1993 104736     Birth      HANS                      fulgens | COLCHESTR   21 Nov 1994   1404     Transfer | 31 Dec 1996   1404     Transfer | 18 Mar 2003            Death | [Death by: Unknown means]
9302,M,30 Jun 1993,8613,8721,fulgens,,1997-11-27,ROTTERDAM   30 Jun 1993 104738     Birth      HARI                      fulgens | DARJEELIN    7 Nov 1994 ______     Transfer | 27 Nov 1997            Death | [Death by: Unknown means]
9337,?,30 Jun 1993,8818,8815,fulgens,,1993-07-03,S BARBARA  30 Jun 1993 930076     Birth                                 fulgens | 3 Jul 1993            Death | [Death by: Infection associated         Given to an institution:    Respiratory   Protozoan]
9338,?,30 Jun 1993,8818,8815,fulgens,,1993-07-09,S BARBARA   30 Jun 1993 930077     Birth                                fulgens | 9 Jul 1993               Death | [Death by: Infection associated         Given to an institution:       Respiratory   Protozoan]
9382,M,30 Jun 1993,8629,8907,styani,,2004-08-04,CLEVELAND     30 Jun 1993 930633      Birth      SMALLER OF                styani | SEATTLE       12 Jan 2000 990404      Transfer | 4 Aug 2004             Death | [Death by: Unknown means]
9383,M,30 Jun 1993,8629,8907,,,2008-01-28,CLEVELAND | 30 Jun 1993 930634     Birth     LARGER OF                         styani | BATTLE CR | 15 Mar 1994   0486     Transfer | CINCINNAT | 17 Oct 2001 101151     Transfer | AKRON    2 Dec 2004 100196     Transfer | BATTLE CR3 Feb 2006   0486     Transfer | 28 Jan 2008            Death | [Death by: Euthanasia (medical)   Unknown   Unknown (after necropsy)]
9398,M,30 Jun 1993,9182,8758,styani,MEI-MEI,2007-07-24,SENDAISHI     30 Jun 1993 ______      Birth      MEI-MEI      JAZGA 222C   styani | HITACHI       25 Nov 1994 ______      Transfer | 24 Jul 2007             Death | [Death by: Unknown means]
9399,M,30 Jun 1993,9182,8758,styani,,2005-03-19,SENDAISHI     30 Jun 1993 ______      Birth      KAN-KAN                   styani | HITACHI        1 Jan 1994 ______      Transfer | MIYAZAK       17 May 1996 ______      Transfer | 19 Mar 2005             Death | [Death by: Unknown means]
93115,F,30 Jun 1993,8752,8627,styani,JAZGA,,SABAE         30 Jun 1993 ______      Birth                   JAZGA 225C   styani
93116,F,30 Jun 1993,8752,8627,styani,JAZGA,1993-07-02,SABAE         30 Jun 1993 ______      Birth                   JAZGA 226C   styani | 2 Jul 1993             Death | [Death by: Unknown means]
93117,F,30 Jun 1993,9182,8758,styani,KOU-KOU,2001-12-14,SENDAISHI     30 Jun 1993 ______      Birth     KOU-KOU    JAZGA 224C      styani | AKITA          6 Jul 2001 ______      Transfer | 14 Dec 2001             Death | [Death by: Other/Unknown         Unknown   Digestive    Unknown after necropsy]
93144,M,30 Jun 1993,9182,8758,styani,KOU-KOU,2001-12-14,SENDAISHI     30 Jun 1993 ______      Birth      KOU-KOU      JAZGA 224C   styani | AKITA              ~ 1999 ______      Transfer | SENDAISHI      6 Jul 2001 ______      Transfer | 14 Dec 2001             Death | [Death by: Unknown means]
9308,M,1 Jul 1993,9001,9017,fulgens,,2002-04-19,ANTWERP        1 Jul 1993 M9494A     Birth      URANOS                 fulgens | POZNAN        28 Oct 1994 MD0261     Transfer | 19 Apr 2002            Death | [Death by: Unknown means]
9309,M,1 Jul 1993,9001,9017,fulgens,,,ANTWERP        1 Jul 1993 M9494B     Birth      ULLYSEE                fulgens | POZNAN        28 Oct 1994 MD0262     Transfer | WHIPSNADE     15 Feb 1996 L2767      Transfer
9345,M,1 Jul 1993,9076,8810,fulgens,,1997-03-05,"KNOXVILLE   1 Jul 1993   1581     Birth     MITCH                  fulgens | BATTLE CR   2 Oct 1993   0475     Transfer | SANDIEGOZ  15 Jun 1994 594280     Transfer | HELSINKI   23 May 1996 960057     Transfer | 5 Mar 1997            Death | [Death by: Euthanasia (medical)         Given to an institution:    Cardiovascular   Circulatory, secondary]"
92137,M,~ 1993,WILD,WILD,styani,,1999-10-15,CHINA            ????       NONE     Capture                           styani | NISHISONO      2 Apr 1994 ______     Transfer | ARITAKE       22 Oct 1995 ______     Transfer | NASU GUN      26 Apr 1996 ______     Transfer | 15 Oct 1999            Death | [Death by: Unknown means]
93104,F,1 Jul 1993,8929,9169,styani,JAZGA,1993-07-01,TOKUYAMA       1 Jul 1993 ______     Birth                JAZGA 228C   styani | 1 Jul 1993            Death | [Death by: Unknown means]
93147,M,1 Jul 1993,8639,8640,styani,YUU-YUU,,ICHIKAWA       1 Jul 1993 ______     Birth      YUU-YUU   JAZGA 227C   styani | KAWASAKI      18 Dec 1999 ______     Transfer
9339,M,2 Jul 1993,9089,8812,fulgens,,2008-12-09,LINCOLN C      2 Jul 1993     926    Birth      LIWU                   fulgens | MEMPHIS       18 Apr 1994   14340    Transfer | KNOXVILLE     16 Dec 1999    1901    Transfer | 9 Dec 2008            Death | [Death by: Unknown means]
9343,F,3 Jul 1993,8965,9032,fulgens,,1994-01-14,MANHATTAN      3 Jul 1993 930064     Birth                             fulgens | 14 Jan 1994            Death | [Death by: Other/Unknown         Given to an institution:    Necropsy planned later]
9344,F,3 Jul 1993,8965,9032,fulgens,,2004-08-29,MANHATTAN      3 Jul 1993 930065      Birth                            fulgens | MINNESOTA     12 May 1994   8189      Transfer | ATTLEBORO      6 Nov 2001 101032      Transfer | 29 Aug 2004             Death | [Death by: Unknown means]
9352,F,3 Jul 1993,8633,8803,fulgens,,2000-05-18,NZP-CRC        3 Jul 1993 111044      Birth     SCARLET                fulgens | SIOUX FAL     21 Apr 1994    1611     Transfer | 18 May 2000             Death | [Death by: Other/Unknown       Incinerate    Unknown (after necropsy)]
9353,F,3 Jul 1993,8633,8803,fulgens,,1997-05-05,NZP-CRC        3 Jul 1993 111045      Birth                            fulgens | BALTIMORE      8 Jun 1994 94040       Transfer | 5 May 1997             Death | [Death by: Other/Unknown       Incinerate    Digestive   Unknown after necropsy]
9354,M,3 Jul 1993,8633,8803,fulgens,,1998-12-03,NZP-CRC    3 Jul 1993 111046     Birth     KIANG                       fulgens | SEATTLE   10 May 1994 930299     Transfer | NASHV ZOO  3 Jul 1994 940146     Transfer | 3 Dec 1998            Death | [Death by: Infection associated   Unknown   Unknown (after necropsy)]
9320,F,4 Jul 1993,8410,8606,fulgens,,2003-06-11,HELSINKI       4 Jul 1993 930081      Birth      KHRISNA   FF/HE/93/20 fulgens | KRISTIANS     20 Oct 1994 AIL002      Transfer | 11 Jun 2003             Death | [Death by: Unknown means]
93103,M,6 Jul 1993,8602,8913,fulgens,,,HIGASHIIZ      6 Jul 1993   229H      Birth                            fulgens
9317,M,7 Jul 1993,8605,8823,fulgens,,2000-10-26,LEIPZIG    7 Jul 1993 M01211       Birth     DUSTY                     fulgens | AGRATE     8 Jun 1994     851      Transfer | 26 Oct 2000              Death | [Death by: Infection associated   Incinerate     Generalized   Viral]
9365,?,7 Jul 1993,8109,8313,fulgens,,1993-07-13,ST LOUIS       7 Jul 1993 930735      Birth                            fulgens | 13 Jul 1993             Death | [Death by: Unknown means]
9314,M,9 Jul 1993,9046,9138,fulgens,,1993-08-08,FONTAINE       9 Jul 1993 ______      Birth                            fulgens | 8 Aug 1993             Death | [Death by: Unknown means]
93105,?,10 Jul 1993,8713,8840,styani,JAZGA,1993-07-11,NAGANO        10 Jul 1993 ______     Birth                   JAZGA 230C   styani | 11 Jul 1993            Death | [Death by: Unknown means]
93106,M,11 Jul 1993,8935,8936,styani,JAZGA,1996-01-23,ITOZU         11 Jul 1993 ______     Birth                   JAZGA 231C   styani | 23 Jan 1996            Death | [Death by: Unknown means]
93107,F,11 Jul 1993,8935,8936,styani,NENE,2005-10-12,ITOZU         11 Jul 1993 ______     Birth      NENE         JAZGA 232C   styani | TOKYOTAMA     14 Feb 1995   1211     Transfer | 12 Oct 2005            Death | [Death by: Unknown means]
9348,F,16 Jul 1993,8415,8612,fulgens,,1993-07-24,OMAHA   16 Jul 1993         7371     Birth                                fulgens | 24 Jul 1993                  Death | [Death by: Infection associated   Unknown         Respiratory   Bacterial]
9349,F,16 Jul 1993,8415,8612,fulgens,,1993-08-27,OMAHA   16 Jul 1993         7372     Birth                                fulgens | 27 Aug 1993                  Death | [Death by: Infection associated   Unknown         Respiratory   Bacterial]
93108,M,17 Jul 1993,8749,8751,styani,KUN-KUN,2001-04-21,HIROSHIMA     17 Jul 1993 ______     Birth      KUN-KUN      JAZGA 233C   styani | MISAKI        16 Oct 1999 ______     Transfer | 21 Apr 2001            Death | [Death by: Unknown means]
93109,F,17 Jul 1993,8749,8751,styani,RIN-RIN,,HIROSHIMA     17 Jul 1993 ______     Birth      RIN-RIN      JAZGA 234C   styani | SASEBO        17 Nov 1994 ______     Transfer
9357,F,18 Jul 1993,8804,8318,fulgens,,1993-07-19,UTICA         18 Jul 1993 193042     Birth                                fulgens | 19 Jul 1993            Death | [Death by: Other/Unknown         Given to an institution:    Generalized       Nutrition]
9366,M,18 Jul 1993,8317,8110,fulgens,,1993-07-22,KNOXVILLE  18 Jul 1993      1583     Birth                                fulgens | 22 Jul 1993               Death | [Death by: Other/Unknown        Unknown    Necropsy planned later      Unknown after necropsy]
9367,M,18 Jul 1993,8317,8110,fulgens,,1993-07-24,KNOXVILLE  18 Jul 1993      1584     Birth                                fulgens | 24 Jul 1993               Death | [Death by: Other/Unknown        Unknown    Necropsy planned later      Unknown after necropsy]
93110,M,19 Jul 1993,8924,8838,styani,JAZGA,2003-03-10,SABAE         19 Jul 1993 ______     Birth                   JAZGA 235C   styani | NISHISONO     30 Mar 1999 ______      Transfer | 10 Mar 2003             Death | [Death by: Other/Unknown       Unknown   Urinary    Unknown after necropsy]
93111,M,19 Jul 1993,8924,8838,styani,TAKASHI,,SABAE         19 Jul 1993 ______     Birth      TAKASHI    JAZGA 236C   styani
93112,M,19 Jul 1993,8847,9194,styani,RIKI,1999-12-29,SHIRAHAMA     19 Jul 1993 ______     Birth      RIKI       JAZGA 237C   styani | TOKUYAMA           ~ 1994 ______     Transfer | 29 Dec 1999            Death | [Death by: Unknown means]
9303,M,20 Jul 1993,8615,8603,fulgens,,2007-10-19,ROTTERDAM     20 Jul 1993 104753     Birth      SADIYA                  fulgens | KRISTIANS     13 Oct 1994 AIL001     Transfer | HELSINKI      21 Dec 2005 205139     Transfer | 19 Oct 2007            Death | [Death by: Unknown means]
9304,M,20 Jul 1993,8615,8603,fulgens,,2002-05-29,ROTTERDAM     20 Jul 1993 104754     Birth      LEE                     fulgens | ODENSE        30 Aug 1994   AIL1     Transfer | 31 Dec 1996   AIL1     Transfer | 29 May 2002            Death | [Death by: Unknown means]
9358,?,20 Jul 1993,9147,8310,fulgens,,1993-07-21,DENVER        20 Jul 1993 930450     Birth                              fulgens | 21 Jul 1993            Death | [Death by: Unknown means]
9359,F,20 Jul 1993,9147,8310,fulgens,,1997-07-20,DENVER        20 Jul 1993 930451     Birth      SZECHWAN                fulgens | S BARBARA     31 May 1994 930139     Transfer | 20 Jul 1997            Death | [Death by: Unknown means]
93113,M,21 Jul 1993,8749,8750,styani,JAZGA,1993-08-21,HIROSHIMA     21 Jul 1993 ______     Birth                 JAZGA 238C   styani | 21 Aug 1993            Death | [Death by: Unknown means]
93114,F,21 Jul 1993,8749,8750,styani,JAZGA,1993-08-30,HIROSHIMA     21 Jul 1993 ______     Birth                 JAZGA 239C   styani | 30 Aug 1993            Death | [Death by: Unknown means]
9368,M,6 Dec 1993,9201,9122,fulgens,,2009-05-21,PRETORIA       6 Dec 1993 904161     Birth      SHERPA                  fulgens | PERTH          4 Jun 1997 970502     Transfer | YARRALUML     16 Jan 2003 A02050      Transfer | 21 May 2009             Death | [Death by: Unknown means]
9369,F,6 Dec 1993,9201,9122,fulgens,,2006-04-06,PRETORIA       6 Dec 1993 904162      Birth       TENZING                fulgens | 6 Apr 2006             Death | [Death by: Unknown means]
9375,M,6 Dec 1993,9124,9202,fulgens,,1993-12-07,JOHANSBRG  6 Dec 1993   1113          Birth                              fulgens | 7 Dec 1993                 Death | [Death by: Environ/Behav conditions   Incinerate        No necropsy planned]
9376,F,6 Dec 1993,9124,9202,fulgens,,1993-12-12,JOHANSBRG  6 Dec 1993   1114      Birth                                  fulgens | 12 Dec 1993             Death | [Death by: Infection associated   Incinerate    Respiratory         Viral]
94102,M,~ 1994,UNK,UNK,,TON TON,,OMUTA         18 Dec 1997 ______      Transfer    TON TON   JAZGA 369C   STYANI | ITOZU         10 Feb 2002 ______      Transfer
94103,F,~ Apr 1994,WILD,WILD,styani,YUU-YUU,,CHINA              ~ 1994   NONE      Capture     YUU-YUU   JAZGA 370C   styani | OMUTA         18 Dec 1997 ______      Transfer
9414,M,24 May 1994,9240,9126,fulgens,,1995-05-20,LISBON        24 May 1994   3413     Birth     LOTUS                     fulgens | 20 May 1995            Death | [Death by: Other/Unknown       Given to an institution:    Necropsy planned later]
9406,F,3 Jun 1994,9083,9004,fulgens,,1994-06-06,LA FRONTI      3 Jun 1994    PR7      Birth                              fulgens | 6 Jun 1994             Death | [Death by: Stillbirth       Mounted or Preserved:     Generalized     Nutrition]
9407,M,3 Jun 1994,9083,9004,fulgens,,1994-06-21,LA FRONTI      3 Jun 1994    PR8      Birth                              fulgens | 21 Jun 1994             Death | [Death by: Unknown means]
9450,F,5 Jun 1994,9145,9148,fulgens,,1994-12-04,NZP-CRC        5 Jun 1994 111306      Birth                              fulgens | 4 Dec 1994             Death | [Death by: Unknown means]
9451,F,5 Jun 1994,9145,9148,fulgens,HOLLY,2009-07-05,NZP-CRC        5 Jun 1994 111307      Birth       HOLLY     9451         fulgens | TREVOR        23 Feb 1996 96M494      Transfer | 5 Jul 2009             Death | [Death by: Unknown means]
9452,F,6 Jun 1994,91100,9196,styani,,2003-03-11,CALGARY  6 Jun 1994 104173      Birth     CHAONAO       styani | TORONTO 31 Jan 1995 30389       Transfer | 11 Mar 2003             Death | [Death by: Euthanasia (medical)   Incinerate    No necropsy planned]
9453,F,6 Jun 1994,91100,9196,styani,,,CALGARY      6 Jun 1994 104174     Birth       ZAOYIN   styani | CINCINNAT    1 Feb 1995 195002     Transfer | MILLER R    12 Apr 1995 ______ ltf Transfer
9454,M,6 Jun 1994,9217,8762,styani,,1994-06-09,OKLAHOMA 6 Jun 1994 650304     Birth                    styani | 9 Jun 1994            Death | [Death by: Environ/Behav conditions   Bury   Digestive    Nutrition]
9410,M,10 Jun 1994,9102,9132,fulgens,,,KREFELD     10 Jun 1994    757      Birth      JILONG   fulgens | 23 Feb 1995    757      Transfer | KLEVE       31 Jan 1996 ______      Transfer
9418,?,11 Jun 1994,9046,8304,fulgens,,1994-11-14,FONTAINE    11 Jun 1994   77AF9     Birth               fulgens | 14 Nov 1994             Death | [Death by: Unknown means]
9419,F,11 Jun 1994,9046,8304,fulgens,,2008-05-11,FONTAINE    11 Jun 1994 77AF10      Birth               fulgens | 11 May 2008             Death | [Death by: Unknown means]
9455,F,11 Jun 1994,8418,9144,fulgens,,1995-01-23,GREENVISC   11 Jun 1994 94G038      Birth               fulgens | 23 Jan 1995             Death | [Death by: Unknown means]
9415,F,12 Jun 1994,8865,8824,fulgens,,,KOLN        12 Jun 1994   1822      Birth      Pandi    fulgens | BOISSIERE    9 Nov 1995   CPR1      Transfer | TENERIFEZ    9 Nov 1999 ______      Transfer
9416,M,12 Jun 1994,8865,8824,fulgens,,1994-12-07,KOLN       12 Jun 1994     1821     Birth               fulgens | 7 Dec 1994              Death | [Death by: Infection associated         Given to an institution:      Necropsy planned later]
9425,M,12 Jun 1994,8730,8503,fulgens,,2008-03-28,MADRID Z    12 Jun 1994   PR53      Birth      MANUEL   fulgens | TENERIFEZ   18 Mar 1996 ______      Transfer | 28 Mar 2008             Death | [Death by: Unknown means]
9426,F,12 Jun 1994,8730,8503,fulgens,,1995-01-03,MADRID Z      12 Jun 1994   PR54     Birth     MAMEN                   fulgens | 3 Jan 1995            Death | [Death by: Other/Unknown         Unknown   Generalized   Unknown after necropsy]
9400,M,14 Jun 1994,9008,9047,fulgens,,1994-06-24,AUGSBURG  14 Jun 1994   9470         Birth                             fulgens | 24 Jun 1994                Death | [Death by: Other/Unknown        Given to an institution:    Generalized       Unknown after necropsy]
9424,F,14 Jun 1994,9008,9047,fulgens,,1994-06-15,AUGSBURG      14 Jun 1994   9471     Birth                             fulgens | 15 Jun 1994            Death | [Death by: Other/Unknown         Given to an institution:    Unknown (after necropsy)]
9456,?,14 Jun 1994,8012,8951,fulgens,,1994-06-20,NZP-WASH      14 Jun 1994 111304      Birth               FN/NZ/94/56 fulgens | 20 Jun 1994             Death | [Death by: Other/Unknown         Incinerate    Necropsy planned later]
9457,M,14 Jun 1994,8012,8951,fulgens,,1994-06-18,NZP-WASH      14 Jun 1994 111305      Birth               FM/NZ/94/57 fulgens | 18 Jun 1994             Death | [Death by: Other/Unknown         Incinerate    Necropsy planned later]
9427,F,15 Jun 1994,8737,8863,fulgens,,1995-01-01,MADRID Z      15 Jun 1994   PR55     Birth     MARUJA                  fulgens | 1 Jan 1995            Death | [Death by: Other/Unknown         Unknown   Generalized   Unknown after necropsy]
9428,F,15 Jun 1994,8737,8863,fulgens,,2007-01-31,MADRID Z      15 Jun 1994   PR56     Birth      MALVA                  fulgens | BOISSIERE     13 Jun 1996   CPR2     Transfer | 31 Jan 2007            Death | [Death by: Unknown means]
9449,M,~ Jun 1994,8929,9169,styani,RON-RON,,TOKUYAMA       ~ Jun 1994 ______     Birth      RON-RON   JAZGA 254C   styani | SHIRAHAMA          ~ 1995 ______     Transfer
9458,F,15 Jun 1994,8950,9212,fulgens,,1994-06-26,INDIANAPL     15 Jun 1994 940071     Birth      DAKIN                  fulgens | 26 Jun 1994            Death | [Death by: Unknown means]
9459,F,15 Jun 1994,8950,9212,fulgens,,1994-06-18,INDIANAPL     15 Jun 1994 940072     Birth                             fulgens | 18 Jun 1994            Death | [Death by: Unknown means]
9441,M,17 Jun 1994,9052,8535,styani,JAZGA,2007-12-16,NAGANO        17 Jun 1994 ______     Birth                JAZGA 246C   styani | TOMIOKA     28 Jan 1998 ______    Transfer | 16 Dec 2007           Death | [Death by: Unknown means]
9442,F,17 Jun 1994,9052,8535,styani,,,NAGANO      17 Jun 1994    NONE   Birth      06        JAZGA 247C   styani | OSAKA       13 Dec 1996     407   Transfer
9443,F,18 Jun 1994,8920,8926,styani,YUU,2005-01-04,HAMAMATSU   18 Jun 1994 ______    Birth      YUU       JAZGA 248C   styani | SENDAISHI   18 Mar 1997 ______    Transfer | 4 Jan 2005           Death | [Death by: Unknown means]
9460,F,18 Jun 1994,9146,9087,fulgens,,2003-04-15,PHILADELP 18 Jun 1994 102945      Birth     Cybil                   fulgens | WHEELING  23 May 1995   1965      Transfer | 15 Apr 2003             Death | [Death by: Infection associated   Bury   Generalized    Unknown after necropsy]
9444,F,19 Jun 1994,9265,8976,styani,DAURAGIRI JAZGA,,TOMIOKA     19 Jun 1994 ______    Birth      DAURAGIRI JAZGA 249C   styani | TOHOKU PK   26 Dec 1995 ______    Transfer
9445,F,19 Jun 1994,9265,8976,styani,ANNAPULUNAJAZGA,2007-12-12,TOMIOKA     19 Jun 1994 ______    Birth      ANNAPULUNAJAZGA 250C   styani | TOHOKU PK   26 Dec 1995 ______    Transfer | 12 Dec 2007           Death | [Death by: Unknown means]
9461,M,19 Jun 1994,9110,9206,fulgens,,2001-09-02,CENTRALPK 19 Jun 1994 946110     Birth     BUDDY                    fulgens | NY BRONX  24 May 1995 946110     Transfer | BALTIMORE 10 Mar 1998 98011      Transfer | 2 Sep 2001            Death | [Death by: Euthanasia (medical)   Unknown   Unknown (after necropsy)]
9417,F,20 Jun 1994,9227,9045,fulgens,,1999-11-04,RHENEN      20 Jun 1994    M766   Birth                             fulgens | WHIPSNADE    8 Dec 1995   L2610   Transfer | 10 Jun 1998   L2610   Transfer | 4 Nov 1999           Death | [Death by: Unknown means]
9462,F,20 Jun 1994,9110,9206,fulgens,,2003-11-30,CENTRALPK   20 Jun 1994 946111    Birth      SALLY                  fulgens | NY BRONX    24 May 1995 946111    Transfer | 1 Jun 1995 946111    Transfer | COLO SPRG    3 Jun 1998 98M025    Transfer | ATASCADER    4 Nov 2003 M03026    Transfer | 30 Nov 2003             Death | [Death by: Other/Unknown        Unknown    Necropsy planned later    Unknown after necropsy]
9463,M,20 Jun 1994,9095,9096,styani,,2008-03-09,BATTLE CR   20 Jun 1994   0493     Birth      LO MEIN      styani | PROSPECTP   29 Oct 1998 988062     Transfer | COLUMBUS    20 Nov 2002 202091     Transfer | STATEN IS   23 Sep 2003 003018     Transfer | NASHV ZOO    5 Jan 2005   2301     Transfer | 9 Mar 2008            Death | [Death by: Unknown means]
9464,F,20 Jun 1994,9095,9096,styani,,,BATTLE CR   20 Jun 1994   0494     Birth      Jade         styani | DENVER      25 Jul 2002 A02312     Transfer
94100,M,20 Jun 1994,8649,8221,fulgens,,2002-03-11,DARJEELIN   20 Jun 1994 ______     Birth      FRIEND       fulgens | 11 Mar 2002            Death | [Death by: Stranded      Unknown    Unknown (after necropsy)]
94101,F,20 Jun 1994,8649,8221,fulgens,,2006-09-23,DARJEELIN   20 Jun 1994 ______     Birth      EKTA         fulgens | 23 Sep 2006            Death | [Death by: Unknown means]
9429,F,23 Jun 1994,9112,9105,fulgens,,,WARSAW      23 Jun 1994 S3240      Birth      HARFA        fulgens | KLEVE       21 Jan 1996 ______     Transfer
9465,F,23 Jun 1994,8306,9143,fulgens,,2007-06-15,KANSASCTY   23 Jun 1994 102525     Birth      SIAN         fulgens | KNOXVILLE   24 May 1995   1665     Transfer | BATTLE CR   12 May 1997 97M37      Transfer | 12 Nov 1997 97M37      Transfer | GREENVISC   16 Jan 2001 XAA002     Transfer | KNOXVILLE   18 Dec 2003   1665     Transfer | 15 Jun 2007            Death | [Death by: Unknown means]
9466,F,23 Jun 1994,8306,9143,fulgens,,2008-12-01,KANSASCTY   23 Jun 1994 102526     Birth      LUTA (LUDA   fulgens | ST LOUIS    24 May 1995 950580     Transfer | SANDIEGOZ    6 Feb 1997 597078     Transfer | 1 Dec 2008            Death | [Death by: Unknown means]
9467,M,23 Jun 1994,9076,8810,fulgens,,1999-02-19,KNOXVILLE   23 Jun 1994   1619     Birth      Li Wu        fulgens | BATTLE CR   28 Jul 1994   0495     Transfer | KNOXVILLE     24 May 1995   1619     Transfer | BATTLE CR      5 Nov 1997   0495     Transfer | 19 Feb 1999            Death | [Death by: Other/Unknown         Bury   Generalized   Unknown after necropsy]
9468,?,23 Jun 1994,9076,8810,fulgens,,1994-06-24,KNOXVILLE     23 Jun 1994    1620     Birth                       fulgens | 24 Jun 1994             Death | [Death by: Unknown means]
9469,F,24 Jun 1994,9141,8802,fulgens,,2007-12-06,KNOXVILLE     24 Jun 1994   1621      Birth      Taipei           fulgens | SYRACUSE      25 May 1995 M95010      Transfer | 14 Mar 2000 M95010      Transfer | BIRMINGHM      6 Nov 2003 103024      Transfer | 6 Dec 2007             Death | [Death by: Unknown means]
9470,F,24 Jun 1994,9141,8802,fulgens,,2003-09-12,KNOXVILLE     24 Jun 1994   1622     Birth     MARLEY             fulgens | SYRACUSE      25 May 1995 M95011     Transfer | 12 Sep 2003            Death | [Death by: Euthanasia (medical)         Incinerate      Generalized   Unknown after necropsy]
9411,?,25 Jun 1994,8731,8864,fulgens,,1994-07-04,BARCELONA     25 Jun 1994    4199     Birth                       fulgens | 4 Jul 1994             Death | [Death by: Unknown means]
9412,?,25 Jun 1994,8731,8864,fulgens,,1994-06-28,BARCELONA     25 Jun 1994    4200     Birth                       fulgens | 28 Jun 1994             Death | [Death by: Unknown means]
9413,?,25 Jun 1994,8604,8632,fulgens,,1994-06-27,BELFAST       25 Jun 1994     919     Birth                       fulgens | 27 Jun 1994             Death | [Death by: Premature birth         Incinerate    Digestive   Unknown after necropsy]
9471,M,25 Jun 1994,9093,8621,styani,,2005-07-08,CINCINNAT     25 Jun 1994 194123      Birth      Hanz             styani | SANDIEGOZ     13 Dec 1995 595484      Transfer | COLUMBUS       7 Nov 2001 201048      Transfer | CLEVELAND     30 Oct 2002 M21075      Transfer | 8 Jul 2005             Death | [Death by: Unknown means]
9472,F,25 Jun 1994,9093,8621,styani,,2005-08-31,CINCINNAT     25 Jun 1994 194124      Birth      Boo Boo          styani | 25 Jun 1994 194124      Transfer | 1 Feb 1995 194124     Transfer | COLUMBUS      26 Nov 1996 962049     Transfer | BATTLE CR      5 Jan 2000 M0001      Transfer | 31 Aug 2005            Death | [Death by: Unknown means]
9473,F,25 Jun 1994,9093,8621,styani,,2005-12-15,CINCINNAT     25 Jun 1994 194125     Birth      TSU                       styani | 26 Nov 1996 194125     Transfer | 15 Dec 2005            Death | [Death by: Unknown means]
9430,F,26 Jun 1994,9001,9017,fulgens,,2003-03-23,ANTWERP       26 Jun 1994 M9603A     Birth     PREETY                     fulgens | PLANCKNDL     30 May 1995 005009     Transfer | ANTWERP       22 Mar 1996 M9603A     Transfer | DARJEELIN     24 Dec 1996 ______     Transfer | GANGTOK       14 Mar 1997   RPF2     Transfer | 23 Mar 2003            Death | [Death by: Other/Unknown         Unknown   Respiratory   Unknown after necropsy]
9431,?,26 Jun 1994,9001,9017,fulgens,,,ANTWERP       26 Jun 1994 M9603B     Birth                                fulgens | 29 Jun 1994 M9603B ltf Release
9446,M,26 Jun 1994,9281,9282,styani,,,KAWASAKI      26 Jun 1994 ______     Birth      20    mimi   JAZGA 251C   styani | YOKOHAMA      17 Dec 1997 970125     Transfer | ZOORASIA      24 Nov 1998    170     Transfer
9474,F,26 Jun 1994,8617,8515,fulgens,,2001-05-26,NY BRONX   26 Jun 1994 941111      Birth     ELANA                        fulgens | CENTRALPK  16 Dec 1999 941111      Transfer | 26 May 2001             Death | [Death by: Other/Unknown        Incinerate    Necropsy planned later    Unknown after necropsy]
9447,F,27 Jun 1994,9059,9260,styani,JAZGA,1994-08-24,ICHIKAWA      27 Jun 1994 ______     Birth                   JAZGA 252C   styani | 24 Aug 1994            Death | [Death by: Unknown means]
9448,F,27 Jun 1994,9059,9260,styani,JAZGA,1994-08-25,ICHIKAWA      27 Jun 1994 ______     Birth                   JAZGA 253C   styani | 25 Aug 1994            Death | [Death by: Unknown means]
9475,?,28 Jun 1994,9089,8812,fulgens,,1994-06-30,LINCOLN C     28 Jun 1994   1010     Birth                                fulgens | 30 Jun 1994            Death | [Death by: Unknown means]
9476,?,28 Jun 1994,9089,8812,fulgens,,1994-07-13,LINCOLN C     28 Jun 1994   1011     Birth                            fulgens | 13 Jul 1994            Death | [Death by: Other/Unknown       Given to an institution:    Unknown (after necropsy)]
9485,?,30 Jun 1994,8935,8936,styani,JAZGA,1994-07-03,ITOZU         30 Jun 1994 ______     Birth               JAZGA 255C   styani | 3 Jul 1994            Death | [Death by: Unknown means]
95131,M,~ 1994,UNK,UNK,styani,JAZGA,1999-07-19,TOHOKU PK     15 Feb 1995 ______     Transfer            JAZGA 310C   styani | 19 Jul 1999            Death | [Death by: Unknown means]
95132,F,~ 1994,UNK,UNK,styani,JAZGA,1996-07-28,TOHOKU PK     15 Feb 1995 ______     Transfer            JAZGA 311C   styani | 28 Jul 1996            Death | [Death by: Unknown means]
9405,M,2 Jul 1994,8410,8606,fulgens,,2004-08-23,HELSINKI   2 Jul 1994 940121     Birth     LINN                       fulgens | FONTAINE  23 Nov 1996 77AF15     Transfer | HAYLE     14 Oct 1999   A310     Transfer | 23 Aug 2004            Death | [Death by: Euthanasia (medical)   Unknown   Unknown (after necropsy)]
9477,M,2 Jul 1994,9152,8625,fulgens,,2001-05-15,DALLAS         2 Jul 1994 949047     Birth      WOKER                 fulgens | SANDIEGOZ     28 Jun 1995 595303     Transfer | 15 May 2001            Death | [Death by: Unknown means]
9478,F,2 Jul 1994,9152,8625,fulgens,,2005-06-17,DALLAS         2 Jul 1994 949048     Birth      Lizzie                fulgens | WHEELING      21 Jun 1995   1988     Transfer | 9 Oct 2002   1988     Transfer | 17 Jun 2005            Death | [Death by: Unknown means]
9479,F,4 Jul 1994,8633,8803,fulgens,,1994-12-04,NZP-CRC        4 Jul 1994 111310     Birth                            fulgens | 4 Dec 1994            Death | [Death by: Unknown means]
9480,F,4 Jul 1994,8633,8803,fulgens,,,NZP-CRC        4 Jul 1994 111311     Birth      PENNY                 fulgens | TREVOR        23 Feb 1996 96M495     Transfer | NY BRONX      15 Nov 2000 M00154     Transfer
9486,F,4 Jul 1994,9185,9256,styani,YUU-YUU,,HIRAKATA     4 Jul 1994 ______   Birth      YUU-YUU   JAZGA 256C   styani | TOKUYAMA         ~ 1995 ______   Transfer
9487,?,4 Jul 1994,9185,9256,styani,JAZGA,1994-07-07,HIRAKATA     4 Jul 1994 ______   Birth                JAZGA 257C   styani | 7 Jul 1994          Death | [Death by: Unknown means]
9488,F,4 Jul 1994,9185,9256,styani,JAZGA,1994-07-07,HIRAKATA     4 Jul 1994 ______   Birth                JAZGA 258C   styani | 7 Jul 1994          Death | [Death by: Unknown means]
9489,M,5 Jul 1994,UNK,92136,styani,JAZGA,1994-07-07,NISHISONO    5 Jul 1994 ______   Birth                JAZGA 259C   styani | 7 Jul 1994          Death | [Death by: Unknown means]
9490,M,5 Jul 1994,UNK,92136,styani,JAZGA,1994-08-27,NISHISONO    5 Jul 1994 ______   Birth                JAZGA 260C   styani | 27 Aug 1994          Death | [Death by: Unknown means]
9422,M,6 Jul 1994,8941,8608,fulgens,,1994-08-12,BERLIN TP    6 Jul 1994 ______   Birth                             fulgens | 12 Aug 1994          Death | [Death by: Unknown means]
9423,M,6 Jul 1994,8941,8608,fulgens,,1994-08-14,BERLIN TP    6 Jul 1994 ______   Birth                             fulgens | 14 Aug 1994          Death | [Death by: Unknown means]
9408,F,7 Jul 1994,8506,8614,fulgens,,2004-01-08,DUISBURG     7 Jul 1994   2652   Birth                             fulgens | BEAUVAL     30 Mar 1996 960039   Transfer | BUDAPEST    30 Sep 1999 004403   Transfer | 8 Jan 2004          Death | [Death by: Unknown means]
9409,F,7 Jul 1994,8506,8614,fulgens,,1998-08-14,"DUISBURG   7 Jul 1994   2653     Birth                             fulgens | POZNAN     4 Jun 1996 MD0311     Transfer | 14 Aug 1998            Death | [Death by: Other/Unknown        Given to an institution:    Cardiovascular   Circulatory, secondary]"
9491,?,7 Jul 1994,9054,8844,styani,JAZG,1994-07-09,HIMEHI SH    7 Jul 1994 ______   Birth                JAZG 261C    styani | 9 Jul 1994          Death | [Death by: Unknown means]
9481,F,9 Jul 1994,8965,9032,fulgens,,2007-09-20,MANHATTAN    9 Jul 1994 940039   Birth      NEPAL                  fulgens | ST LOUIS    24 May 1995 950581   Transfer | RIO GRAND    6 Sep 2000 M00026   Transfer | 20 Sep 2007          Death | [Death by: Unknown means]
9492,F,9 Jul 1994,8847,9194,styani,RIN,,SHIRAHAMA    9 Jul 1994 ______   Birth      RIN       JAZGA 262C   styani
9401,M,10 Jul 1994,8613,8721,fulgens,,2001-02-12,ROTTERDAM   10 Jul 1994 104960   Birth                             fulgens | FRANKFURT   24 Apr 1996 37537    Transfer | BOISSIERE   17 Oct 1999   CPR3   Transfer | 12 Feb 2001          Death | [Death by: Unknown means]
9402,F,10 Jul 1994,8613,8721,fulgens,,2007-06-25,ROTTERDAM   10 Jul 1994 104961   Birth                             fulgens | BEAUVAL     23 May 1996 960040   Transfer | 25 Jun 2007          Death | [Death by: Unknown means]
9493,M,11 Jul 1994,8643,8644,styani,JAZGA,,OKAYAMA     11 Jul 1994 ______   Birth                JAZGA 263C   styani | MITO CHO    27 Sep 1995 ______   Transfer
9494,M,11 Jul 1994,8643,8644,styani,JAZGA,2004-01-15,OKAYAMA   11 Jul 1994 ______     Birth                JAZGA 264C   styani | KAGAWA    13 Mar 1996 ______     Transfer | OKAYAMA    5 Nov 2000 ______     Transfer | 15 Jan 2004            Death | [Death by: Infection associated   Unknown   Cardiovascular   Metazoan]
9495,M,12 Jul 1994,8643,9170,styani,JAZGA,1994-07-20,OKAYAMA     12 Jul 1994 ______   Birth                JAZGA 265C   styani | 20 Jul 1994          Death | [Death by: Unknown means]
9496,F,12 Jul 1994,8643,9170,styani,JAZGA,1994-07-12,OKAYAMA     12 Jul 1994 ______   Birth                JAZGA 266C   styani | 12 Jul 1994          Death | [Death by: Unknown means]
9498,M,13 Jul 1994,8929,8915,styani,YON-YON,2007-04-19,TOKUYAMA    13 Jul 1994 ______   Birth      YON-YON   JAZGA 267C   styani | ISHIKAWA     8 Jul 1995 ______   Transfer | 19 Apr 2007          Death | [Death by: Unknown means]
9434,M,16 Jul 1994,8830,8914,fulgens,,,HIGASHIIZ   16 Jul 1994   268H   Birth                             fulgens
9435,M,16 Jul 1994,8830,8914,fulgens,,1994-12-30,HIGASHIIZ     16 Jul 1994   269H    Birth                              fulgens | 30 Dec 1994           Death | [Death by: Unknown means]
9482,M,16 Jul 1994,8502,8964,fulgens,,1994-07-16,TORONTO    16 Jul 1994 29934     Birth                                 fulgens | 16 Jul 1994           Death | [Death by: Other/Unknown        Unknown    Necropsy planned later  Unknown after necropsy]
9403,M,17 Jul 1994,8615,8603,fulgens,,1999-03-16,ROTTERDAM     17 Jul 1994 104965    Birth      THIMBU                  fulgens | DUISBURG      31 Jan 1996   3039    Transfer | 16 Mar 1999           Death | [Death by: Unknown means]
9404,M,17 Jul 1994,8615,8603,fulgens,,2007-10-25,ROTTERDAM     17 Jul 1994 104966    Birth      OMIN                    fulgens | DARJEELIN     23 Dec 1996 ______    Transfer | 25 Oct 2007           Death | [Death by: Unknown means]
9420,F,19 Jul 1994,8901,8946,fulgens,,2007-08-18,FONTAINE      19 Jul 1994 77AF11    Birth                              fulgens | LINZ ZOO      14 Mar 2000 ______    Transfer | 18 Aug 2007           Death | [Death by: Unknown means]
9421,F,19 Jul 1994,8901,8946,fulgens,,1995-08-09,FONTAINE19 Jul 1994 77AF12     Birth                                   fulgens | 9 Aug 1995            Death | [Death by: Malicious destruction   Unknown   No necropsy planned]
9483,?,21 Jul 1994,8712,8611,fulgens,,1994-07-26,COLO SPRG     21 Jul 1994 94M045    Birth                              fulgens | 26 Jul 1994           Death | [Death by: Other/Unknown         Mounted or Preserved:   No necropsy planned]
9484,M,21 Jul 1994,8712,8611,fulgens,,1994-07-31,COLO SPRG  21 Jul 1994 94M046     Birth                                fulgens | 31 Jul 1994            Death | [Death by: Other/Unknown        Unknown    Necropsy planned later   Unknown after necropsy]
9497,M,22 Jul 1994,8749,8751,styani,SHO-SHO,2000-11-29,HIROSHIMA     22 Jul 1994 ______    Birth      SHO-SHO     JAZGA 270   styani | KOCHI NOI      5 Dec 1995 ______    Transfer | 29 Nov 2000           Death | [Death by: Unknown means]
9436,M,1 Aug 1994,8602,8913,fulgens,,,HIGASHIIZ      1 Aug 1994 ______    Birth      MR MIYAGI               fulgens | MOGO           4 Nov 1998 980009     Transfer | HELLINSBU      6 Oct 2006 ______     Transfer
9499,M,4 Aug 1994,8749,8750,styani,JAZGA,1994-08-04,HIROSHIMA      4 Aug 1994 ______     Birth               JAZGA 272C   styani | 4 Aug 1994            Death | [Death by: Unknown means]
9433,F,6 Dec 1994,9124,9202,fulgens,,2005-09-23,JOHANSBRG      6 Dec 1994   1094     Birth      FIRE                  fulgens | ADELAIDE       9 Jan 1997 970017     Transfer | MOGO           4 Feb 2005 A50014     Transfer | 23 Sep 2005            Death | [Death by: Unknown means]
9432,F,20 Dec 1994,8522,8413,fulgens,,2007-09-20,ADELAIDE      20 Dec 1994 940580     Birth      RANI                  fulgens | PERTH         15 Sep 1995 950720     Transfer | 20 Sep 2007            Death | [Death by: Unknown means]
9586,F,11 Jan 1995,9201,9122,fulgens,,,PRETORIA      11 Jan 1995 904810     Birth      K-2                   fulgens | KRAAIFONT      1 Oct 1996 960400     Transfer
9587,F,11 Jan 1995,9201,9122,fulgens,,1999-01-31,PRETORIA11 Jan 1995 904811     Birth     BHUTAN                       fulgens | KRAAIFONT1 Oct 1996 960401     Transfer | 31 Jan 1999            Death | [Death by: Environ/Behav conditions   Unknown   Musculoskeletal   Trauma]
9574,M,12 May 1995,9082,9012,fulgens,,2000-12-14,BERLINZOO     12 May 1995 950087     Birth                            fulgens | DUISBURG       2 Jul 1996   3182     Transfer | 14 Dec 2000            Death | [Death by: Other/Unknown         Unknown   Cardiovascular   Mechanical abnormality]
9575,F,12 May 1995,9082,9012,fulgens,,2003-04-10,BERLINZOO  12 May 1995 950089      Birth     LADY                     fulgens | LISBON      4 Nov 1996   5511      Transfer | 10 Apr 2003             Death | [Death by: Infection associated         Given to an institution: FMV    Respiratory   Metazoan]
9576,F,12 May 1995,9082,9012,,,2001-10-19,BERLINZOO | 12 May 1995 950088     Birth                                  fulgens | LEIPZIG 25 Apr 1996 M01657     Transfer | 19 Oct 2001            Death | [Death by: Infection associated   Unknown   Unknown (after necropsy)]
9589,M,30 May 1995,9062,8931,styani,JAZGA,1995-05-30,TOBE          30 May 1995 ______     Birth               JAZGA 273C   styani | 30 May 1995            Death | [Death by: Unknown means]
9501,M,31 May 1995,91100,9196,styani,,,CALGARY     31 May 1995 104252     Birth       KACHIN      styani
9502,M,31 May 1995,91100,9196,styani,,,CALGARY     31 May 1995 104253     Birth       YUNNAN      styani | CINCINNAT    7 Oct 1998 195086     Transfer | MILLER R    28 Oct 1998 ______ ltf Transfer
9503,M,31 May 1995,91100,9196,styani,,,CALGARY     31 May 1995 104254     Birth       KHAM        styani | CINCINNAT    7 Oct 1998 195087     Transfer | SHADOW      23 Mar 1999 ______ ltf Transfer
9560,M,1 Jun 1995,9015,9249,fulgens,FWP,1995-07-24,FOTA       1 Jun 1995   1044      Birth        FWP 7       fulgens | 24 Jul 1995             Death | [Death by: Infection associated   Incinerate    Respiratory      Bacterial]
9571,F,5 Jun 1995,9240,9126,fulgens,,2004-05-05,LISBON     5 Jun 1995   4651     Birth     QUIVA           fulgens | ZURICH     6 Sep 2000 A00034     Transfer | 5 May 2004            Death | [Death by: Infection associated   Unknown   Generalized   Bacterial]
95129,M,6 Jun 1995,9302,9330,fulgens,,1995-06-10,DARJEELIN    6 Jun 1995 ______     Birth                   fulgens | 10 Jun 1995            Death | [Death by: Unknown means]
95130,F,6 Jun 1995,9302,9330,fulgens,,1996-10-05,DARJEELIN    6 Jun 1995 ______     Birth                   fulgens | 5 Oct 1996            Death | [Death by: Unknown means]
9572,F,7 Jun 1995,9083,8958,fulgens,,1995-06-07,LA FRONTI  7 Jun 1995    PR9      Birth                    fulgens | 7 Jun 1995             Death | [Death by: Injury from predator   Bury   Generalized    Trauma]
9573,F,7 Jun 1995,9083,8958,fulgens,,1995-06-11,LA FRONTI  7 Jun 1995   PR10      Birth                    fulgens | 11 Jun 1995             Death | [Death by: Infection associated   Bury   Respiratory    Bacterial]
9504,M,11 Jun 1995,9145,9148,fulgens,,2003-01-11,NZP-CRC     11 Jun 1995 111967     Birth       Quentin     fulgens | 23 Feb 1996 111967     Transfer | NZP-WASH     3 Sep 1998 111967     Transfer | 11 Jan 2003            Death | [Death by: Other/Unknown         Unknown   Generalized   Unknown after necropsy]
9505,F,11 Jun 1995,9145,9148,fulgens,,,NZP-CRC       11 Jun 1995 111968     Birth       DANA                      fulgens | 23 Feb 1996 111968     Transfer | JACKSON       17 Apr 1996 961008     Transfer | 13 Oct 2002 961008     Transfer
9542,M,15 Jun 1995,9244,9238,fulgens,,2005-01-02,VIENNA        15 Jun 1995   M1035    Birth       WHA                       fulgens | SALZBURG      28 Aug 1996    M464    Transfer | 2 Jan 2005            Death | [Death by: Unknown means]
9566,F,15 Jun 1995,9303,9320,fulgens,,2004-12-04,KRISTIANS  15 Jun 1995 AIL003     Birth                                    fulgens | BELFAST    24 Apr 1997   2656     Transfer | 4 Dec 2004            Death | [Death by: Euthanasia (medical)         Given to an institution: NATIONAL MUSUEM OF SCOTLAND           Respiratory    Bacterial]
9590,M,15 Jun 1995,8929,9397,styani,RON-RON,2007-12-17,MIYAZAK       15 Jun 1995 ______     Birth       RON-RON      JAZGA 274C   styani | 17 Dec 2007            Death | [Death by: Unknown means]
9510,?,16 Jun 1995,9351,9353,fulgens,,1995-08-02,BALTIMORE     16 Jun 1995 95057       Birth                                fulgens | 2 Aug 1995             Death | [Death by: Other/Unknown         Incinerate    Necropsy planned later]
9511,M,16 Jun 1995,9351,9353,,,1995-08-12,BALTIMORE | 16 Jun 1995 95058      Birth                                       fulgens | 12 Aug 1995            Death | [Death by: Infection associated   Incinerate   Generalized           Bacterial]
9591,?,16 Jun 1995,8924,8833,styani,JAZGA,1996-06-18,SABAE         16 Jun 1995 ______     Birth                    JAZGA 275C   styani | 18 Jun 1996            Death | [Death by: Unknown means]
9592,?,16 Jun 1995,8924,8833,styani,JAZGA,1995-06-18,SABAE         16 Jun 1995 ______     Birth                    JAZGA 276C   styani | 18 Jun 1995            Death | [Death by: Unknown means]
9558,M,17 Jun 1995,9127,9113,fulgens,,,COPENHAGE     17 Jun 1995 RED003     Birth       Nissan                    fulgens | BURFORD        4 Oct 1996    MM9     Transfer
9559,F,17 Jun 1995,9127,9113,fulgens,,2007-12-04,COPENHAGE     17 Jun 1995 RED004     Birth       LANG TANG                 fulgens | BRISTOL       19 Mar 1997   2614     Transfer | 4 Dec 2007                  Death | [Death by: Euthanasia (medical)   Unknown         Unknown (after necropsy)]
9593,M,17 Jun 1995,9052,8535,styani,RON-RON,2004-11-19,NAGANO  17 Jun 1995 ______     Birth     RON-RON   JAZGA 277C       styani | TOMIOKA 28 Jan 1998 ______     Transfer | 19 Nov 2004            Death | [Death by: Infection associated   Unknown   Digestive   Unknown after necropsy] | T327     F    17 Jun 1995        UNK       UNK   CWCA             ????     ______     Transfer    AN AN              styani | N S TRADE     23 Apr 1998 980028     Transfer | HIMEHI SH     29 Apr 1998 ______     Transfer | TAIPEI        30 Jun 1998   3380     Transfer
9554,F,18 Jun 1995,9317,9307,fulgens,,,AGRATE        18 Jun 1995    943     Birth       KIKI               fulgens | LONDON RP      3 Dec 1996 A3456      Transfer | WHIPSNADE     21 Jun 2005   1387     Transfer | SPARSHOLT     24 Oct 2006 ______     Transfer
9555,?,18 Jun 1995,9317,9307,fulgens,,1995-06-19,AGRATE        18 Jun 1995    944     Birth                          fulgens | 19 Jun 1995            Death | [Death by: Stillbirth         Incinerate   No necropsy planned] | T328     F    18 Jun 1995        UNK       UNK   SCOTTSBLU | 18 Jun 1995     941      Birth                              fulgens | 21 Jun 1995              Death | [Death by: Infection associated   Incinerate     Respiratory         Bacterial]
9506,F,19 Jun 1995,8012,8951,fulgens,,1995-08-15,NZP-WASH      19 Jun 1995 111980     Birth                          fulgens | 15 Aug 1995            Death | [Death by: Other/Unknown         Given to an institution:    Unknown (after necropsy)]
9507,F,19 Jun 1995,8012,8951,fulgens,,2001-02-19,NZP-WASH   19 Jun 1995 111981     Birth     QWAI LI                 fulgens | NZP-DZR    12 Sep 1995 111981     Transfer | KANSASCTY  23 Jan 1997 97M004     Transfer | KNOXVILLE  23 Jan 1997   1681     Transfer | ERIE       10 Jan 2001   1155     Transfer | 19 Feb 2001            Death | [Death by: Other/Unknown        Unknown    Necropsy planned later   Unknown after necropsy]
9539,?,19 Jun 1995,9151,8512,fulgens,,1995-06-21,SCOTTSBLU  19 Jun 1995       932     Birth                          fulgens | 21 Jun 1995               Death | [Death by: Other/Unknown        Unknown    Necropsy planned later      Unknown after necropsy]
9580,F,19 Jun 1995,8737,8863,fulgens,,2008-08-05,MADRID Z      19 Jun 1995    PR59    Birth      MAPI                   fulgens | LA PALMYR     30 Oct 1996    2054    Transfer | DUISBURG      13 Dec 2001    4347    Transfer | 5 Aug 2008            Death | [Death by: Unknown means]
9581,M,19 Jun 1995,8730,8503,fulgens,,2006-07-06,MADRID Z      19 Jun 1995    PR60    Birth      MACUTO                 fulgens | FRANKFURT     24 Apr 1996   37542    Transfer | BEAUVAL       30 Sep 1999   99128    Transfer | HANNOVER       1 Nov 2002    V680    Transfer | SZEGED        17 Feb 2004    2000    Transfer | 6 Jul 2006            Death | [Death by: Unknown means]
9582,M,19 Jun 1995,8730,8503,fulgens,,2006-02-26,MADRID Z      19 Jun 1995   PR61     Birth      MARCO                  fulgens | LA FRONTI     21 Feb 1998   PR16     Transfer | MADRID Z      21 May 1998   PR61     Transfer | OMEGA PAR     15 Oct 2003 ______     Transfer | 26 Feb 2006            Death | [Death by: Unknown means]
9594,F,21 Jun 1995,9281,9282,styani,YOU-YOU,2008-01-08,KAWASAKI   21 Jun 1995 ______     Birth         YOU-YOU   JAZGA 278C   styani | 8 Jan 2008            Death | [Death by: Old age      Unknown   Unknown (after necropsy)]
95126,M,21 Jun 1995,8649,8221,fulgens,,2007-02-22,DARJEELIN     21 Jun 1995 ______     Birth      JUGUL                  fulgens | GANGTOK       14 Mar 1997   RPM1     Transfer | 22 Feb 2007            Death | [Death by: Unknown means]
95127,F,21 Jun 1995,8649,8221,fulgens,,2004-02-01,DARJEELIN     21 Jun 1995 ______     Birth      KALITA                 fulgens | 1 Feb 2004            Death | [Death by: Unknown means]
9522,M,22 Jun 1995,9089,8812,fulgens,,1995-06-24,LINCOLN C     22 Jun 1995   1078     Birth                             fulgens | 24 Jun 1995            Death | [Death by: Other/Unknown         Unknown   Necropsy planned later]
9523,F,22 Jun 1995,9089,8812,fulgens,,1995-06-25,LINCOLN C     22 Jun 1995   1077     Birth                             fulgens | 25 Jun 1995            Death | [Death by: Other/Unknown         Unknown   Necropsy planned later]
9532,?,22 Jun 1995,8406,9013,fulgens,,1995-07-13,NY BRONX      22 Jun 1995 951132      Birth                              fulgens | 13 Jul 1995             Death | [Death by: Other/Unknown       Incinerate    Respiratory   Viral]
9533,?,22 Jun 1995,8406,9013,fulgens,,1995-07-13,NY BRONX      22 Jun 1995 951133      Birth                              fulgens | 13 Jul 1995             Death | [Death by: Other/Unknown       Incinerate    Respiratory   Viral]
9556,F,22 Jun 1995,9037,8947,fulgens,,,HELSINKI      22 Jun 1995 950062     Birth        MICRA     FF/HE/95/56 fulgens | BURFORD       13 Sep 1996    MM4     Transfer
9567,F,22 Jun 1995,8731,8864,fulgens,,1999-09-23,BARCELONA     22 Jun 1995   4630     Birth        PACHA                  fulgens | USTI           7 Nov 1996 UL9648     Transfer | 23 Sep 1999            Death | [Death by: Unknown means]
9568,F,22 Jun 1995,8731,8864,fulgens,,2002-07-28,BARCELONA 22 Jun 1995   4631     Birth     TRUSCA                        fulgens | USTI       7 Nov 1996 UL9649     Transfer | 28 Jul 2002            Death | [Death by: Infection associated   Unknown   Unknown (after necropsy)]
95128,F,23 Jun 1995,8649,8648,fulgens,,1995-11-13,DARJEELIN     23 Jun 1995 ______     Birth                               fulgens | 13 Nov 1995            Death | [Death by: Unknown means]
9545,?,24 Jun 1995,9005,8939,fulgens,,1995-06-24,HUNBSTRND 24 Jun 1995 950011         Birth                               fulgens | 24 Jun 1995                Death | [Death by: Environ/Behav conditions   Incinerate       Unknown (after necropsy)]
9550,M,24 Jun 1995,9102,9132,fulgens,,1997-02-14,KREFELD    24 Jun 1995    857      Birth          THAMI                  fulgens | 14 Feb 1997             Death | [Death by: Self-inflicted injuries       Given to an institution:     Generalized        Trauma]
9569,M,24 Jun 1995,8865,8824,fulgens,,,KOLN          24 Jun 1995   1982     Birth        Raki                   fulgens | LEIPZIG       11 May 1996 M01677     Transfer
9570,M,24 Jun 1995,8865,8824,fulgens,,2002-09-12,KOLN          24 Jun 1995   1986     Birth        Gandaki                fulgens | SZEGED         6 Dec 1996 ______     Transfer | 12 Sep 2002            Death | [Death by: Unknown means]
9595,?,24 Jun 1995,8924,8838,styani,JAZGA,1995-06-24,SABAE         24 Jun 1995 ______     Birth                  JAZGA 279C   styani | 24 Jun 1995           Death | [Death by: Unknown means]
9596,M,24 Jun 1995,8924,8838,styani,TOMY,,SABAE       24 Jun 1995 ______    Birth      TOMY         JAZGA 280C   styani | TOYAMA Z    24 Aug 1998   4037    Transfer
9520,M,25 Jun 1995,8950,9212,fulgens,,,INDIANAPL   25 Jun 1995 950078    Birth      Sundance                  fulgens | CAPE MAY    14 May 1997    667    Transfer | SCOTTSBLU   17 Mar 2002   1272    Transfer
9521,M,25 Jun 1995,8950,9212,fulgens,,,INDIANAPL   25 Jun 1995 950079    Birth      BUTCH                     fulgens | CAPE MAY    14 May 1997    668    Transfer | NY BRONX    22 Mar 2002 M02035    Transfer | NZP-CRC     29 Nov 2007 112244    Transfer | CHATTANOG    7 Nov 2008    888    Transfer
9540,F,25 Jun 1995,9008,9047,fulgens,,,AUGSBURG    25 Jun 1995   9577    Birth      CHITWA                    fulgens | SALZBURG    21 Aug 1996   M463    Transfer | LA PALMYR    9 Jan 2002   3204    Transfer
9541,F,25 Jun 1995,9008,9047,fulgens,,2006-05-19,AUGSBURG  25 Jun 1995 95771      Birth                                 fulgens | DUISBURG  15 Jun 1996   3165     Transfer | SALZBURG   9 Jan 2002    991     Transfer | 19 May 2006            Death | [Death by: Other/Unknown        Given to an institution: UNIVERSITY VIENNA   Urinary     Unknown after necropsy]
9508,F,26 Jun 1995,9076,8810,,,1999-05-12,KNOXVILLE | 26 Jun 1995   1672      Birth     TI WU SHIH                   fulgens | JACKSON  3 May 1996 961011      Transfer | 12 May 1999             Death | [Death by: Infection associated   Incinerate    Generalized   Protothecal]
9509,F,26 Jun 1995,9076,8810,fulgens,,,KNOXVILLE   26 Jun 1995   1673    Birth      T'an Pai T                fulgens | KANSASCTY   23 Jan 1997 97M005    Transfer | MINNESOTA   27 Dec 2005 11535     Transfer
9515,F,27 Jun 1995,9146,9087,fulgens,,1995-11-16,PHILADELP  27 Jun 1995 103137     Birth                                fulgens | 16 Nov 1995            Death | [Death by: Environ/Behav conditions         Rendered   Generalized   Unknown after necropsy]
9516,F,27 Jun 1995,9146,9087,fulgens,,2007-08-26,PHILADELP   27 Jun 1995 103138    Birth      Ling-Yu (E                fulgens | ERIE        30 May 1997    778    Transfer | HOGLE        7 Oct 2002 U02135    Transfer | 26 Aug 2007             Death | [Death by: Unknown means]
9517,M,27 Jun 1995,9146,9087,fulgens,,1995-06-27,PHILADELP    27 Jun 1995 103136       Birth                       fulgens | 27 Jun 1995              Death | [Death by: Stillbirth      Rendered   Generalized     Unknown after necropsy]
9524,F,28 Jun 1995,8965,9032,fulgens,,,MANHATTAN     28 Jun 1995 950043      Birth      Moonbeam (       fulgens | GARDENCTY     19 Jul 1997 971020      Transfer | LANSING       26 Apr 2001   2477      Transfer | NZP-WASH      14 May 2004 113903      Transfer | MANHATTAN     12 May 2005 950043      Transfer
9525,M,28 Jun 1995,8965,9032,fulgens,,,MANHATTAN     28 Jun 1995 950044      Birth      Sparky           fulgens | GARDENCTY     19 Jul 1997 971019      Transfer | FT WAYNE       1 Mar 2007 97838       Transfer
9577,M,28 Jun 1995,9001,9017,fulgens,,,ANTWERP       28 Jun 1995 M9719A      Birth      AR-46    Wer     fulgens | PLANCKNDL     22 Mar 1996 005010      Transfer | AMSTERDAM      5 Oct 1999 M99103      Transfer
9578,M,28 Jun 1995,9001,9017,fulgens,,2003-02-26,ANTWERP       28 Jun 1995 M9719B      Birth      WILLY            fulgens | PLANCKNDL     22 Mar 1996 005011      Transfer | DUISBURG       1 Dec 1999   4000      Transfer | 26 Feb 2003             Death | [Death by: Unknown means]
9579,M,28 Jun 1995,9001,9017,fulgens,,1995-06-30,ANTWERP       28 Jun 1995 M9719C      Birth                       fulgens | 30 Jun 1995             Death | [Death by: Unknown means]
9512,F,29 Jun 1995,9350,9352,fulgens,,1995-07-01,SIOUX FAL  29 Jun 1995   1746     Birth                           fulgens | 1 Jul 1995            Death | [Death by: Environ/Behav conditions       Given to an institution:    Generalized        Nutrition]
9513,F,29 Jun 1995,9350,9352,fulgens,,1995-07-03,SIOUX FAL  29 Jun 1995   1747     Birth                           fulgens | 3 Jul 1995            Death | [Death by: Environ/Behav conditions       Given to an institution:    Generalized        Nutrition]
9538,F,29 Jun 1995,9354,9363,fulgens,,1995-07-01,NASHV ZOO     29 Jun 1995 940407      Birth                       fulgens | 1 Jul 1995             Death | [Death by: Other/Unknown       Incinerate    Generalized   Unknown after necropsy]
9597,M,29 Jun 1995,9182,8758,styani,JAZGA,1995-06-29,SENDAISHI   29 Jun 1995 ______    Birth                JAZGA 281C   styani | 29 Jun 1995           Death | [Death by: Unknown means]
9518,M,30 Jun 1995,9381,9380,,,1998-11-19,CINCINNAT | 30 Jun 1995 195111      Birth     WAH HU                    styani | SD-WAP  25 Apr 1996 696188      Transfer | LOWRY    9 Apr 1998 100931      Transfer | FARGO   12 Nov 1998 198054      Transfer | 19 Nov 1998             Death | [Death by: Infection associated   Incinerate    Generalized   Bacterial]
9519,F,30 Jun 1995,9381,9380,styani,,2003-04-11,CINCINNAT   30 Jun 1995 195112    Birth      Scruffy                styani | COLUMBUS    26 Nov 1996 952048    Transfer | LOWRY       24 Nov 1998 101020    Transfer | COLUMBUS    10 Apr 2000 952048    Transfer | DENVER      21 Apr 2000 A00103    Transfer | MEMPHIS     25 Apr 2002 20545     Transfer | 11 Apr 2003           Death | [Death by: Unknown means]
9529,M,30 Jun 1995,8633,8803,fulgens,,1998-11-21,NZP-CRC    30 Jun 1995 112036     Birth     CHANCE                  fulgens | 23 Feb 1996 112036     Transfer | KNOXVILLE   6 May 1996   1724     Transfer | NASHV ZOO 21 Nov 1997 940801      Transfer | 21 Nov 1998            Death | [Death by: Other/Unknown        Unknown    Necropsy planned later   Unknown after necropsy]
9530,M,30 Jun 1995,8633,8803,fulgens,,2007-11-27,NZP-CRC     30 Jun 1995 112037    Birth      HARPER                 fulgens | 23 Feb 1996 112037    Transfer | ANTWERP      2 Oct 1996 M9840     Transfer | 27 Nov 2007           Death | [Death by: Unknown means]
9561,M,30 Jun 1995,9125,8953,fulgens,,1996-03-19,YARMOUTH    30 Jun 1995 ______    Birth                             fulgens | 19 Mar 1996           Death | [Death by: Unknown means]
9562,F,30 Jun 1995,8506,8614,fulgens,,1995-07-04,DUISBURG    30 Jun 1995   2927    Birth                             fulgens | 4 Jul 1995           Death | [Death by: Unknown means]
9598,M,30 Jun 1995,92137,92136,styani,RON-RON,,NISHISONO     30 Jun 1995 ______     Birth      RON-RON    JAZGA 282C   styani | HIROSHIMA     13 Feb 1998 ______     Transfer
9599,F,30 Jun 1995,92137,92136,styani,MIN-MIN,2003-03-07,NISHISONO     30 Jun 1995 ______     Birth     MIN-MIN   JAZGA 283C     styani | 7 Mar 2003            Death | [Death by: Other/Unknown       Unknown   Cardiovascular   Mechanical abnormality]
9526,F,1 Jul 1995,8502,8307,fulgens,,2006-11-13,LANSING        1 Jul 1995   1995     Birth      JULY                    fulgens | DETROIT       18 Sep 1996   5356     Transfer | 1 May 1999   5356     Transfer | 13 Nov 2006            Death | [Death by: Unknown means]
9514,M,2 Jul 1995,9086,8809,fulgens,,1995-07-07,MILL MOUN      2 Jul 1995   0363     Birth                              fulgens | 7 Jul 1995            Death | [Death by: Other/Unknown       Unknown   Generalized   Unknown after necropsy]
9546,M,2 Jul 1995,8613,8721,fulgens,,1996-03-11,ZURICH     2 Jul 1995 950003     Birth                                  fulgens | 11 Mar 1996            Death | [Death by: Euthanasia (medical)   Unknown   Musculoskeletal        Trauma]
9547,M,2 Jul 1995,8613,8721,fulgens,,,ZURICH         2 Jul 1995 950004     Birth      Bamboo                  fulgens | DUBLIN        19 Nov 1997 97M068     Transfer | FOTA          15 May 2004   3648     Transfer
9548,M,2 Jul 1995,9227,9045,fulgens,,,RHENEN         2 Jul 1995   M844     Birth      FOURREUX                fulgens | FONTAINE      21 Mar 1997 77AF17     Transfer | LES SABLE     24 Feb 1999 77AF17     Transfer
9549,F,2 Jul 1995,9227,9045,fulgens,,,RHENEN         2 Jul 1995   M848     Birth                              fulgens | LONDON RP     15 Aug 1997 ______     Transfer | WHIPSNADE     20 Feb 1998 L3031      Transfer
95100,F,2 Jul 1995,9059,8923,styani,CHA-CHA,,ICHIKAWA       2 Jul 1995 ______     Birth      CHA-CHA    JAZGA 284C   styani | YUKI           7 Dec 1998 ______     Transfer
95101,?,2 Jul 1995,9059,8923,styani,JAZGA,1995-07-02,ICHIKAWA       2 Jul 1995 ______     Birth                 JAZGA 285C   styani | 2 Jul 1995            Death | [Death by: Unknown means]
95102,M,2 Jul 1995,8935,8936,styani,KORO-KORO JAZGA,,ITOZU          2 Jul 1995 ______     Birth      KORO-KORO JAZGA 286C    styani | FUKUOKA        4 Nov 1999 ______     Transfer
95103,F,2 Jul 1995,8935,8936,styani,JAZGA,1995-07-03,ITOZU          2 Jul 1995 ______    Birth                JAZGA 287C   styani | 3 Jul 1995           Death | [Death by: Unknown means]
95104,M,4 Jul 1995,9259,9192,styani,SHIC081-01JAZGA,,KUSHIRO Z      4 Jul 1995 ______    Birth      SHIC081-01JAZGA 288C   styani | TOKYOUENO     16 Jan 2001 924900    Transfer | MEXICOCTY     27 Jan 2003 ______    Transfer
95105,F,4 Jul 1995,9259,9192,styani,JAZGA,2008-02-22,KUSHIRO Z      4 Jul 1995 ______    Birth                JAZGA 289C   styani | SABAE         15 Nov 1996 ______    Transfer | HIMEJI         3 Dec 2007 ______    Transfer | 22 Feb 2008           Death | [Death by: Unknown means]
95106,M,6 Jul 1995,8929,9280,styani,JAZGA,,TOKUYAMA       6 Jul 1995 ______    Birth                JAZGA 290C   styani | TOKUSHIMZ     25 Mar 1998 ______    Transfer
95107,M,6 Jul 1995,8929,9280,styani,JAZGA,2005-12-25,TOKUYAMA       6 Jul 1995 ______    Birth                JAZGA 291C   styani | AKITA          8 Apr 1997 ______    Transfer | 25 Dec 2005           Death | [Death by: Unknown means]
95108,M,7 Jul 1995,9272,9050,styani,JAZGA,1995-07-09,ITOZU          7 Jul 1995 ______    Birth                JAZGA 292C   styani | 9 Jul 1995           Death | [Death by: Unknown means]
95109,M,7 Jul 1995,9272,9050,styani,JAZGA,1995-07-10,ITOZU          7 Jul 1995 ______    Birth                JAZGA 293C   styani | 10 Jul 1995           Death | [Death by: Unknown means]
95110,F,7 Jul 1995,9049,93107,styani,JAZGA,1995-07-07,TOKYOTAMA      7 Jul 1995   1463    Birth                JAZGA 294C   styani | 7 Jul 1995           Death | [Death by: Other/Unknown       Mounted or Preserved:   Respiratory    Bacterial]
95111,F,7 Jul 1995,9054,8844,styani,JAZGA,1995-08-02,HIMEHI SH      7 Jul 1995 ______    Birth                JAZGA 295C   styani | 2 Aug 1995           Death | [Death by: Unknown means]
95112,F,7 Jul 1995,9054,8844,styani,JAZGA,1995-08-14,HIMEHI SH      7 Jul 1995 ______    Birth                JAZGA 296C   styani | 14 Aug 1995           Death | [Death by: Unknown means]
9551,M,8 Jul 1995,8605,8823,fulgens,,1995-07-16,LEIPZIG        8 Jul 1995 M01558     Birth                                 fulgens | 16 Jul 1995            Death | [Death by: Other/Unknown         Unknown   Generalized   Unknown after necropsy]
9552,M,8 Jul 1995,8605,8823,fulgens,,1995-09-08,LEIPZIG        8 Jul 1995 M01559     Birth                                 fulgens | 8 Sep 1995            Death | [Death by: Other/Unknown         Unknown   Generalized   Unknown after necropsy]
9557,F,8 Jul 1995,8410,8606,fulgens,,2006-10-02,HELSINKI       8 Jul 1995 950077     Birth       MIRA         FF/HE/95/57 fulgens | 2 Oct 2006            Death | [Death by: Unknown means]
95113,M,9 Jul 1995,9185,9256,styani,YOU-YOU,,HIRAKATA       9 Jul 1995 ______     Birth       YOU-YOU      JAZGA 297C   styani | MISAKI         5 Mar 2003 ______     Transfer
95114,F,9 Jul 1995,9185,9256,styani,MAI,,HIRAKATA       9 Jul 1995 ______     Birth       MAI          JAZGA 298C   styani | HIROSHIMA     17 Dec 1998 ______     Transfer
9531,F,10 Jul 1995,9152,8625,fulgens,,1995-12-08,DALLAS     10 Jul 1995 959658     Birth     WAH                            fulgens | 8 Dec 1995            Death | [Death by: Other/Unknown        Unknown    Necropsy planned later   Unknown after necropsy]
9534,M,11 Jul 1995,8712,8611,fulgens,,1995-07-18,COLO SPRG     11 Jul 1995 95M047     Birth                                 fulgens | 18 Jul 1995            Death | [Death by: Unknown means]
9535,?,11 Jul 1995,8712,8611,fulgens,,1995-07-16,COLO SPRG     11 Jul 1995 95M050     Birth                                 fulgens | 16 Jul 1995            Death | [Death by: Other/Unknown         Mounted or Preserved:    Unknown (after necropsy)]
9536,M,11 Jul 1995,8712,8611,fulgens,,,COLO SPRG     11 Jul 1995 95M049     Birth       Duande Xio                fulgens | SANDIEGOZ      5 May 1999 599129     Transfer | SACRAMNTO      6 Dec 2001 101047     Transfer
9537,?,11 Jul 1995,8712,8611,,,1995-07-18,COLO SPRG | 11 Jul 1995 95M048      Birth                                      fulgens | 18 Jul 1995             Death | [Death by: Infection associated   Incinerate    Respiratory          Bacterial]
9543,M,11 Jul 1995,9112,9105,fulgens,,1999-09-12,"KLEVE         11 Jul 1995 ______     Birth       IMBIR ""DZI                fulgens | WARSAW        30 Jan 1996 S3520      Transfer | SZEGED         4 Dec 1996 ______     Transfer | 12 Sep 1999            Death | [Death by: Unknown means]"
9544,F,11 Jul 1995,9112,9105,fulgens,,1996-01-03,KLEVE         11 Jul 1995 ______     Birth                             fulgens | 3 Jan 1996            Death | [Death by: Unknown means]
9553,M,11 Jul 1995,8615,8603,fulgens,,2006-03-03,ROTTERDAM     11 Jul 1995 105226     Birth     KIMI                    fulgens | LONDON RP     26 Nov 1996 A3454      Transfer | WHIPSNADE     23 Jul 2004   1027     Transfer | 3 Mar 2006            Death | [Death by: Euthanasia (medical)         Unknown      Necropsy planned later   Unknown after necropsy]
95115,M,11 Jul 1995,9258,9174,styani,JIN-JIN,1999-09-19,OKAYAMA       11 Jul 1995 ______     Birth      JIN-JIN   JAZGA 299C   styani | 19 Sep 1999            Death | [Death by: Unknown means]
95116,F,11 Jul 1995,9258,9174,styani,JAZGA,1995-08-13,OKAYAMA       11 Jul 1995 ______     Birth                JAZGA 300C   styani | 13 Aug 1995            Death | [Death by: Unknown means]
9564,M,13 Jul 1995,8901,8946,fulgens,,2006-05-16,FONTAINE   13 Jul 1995 77AF13        Birth      MOKO                   fulgens | LA PALMYR   1 Apr 1996   1926        Transfer | 16 May 2006               Death | [Death by: Old age      Incinerate   Cardiovascular      Metabolism]
9565,M,13 Jul 1995,8901,8946,fulgens,,2000-07-21,FONTAINE      13 Jul 1995 77AF14      Birth                            fulgens | BELFAST        3 Dec 1996    2463     Transfer | 21 Jul 2000             Death | [Death by: Other/Unknown         Incinerate    Unknown (after necropsy)]
9527,M,14 Jul 1995,8814,8964,fulgens,,,TORONTO       14 Jul 1995 30903      Birth      PHANTA                 fulgens | NZP-CRC       21 Jan 2006 114081     Transfer
9528,F,14 Jul 1995,8814,8964,fulgens,,2007-12-08,TORONTO       14 Jul 1995 30904      Birth      TINGRI                 fulgens | GRANBY        27 Oct 2002 M95110     Transfer | 8 Dec 2007            Death | [Death by: Unknown means]
95117,M,14 Jul 1995,8749,8751,styani,KAZU,2002-08-06,HIROSHIMA     14 Jul 1995 ______     Birth      KAZU      JAZGA 301C   styani | TOMIOKA        8 Feb 1997 ______     Transfer | HIROSHIMA     25 Jan 2001 ______     Transfer | 6 Aug 2002           Death | [Death by: Unknown means]
95118,F,15 Jul 1995,8749,8751,styani,SACHI,,HIROSHIMA   15 Jul 1995 ______    Birth      SACHI   JAZGA 302C   styani | FUKUOKA     17 Apr 1997 ______    Transfer
95119,F,17 Jul 1995,8643,9170,styani,JAZGA,1997-12-27,OKAYAMA     17 Jul 1995 ______    Birth              JAZGA 303C   styani | 27 Dec 1997           Death | [Death by: Unknown means]
95120,F,17 Jul 1995,8643,9170,styani,JAZGA,1995-12-07,OKAYAMA     17 Jul 1995 ______    Birth              JAZGA 304C   styani | 7 Dec 1995           Death | [Death by: Unknown means]
95121,M,17 Jul 1995,8643,9170,styani,JAZGA,1995-07-17,OKAYAMA     17 Jul 1995 ______    Birth              JAZGA 305C   styani | 17 Jul 1995           Death | [Death by: Unknown means]
95122,M,18 Jul 1995,8749,8750,styani,HEI,2008-09-07,HIROSHIMA  18 Jul 1995 ______     Birth      HEI     JAZGA 306C   styani | TOKUYAMA   17 Apr 1997 ______     Transfer | 7 Sep 2008            Death | [Death by: Old age      Unknown   Unknown (after necropsy)]
95123,F,19 Jul 1995,8935,9261,styani,JAZGA,2007-06-18,MIYAZAK     19 Jul 1995 ______    Birth              JAZGA 307C   styani | ISHIKAWA    21 Mar 1996 ______    Transfer | 18 Jun 2007           Death | [Death by: Unknown means]
95124,?,22 Jul 1995,9059,8922,styani,JAZGA,1995-07-22,ICHIKAWA    22 Jul 1995 ______    Birth              JAZGA 308C   styani | 22 Jul 1995           Death | [Death by: Unknown means]
95125,?,22 Jul 1995,9059,8922,styani,JAZGA,2005-07-22,ICHIKAWA    22 Jul 1995 ______    Birth              JAZGA 309C   styani | 22 Jul 2005           Death | [Death by: Unknown means]
9588,F,25 Nov 1995,9119,9248,fulgens,,2005-12-15,SYDNEY  25 Nov 1995 950433      Birth     LANGTANG                fulgens | JOHANSBRG6 Jul 1999   4069      Transfer | 15 Dec 2005             Death | [Death by: Euthanasia (medical)   Incinerate    Hemic/Lymph   Trauma]
9583,F,22 Dec 1995,9328,9120,fulgens,,,AUCKLAND    22 Dec 1995 950144    Birth      Reka                 fulgens | WELLINGTN     16 Oct 1996 M96050     Transfer
9584,M,25 Dec 1995,9124,9202,fulgens,,,JOHANSBRG     25 Dec 1995   2068     Birth      Jay           fulgens | MOGO          18 Dec 1996 960007     Transfer | WELLINGTN     27 Jan 1999 M99007     Transfer
9585,F,25 Dec 1995,9124,9202,fulgens,,1998-03-15,JOHANSBRG     25 Dec 1995   2069     Birth                    fulgens | MOGO          18 Dec 1996 ______     Transfer | 15 Mar 1998            Death | [Death by: Unknown means]
9625,F,28 May 1996,9076,9243,fulgens,,,NASHV ZOO     28 May 1996 940533     Birth      OIDO          fulgens | KNOXVILLE     15 Dec 1999   1899     Transfer
9626,?,28 May 1996,9076,9243,fulgens,,1996-05-28,NASHV ZOO 28 May 1996 940534     Birth                        fulgens | 28 May 1996            Death | [Death by: Malicious destruction   Unknown   No necropsy planned]
9661,M,30 May 1996,9082,9012,fulgens,,2004-04-27,BERLINZOO     30 May 1996 960072     Birth                    fulgens | OPOLE         10 Dec 1997 SD973      Transfer | 27 Apr 2004            Death | [Death by: Unknown means]
9662,M,30 May 1996,9082,9012,fulgens,,2007-05-31,BERLINZOO     30 May 1996 960073     Birth                    fulgens | OPOLE         10 Dec 1997 SD974      Transfer | GORLITZ        9 Nov 2000 ______     Transfer | 31 May 2007            Death | [Death by: Unknown means]
9674,M,3 Jun 1996,9410,9429,fulgens,,1996-11-18,KLEVE          3 Jun 1996 ______     Birth                    fulgens | 18 Nov 1996            Death | [Death by: Unknown means]
9675,M,5 Jun 1996,9252,9116,fulgens,,1996-07-01,MADRID Z       5 Jun 1996   PR62     Birth                    fulgens | 1 Jul 1996            Death | [Death by: Other/Unknown       Unknown   Generalized   Unknown after necropsy]
9676,M,5 Jun 1996,9252,9116,fulgens,,,MADRID Z       5 Jun 1996   PR63     Birth      MARIANO       fulgens | LINZ ZOO      16 Jan 2003 ______     Transfer
9638,M,7 Jun 1996,9240,9126,fulgens,,1996-06-22,LISBON         7 Jun 1996   5229     Birth                    fulgens | 22 Jun 1996            Death | [Death by: Infection associated         Given to an institution:       Digestive   Unknown after necropsy]
9650,M,8 Jun 1996,9305,94101,fulgens,,,DARJEELIN      8 Jun 1996 ______     Birth      LALIT                  fulgens
9651,F,8 Jun 1996,9305,94101,fulgens,,1997-08-28,DARJEELIN      8 Jun 1996 ______     Birth      MOHINI                 fulgens | 28 Aug 1997            Death | [Death by: Unknown means]
9666,M,9 Jun 1996,8311,9247,fulgens,,2006-02-22,AMSTERDAM   9 Jun 1996 M96070     Birth     JIAO JIAO             fulgens | BRISTOL    25 Sep 1997   2631     Transfer | 22 Feb 2006            Death | [Death by: Euthanasia (medical)         Given to an institution: CARCASS SENT TO EDIN MUS   Unknown (after necropsy)]
9667,F,9 Jun 1996,8311,9247,fulgens,,1996-12-22,AMSTERDAM      9 Jun 1996 M96071     Birth      AR-41                  fulgens | 22 Dec 1996            Death | [Death by: Unknown means]
9636,F,10 Jun 1996,9244,9238,fulgens,,,VIENNA        10 Jun 1996 M1235      Birth      Russet                 fulgens | DUBLIN         7 Nov 1997 97M067     Transfer
9687,F,10 Jun 1996,9052,8535,styani,JAZGA,1996-06-13,NAGANO        10 Jun 1996 ______     Birth                JAZGA 312C   styani | 13 Jun 1996            Death | [Death by: Unknown means]
9605,?,11 Jun 1996,9145,9148,fulgens,,1996-08-08,NZP-CRC       11 Jun 1996 112848     Birth                             fulgens | 8 Aug 1996            Death | [Death by: Other/Unknown         Unknown   Necropsy planned later]
9606,F,11 Jun 1996,9145,9148,fulgens,,1996-06-25,NZP-CRC       11 Jun 1996 112849     Birth                             fulgens | 25 Jun 1996            Death | [Death by: Other/Unknown         Unknown   Necropsy planned later]
9659,M,11 Jun 1996,9304,9322,fulgens,,2007-03-08,ODENSE        11 Jun 1996   AIL3     Birth                             fulgens | LONDON RP     18 Sep 1997 ______     Transfer | WHIPSNADE     10 Feb 1998 L3033      Transfer | LYMPNE        19 Jun 2004 P20418     Transfer | 8 Mar 2007            Death | [Death by: Unknown means]
9660,M,11 Jun 1996,9304,9322,fulgens,,2002-12-09,ODENSE        11 Jun 1996   AIL4     Birth      houdini                fulgens | SO LAKES       7 Apr 1998 SL0440     Transfer | 9 Dec 2002            Death | [Death by: Infection associated         Given to an institution:     Unknown (after necropsy)]
9648,M,13 Jun 1996,9083,9331,,,1996-06-21,LA FRONTI | 13 Jun 1996   PR13     Birth                                    fulgens | 21 Jun 1996            Death | [Death by: Environ/Behav conditions   Bury   Generalized        Trauma]
9649,F,13 Jun 1996,9083,9331,,,1996-06-21,LA FRONTI | 13 Jun 1996   PR12     Birth                                    fulgens | 21 Jun 1996            Death | [Death by: Environ/Behav conditions   Bury   Generalized        Trauma]
9688,?,13 Jun 1996,8924,8838,styani,JAZGA,1996-06-14,SABAE       13 Jun 1996 ______     Birth                   JAZGA 313C   styani | 14 Jun 1996            Death | [Death by: Unknown means]
9612,M,14 Jun 1996,9141,9144,fulgens,,,GREENVISC   14 Jun 1996 96G101     Birth        TIKI                    fulgens | ATLANTA     20 Feb 1997 971003     Transfer | SCOTTSBLU   29 Feb 2000   1154     Transfer | OAKHILL     30 Mar 2001 219605     Transfer | BOISE       10 Oct 2003 203021     Transfer
9613,F,14 Jun 1996,9141,9144,fulgens,,2002-03-01,GREENVISC   14 Jun 1996 96G102     Birth        Tembo                   fulgens | ATLANTA     20 Feb 1997 971004     Transfer | S BARBARA   28 Feb 2000 100002     Transfer | 1 Mar 2002            Death | [Death by: Unknown means]
9670,M,14 Jun 1996,9128,9003,fulgens,,,BUSSOLENG   14 Jun 1996 AFF005     Birth        PING                    fulgens | ROTTERDAM   10 Dec 1997 105665     Transfer | 29 Sep 2002 105665     Transfer | ZURICH      18 May 2005 A50102     Transfer
9671,M,14 Jun 1996,9128,9003,,,1997-11-22,BUSSOLENG | 14 Jun 1996 AFF006     Birth            PONG                    fulgens | 22 Nov 1997            Death | [Death by: Infection associated   Unknown   Integumentary          Bacterial]
9672,F,16 Jun 1996,9316,9311,fulgens,DD,,DRESDEN Z   16 Jun 1996 196147     Birth        DD 1                    fulgens | GORLITZ      8 Jul 1997 ______     Transfer
9673,F,16 Jun 1996,9316,9311,fulgens,DD,2003-10-08,DRESDEN Z   16 Jun 1996 196148     Birth        DD 2                    fulgens | WHIPSNADE   10 Feb 1998 L3032      Transfer | 8 Oct 2003            Death | [Death by: Unknown means]
9627,M,17 Jun 1996,9354,9363,fulgens,,1996-06-26,NASHV ZOO     17 Jun 1996 940551     Birth                   fulgens | 26 Jun 1996            Death | [Death by: Other/Unknown       Unknown   Necropsy planned later]
9628,F,17 Jun 1996,9354,9363,fulgens,,1996-06-21,NASHV ZOO     17 Jun 1996 940553     Birth                   fulgens | 21 Jun 1996            Death | [Death by: Unknown means]
9658,M,20 Jun 1996,8511,9374,fulgens,,,MARWELL       20 Jun 1996   3345     Birth      M18 NATHAN   fulgens | WILD ACRE     17 Nov 2007 ______     Transfer
9617,?,21 Jun 1996,9351,9353,fulgens,,1996-07-03,BALTIMORE     21 Jun 1996   96061    Birth                   fulgens | 3 Jul 1996            Death | [Death by: Unknown means]
9618,M,21 Jun 1996,9351,9353,fulgens,,2003-11-04,BALTIMORE     21 Jun 1996   96062    Birth      JUNO         fulgens | DETROIT       21 May 1997    5827    Transfer | 4 Nov 2003            Death | [Death by: Unknown means]
9619,F,21 Jun 1996,9146,9087,fulgens,,,PHILADELP     21 Jun 1996 103304     Birth      Lucy         fulgens | KNOXVILLE     18 Aug 1996   1743     Transfer | ERIE          11 Jun 1997    779     Transfer | KNOXVILLE     13 Jun 2002   1743     Transfer | MINNESOTA     29 Dec 2005 11536      Transfer
9620,F,21 Jun 1996,9146,9087,fulgens,,1996-07-03,PHILADELP     21 Jun 1996 103305      Birth                  fulgens | 3 Jul 1996             Death | [Death by: Other/Unknown       Incinerate    Integumentary   Bacterial]
9637,F,21 Jun 1996,8941,9075,fulgens,,,BERLIN TP     21 Jun 1996 ______     Birth      F18 Darlin   fulgens | MARWELL        9 Sep 1997   3855     Transfer | WP KIRKCU     23 Mar 1999 ______     Transfer
9643,F,23 Jun 1996,9317,9307,fulgens,,,AGRATE        23 Jun 1996   1033     Birth                   fulgens | WHIPSNADE      5 Mar 1998 L3050      Transfer | COPENHAGE     14 Jul 2005 RED016     Transfer
9644,F,23 Jun 1996,9317,9307,fulgens,,,AGRATE        23 Jun 1996   1034     Birth      LING         fulgens | LONDON RP      4 Mar 1998 ______     Transfer | WHIPSNADE      5 Mar 1998 L3051      Transfer | PAIGNTON      30 Apr 1998   1484     Transfer
9601,F,24 Jun 1996,9350,9352,,,1996-06-27,SIOUX FAL | 24 Jun 1996   1884           Birth      NO PAINT             fulgens | 27 Jun 1996                  Death | [Death by: Injury from exhibit mate   Incinerate         Generalized    Nutrition]
9602,F,24 Jun 1996,9350,9352,fulgens,,1996-08-08,SIOUX FAL  24 Jun 1996      1886     Birth                           fulgens | 8 Aug 1996               Death | [Death by: Infection associated         Given to an institution:       Generalized   Mechanical abnormality]
9603,F,24 Jun 1996,9350,9352,fulgens,,1996-06-27,SIOUX FAL     24 Jun 1996    1885     Birth                          fulgens | 27 Jun 1996             Death | [Death by: Other/Unknown         Incinerate    Generalized   Nutrition]
9616,M,24 Jun 1996,8406,9013,fulgens,,2008-11-21,NY BRONX      24 Jun 1996 961128     Birth      Zucchini             fulgens | GREENVISC      1 Feb 2002 XBA003     Transfer | 21 Nov 2008            Death | [Death by: Unknown means]
9645,?,24 Jun 1996,9102,9132,fulgens,,1996-07-05,KREFELD       24 Jun 1996    939     Birth                           fulgens | 5 Jul 1996            Death | [Death by: Unknown means]
9646,?,24 Jun 1996,9102,9132,fulgens,,1996-07-05,KREFELD       24 Jun 1996    940     Birth                           fulgens | 5 Jul 1996            Death | [Death by: Unknown means]
9652,F,24 Jun 1996,9302,9330,fulgens,,1996-07-18,DARJEELIN     24 Jun 1996 ______     Birth                           fulgens | 18 Jul 1996            Death | [Death by: Unknown means]
9653,M,24 Jun 1996,9302,9330,fulgens,,1996-07-17,DARJEELIN     24 Jun 1996 ______     Birth                           fulgens | 17 Jul 1996            Death | [Death by: Unknown means]
9663,M,24 Jun 1996,9321,9324,fulgens,,2008-07-22,AALBORG       24 Jun 1996   FUL3     Birth      Nepal                fulgens | ZAGREB        30 Apr 1997 115017     Transfer | BARCELONA      5 Oct 2001   7437     Transfer | 22 Jul 2008            Death | [Death by: Unknown means]
9664,M,24 Jun 1996,9321,9324,fulgens,,2003-02-17,AALBORG       24 Jun 1996   FUL4     Birth      -ANG                 fulgens | ZAGREB      30 Apr 1997 115005   Transfer | 17 Feb 2003          Death | [Death by: Unknown means]
9689,M,24 Jun 1996,9182,8758,styani,JAZGA,1996-06-24,SENDAISHI   24 Jun 1996 ______   Birth                 JAZGA 314C   styani | 24 Jun 1996          Death | [Death by: Unknown means]
9639,M,25 Jun 1996,8865,8824,fulgens,,,KOLN        25 Jun 1996   2126   Birth      Sherpa                  fulgens | BELFAST     12 Nov 1997   2973   Transfer | ~ Jan 2002          Death | [Death by: Unknown means]
9640,M,25 Jun 1996,8865,8824,fulgens,,,KOLN        25 Jun 1996   2125   Birth      M21 DAWA                fulgens | NURNBERG     5 Aug 1998 MO1340   Transfer
9641,?,25 Jun 1996,8865,8824,fulgens,,1996-06-30,KOLN      25 Jun 1996   2127     Birth                              fulgens | 30 Jun 1996            Death | [Death by: Injury from exhibit mate   Unknown   Unknown (after necropsy)]
9683,M,25 Jun 1996,8731,8864,fulgens,,1997-04-09,BARCELONA   25 Jun 1996   5150   Birth                              fulgens | 9 Apr 1997          Death | [Death by: Unknown means]
9684,F,25 Jun 1996,8731,8864,fulgens,,2007-11-23,BARCELONA   25 Jun 1996   5149   Birth      TERESA                  fulgens | HELSINKI    23 Oct 1997 970126   Transfer | 23 Nov 2007          Death | [Death by: Unknown means]
9631,M,26 Jun 1996,9381,9380,styani,,2008-10-10,CINCINNAT   26 Jun 1996 196075   Birth      FERROUS                 styani | FT WAYNE    19 Jun 1997 95163    Transfer | BATTLE CR   28 Jul 1999 99M54    Transfer | CINCINNAT   17 Oct 2001 196075   Transfer | TORONTO     23 May 2003 38557    Transfer | 10 Oct 2008          Death | [Death by: Unknown means]
9632,M,26 Jun 1996,9381,9380,styani,,2007-04-02,CINCINNAT   26 Jun 1996 196076   Birth      SHU MAO                 styani | BLOOMINGT   14 Oct 1997 M97084   Transfer | AKRON       25 Jan 2006 100345   Transfer | 2 Apr 2007          Death | [Death by: Unknown means]
9633,F,26 Jun 1996,9381,9380,styani,,1997-10-23,CINCINNAT     26 Jun 1996 196081      Birth                               styani | 23 Oct 1997             Death | [Death by: Other/Unknown       Rendered   Cardiovascular    Genetic/Prenatal]
9604,M,27 Jun 1996,8418,9241,fulgens,,,KNOXVILLE     27 Jun 1996   1739     Birth      Max                       fulgens
9686,F,27 Jun 1996,9303,9320,fulgens,,2006-06-01,KRISTIANS     27 Jun 1996 AIL004     Birth      LOVISA                    fulgens | HUNBSTRND      9 Oct 1997 970221     Transfer | SZEGED         2 Mar 2000   1392     Transfer | 1 Jun 2006            Death | [Death by: Unknown means]
9690,M,27 Jun 1996,9254,9171,styani,JAZGA,1996-06-29,ASAHIKAWA     27 Jun 1996 ______     Birth                   JAZGA 315C   styani | 29 Jun 1996            Death | [Death by: Unknown means]
9691,M,27 Jun 1996,8602,9253,fulgens,,,HIGASHIIZ     27 Jun 1996   316H     Birth                                fulgens
96921,M,27 Jun 1996,9049,93107,styani,KIKI,,TOKYOTAMA     27 Jun 1996   1756     Birth      KIKI         JAZGA 317C   styani | PUEBLA        25 Feb 1999   1687     Transfer
9608,M,28 Jun 1996,9205,9111,fulgens,,1996-06-28,BUFFALO       28 Jun 1996 96M120     Birth                                fulgens | 28 Jun 1996            Death | [Death by: Unknown means]
9629,M,28 Jun 1996,91100,9196,styani,,,CALGARY       28 Jun 1996 104345     Birth      TAROK                     styani | COLUMBUS      18 Dec 2006 206108     Transfer
9630,F,28 Jun 1996,91100,9196,styani,,,CALGARY       28 Jun 1996 104346     Birth      TSAKA                     styani | CINCINNAT      7 Oct 1998 196143     Transfer | FARGO         27 Oct 1998 198050     Transfer | NASHV ZOO     20 Dec 2004   2300     Transfer
9647,F,28 Jun 1996,9127,9113,fulgens,,2004-12-20,COPENHAGE     28 Jun 1996 RED005     Birth      MEI MEI                   fulgens | GORLITZ        7 Jul 1997 ______     Transfer | OPOLE          9 Nov 2000 M20097     Transfer | 20 Dec 2004            Death | [Death by: Unknown means]
9693,F,29 Jun 1996,8602,9115,fulgens,,,HIGASHIIZ     29 Jun 1996   318H     Birth                                fulgens
9634,?,30 Jun 1996,8764,9452,styani,,1996-07-02,TORONTO       30 Jun 1996   31612    Birth                              styani | 2 Jul 1996            Death | [Death by: Unknown means]
9635,?,30 Jun 1996,8764,9452,styani,,1996-07-02,TORONTO       30 Jun 1996   31613    Birth                              styani | 2 Jul 1996            Death | [Death by: Unknown means]
9642,M,30 Jun 1996,9227,9045,fulgens,,,RHENEN        30 Jun 1996 M1027      Birth                              fulgens | FONTAINE      21 Mar 1997 77AF20     Transfer
9665,F,30 Jun 1996,9301,8954,fulgens,,1999-09-18,COLCHESTR 30 Jun 1996   1783         Birth     F17 Jamili               fulgens | MARWELL   31 Jan 1997   3604         Transfer | 18 Sep 1999                Death | [Death by: Other/Unknown        Given to an institution:    Generalized       Unknown after necropsy]
9668,F,30 Jun 1996,9037,8947,fulgens,,,HELSINKI      30 Jun 1996 960117     Birth      NANDA       FF/HE/96/68 fulgens | ODENSE        13 Jun 2000   AIL7     Transfer | VIENNA        13 Feb 2004 M2716      Transfer
9607,M,1 Jul 1996,9086,8809,fulgens,,1996-08-24,MILL MOUN      1 Jul 1996    0389    Birth                              fulgens | 24 Aug 1996            Death | [Death by: Unknown means]
9685,F,1 Jul 1996,9303,9320,fulgens,,2000-05-09,KRISTIANS      1 Jul 1996 AIL005     Birth      LIV                     fulgens | HUNBSTRND      9 Oct 1997 970220     Transfer | 9 May 2000            Death | [Death by: Unknown means] | T330     M     3 Jul 1996        UNK       UNK   CWCA             ????     ______     Transfer   PING PING               styani | N S TRADE     23 Apr 1998 980029     Transfer | HIMEHI SH     29 Apr 1998 ______     Transfer | TAIPEI        30 Jun 1998   3379     Transfer | 11 Feb 1999            Death | [Death by: Unknown means]
9656,M,4 Jul 1996,9373,9371,fulgens,,1997-02-09,EDINBURGH      4 Jul 1996 96GB02      Birth                             fulgens | BELFAST       31 Jan 1997    2586     Transfer | 9 Feb 1997             Death | [Death by: Other/Unknown         Incinerate    Unknown (after necropsy)]
9657,M,4 Jul 1996,9373,9371,fulgens,,1996-07-11,EDINBURGH      4 Jul 1996 96GB03     Birth                              fulgens | 11 Jul 1996           Death | [Death by: Unknown means]
9694,F,5 Jul 1996,9493,9172,styani,JAZGA,,MITO CHO     5 Jul 1996 ______    Birth                JAZGA 319C   styani
9695,M,8 Jul 1996,93112,9280,styani,JAZGA,1996-07-11,TOKUYAMA     8 Jul 1996 ______    Birth                JAZGA 320C   styani | 11 Jul 1996           Death | [Death by: Unknown means]
9696,F,9 Jul 1996,9259,9192,styani,IKURA,2006-02-12,KUSHIRO Z   9 Jul 1996 ______     Birth      IKURA     JAZGA 321C   styani | TOKYOTAMA   4 Dec 1999   2881     Transfer | FUKUOKA     7 Jun 2004 ______     Transfer | 12 Feb 2006            Death | [Death by: Old age      Unknown   No necropsy planned]
9697,F,9 Jul 1996,9259,9192,styani,JAZGA,1996-07-14,KUSHIRO Z    9 Jul 1996 ______    Birth                JAZGA 322C   styani | 14 Jul 1996           Death | [Death by: Unknown means]
9609,F,10 Jul 1996,8306,9143,fulgens,,1996-09-06,KANSASCTY 10 Jul 1996 102815     Birth                              fulgens | 6 Sep 1996            Death | [Death by: Other/Unknown        Given to an institution:    Necropsy planned later     Unknown after necropsy]
9698,M,10 Jul 1996,8977,9445,styani,JAZGA,1996-07-10,TOHOKU PK   10 Jul 1996 ______    Birth                JAZGA 323C   styani | 10 Jul 1996           Death | [Death by: Unknown means]
9699,F,10 Jul 1996,8977,9445,styani,JAZGA,,TOHOKU PK   10 Jul 1996 ______    Birth                JAZGA 324C   styani
96100,M,10 Jul 1996,9054,8844,styani,HC-8,1996-07-26,HIMEHI SH   10 Jul 1996 ______    Birth      HC-8      JAZGA 325C   styani | 26 Jul 1996           Death | [Death by: Unknown means]
96101,F,10 Jul 1996,9054,8844,styani,HC-9,1996-08-06,HIMEHI SH   10 Jul 1996 ______    Birth      HC-9      JAZGA 326C   styani | 6 Aug 1996           Death | [Death by: Unknown means]
96102,F,11 Jul 1996,9272,9050,styani,JAZGA,1996-07-15,ITOZU       11 Jul 1996 ______    Birth                JAZGA 327C   styani | 15 Jul 1996           Death | [Death by: Unknown means]
96103,F,11 Jul 1996,9272,9050,styani,JAZGA,1996-07-16,ITOZU       11 Jul 1996 ______    Birth                JAZGA 328C   styani | 16 Jul 1996            Death | [Death by: Unknown means]
9654,F,14 Jul 1996,8649,8221,fulgens,,1997-08-28,DARJEELIN     14 Jul 1996 ______     Birth      NIRA                   fulgens | 28 Aug 1997            Death | [Death by: Unknown means]
9655,F,14 Jul 1996,8649,8221,fulgens,,1996-07-14,DARJEELIN     14 Jul 1996 ______     Birth                             fulgens | 14 Jul 1996            Death | [Death by: Unknown means]
96104,?,14 Jul 1996,9059,8922,styani,JAZGA,1996-07-21,ICHIKAWA      14 Jul 1996 ______     Birth                JAZGA 329C   styani | 21 Jul 1996            Death | [Death by: Unknown means]
9669,?,15 Jul 1996,9112,9105,fulgens,,1996-07-20,WARSAW        15 Jul 1996 286/96     Birth                             fulgens | 20 Jul 1996            Death | [Death by: Unknown means]
96105,M,15 Jul 1996,9185,9256,styani,YUU-YUU,,HIRAKATA      15 Jul 1996 ______     Birth      YUU-YUU   JAZGA 330C   styani | MORINOUEN     18 Mar 1999 ______     Transfer | HIRAKATA       9 Dec 2001 ______     Transfer
9610,M,16 Jul 1996,8950,9212,fulgens,,1996-08-09,INDIANAPL     16 Jul 1996 960065     Birth                             fulgens | 9 Aug 1996            Death | [Death by: Other/Unknown       Unknown   Necropsy planned later]
9611,F,16 Jul 1996,8950,9212,fulgens,,2003-12-25,INDIANAPL     16 Jul 1996 960066     Birth      GAYLE                  fulgens | KNOXVILLE     23 Aug 1996   1744     Transfer | LANSING        1 Jul 1997   2176     Transfer | KNOXVILLE     30 Mar 2001   1744     Transfer | SACRAMNTO      8 May 2003 101064     Transfer | 25 Dec 2003            Death | [Death by: Unknown means]
9614,M,17 Jul 1996,8965,9032,fulgens,,1996-10-26,MANHATTAN     17 Jul 1996 960013      Birth     1                      fulgens | 26 Oct 1996             Death | [Death by: Other/Unknown       Incinerate    Unknown (after necropsy)]
9615,M,17 Jul 1996,8965,9032,fulgens,,1996-10-20,MANHATTAN     17 Jul 1996 960014      Birth     2                      fulgens | 20 Oct 1996             Death | [Death by: Other/Unknown       Incinerate    Generalized   Unknown after necropsy]
9623,?,20 Jul 1996,8712,8611,fulgens,,1996-07-21,COLO SPRG 20 Jul 1996 96M039     Birth                                    fulgens | 21 Jul 1996            Death | [Death by: Premature birth      Given to an institution:    Cardiovascular   Genetic/Prenatal]
9624,?,20 Jul 1996,8712,8611,fulgens,,1996-07-26,COLO SPRG  20 Jul 1996 96M040     Birth                                   fulgens | 26 Jul 1996            Death | [Death by: Injury from exhibit mate       Given to an institution:    Musculoskeletal          Trauma]
9677,?,22 Jul 1996,8615,8603,fulgens,,1996-07-28,ROTTERDAM     22 Jul 1996 105437     Birth                                fulgens | 28 Jul 1996            Death | [Death by: Unknown means]
96106,M,22 Jul 1996,8749,8751,styani,JAZGA,1999-12-17,HIROSHIMA     22 Jul 1996 ______     Birth                   JAZGA 331C   styani | 17 Dec 1999            Death | [Death by: Unknown means]
96107,F,30 Jul 1996,9272,9186,styani,JAZGA,1996-08-01,ITOZU         30 Jul 1996 ______     Birth                   JAZGA 332C   styani | 1 Aug 1996            Death | [Death by: Unknown means]
96108,F,9 Aug 1996,8749,8750,styani,RARA,2005-12-30,HIROSHIMA      9 Aug 1996 ______     Birth      RARA         JAZGA 333C   styani | TOYAMA Z       7 Aug 1998   4036     Transfer | 30 Dec 2005            Death | [Death by: Unknown means]
96109,F,9 Aug 1996,8749,8750,styani,BANANA,,HIROSHIMA      9 Aug 1996 ______     Birth      BANANA       JAZGA 334C   styani
9681,F,4 Dec 1996,9119,9248,fulgens,,,SYDNEY         4 Dec 1996 960382     Birth      SALLYANA                  fulgens | MELBOURNE     22 Jul 1997 970500     Transfer | HIGASHIIZ     19 Nov 1998   386H     Transfer
9682,F,4 Dec 1996,9119,9248,fulgens,,2007-07-27,SYDNEY         4 Dec 1996 960383     Birth      SINGALILA                 fulgens | MELBOURNE     22 Jul 1997 970501     Transfer | 27 Jul 2007            Death | [Death by: Unknown means]
9678,M,28 Dec 1996,8522,8413,fulgens,,1997-01-07,ADELAIDE      28 Dec 1996 960523     Birth                                fulgens | 7 Jan 1997            Death | [Death by: Other/Unknown       Unknown   Necropsy planned later]
9679,F,28 Dec 1996,9124,9202,fulgens,,,JOHANSBRG     28 Dec 1996   2834     Birth      FURBALL                   fulgens | BESTER        26 Jan 2000 ______     Transfer
9680,F,28 Dec 1996,9124,9202,fulgens,,,JOHANSBRG     28 Dec 1996   2835     Birth      FLAME         fulgens | BESTER        26 Jan 2000 ______     Transfer
9776,M,6 Jan 1997,9328,9120,fulgens,,1997-09-01,AUCKLAND 6 Jan 1997 970002     Birth            Chodak        fulgens | 1 Sep 1997            Death | [Death by: Environ/Behav conditions   Bury   Respiratory          Toxicity]
9777,F,6 Jan 1997,9328,9120,fulgens,,,AUCKLAND       6 Jan 1997 970003     Birth      Maya          fulgens
9761,M,21 May 1997,9309,9417,fulgens,,1997-11-20,WHIPSNADE     21 May 1997 L2891      Birth                    fulgens | 20 Nov 1997            Death | [Death by: Infection associated         Incinerate      Digestive   Unknown after necropsy]
9701,M,31 May 1997,9145,9148,fulgens,,2003-01-11,NZP-CRC       31 May 1997 113194     Birth     Luke           fulgens | NZP-WASH       3 Sep 1998 113194     Transfer | 11 Jan 2003            Death | [Death by: Other/Unknown         Unknown   Generalized   Unknown after necropsy]
9702,F,31 May 1997,9145,9148,fulgens,,,NZP-CRC       31 May 1997 113193     Birth      Sarah         fulgens | GARDENCTY     11 May 2000 A01018     Transfer | LANSING       26 Apr 2001   2476     Transfer | ERIE          13 Jun 2002   1222     Transfer | HOGLE          7 Oct 2002 U02136     Transfer
9730,F,3 Jun 1997,9346,9329,fulgens,,2000-08-13,SANDIEGOZ      3 Jun 1997 597238     Birth     MEDEA          fulgens | NY BRONX      19 May 1998 981069     Transfer | 13 Aug 2000            Death | [Death by: Infection associated         Incinerate      Generalized   Unknown after necropsy]
9731,F,3 Jun 1997,9346,9329,fulgens,,2007-12-19,SANDIEGOZ      3 Jun 1997 597239     Birth      MAYA          fulgens | 19 Dec 2007            Death | [Death by: Unknown means]
9732,M,3 Jun 1997,9346,9329,fulgens,,1997-06-03,SANDIEGOZ   3 Jun 1997 597240     Birth                       fulgens | 3 Jun 1997            Death | [Death by: Infection associated         Given to an institution:    Digestive   Bacterial]
9741,F,3 Jun 1997,9405,9419,fulgens,,,FONTAINE       3 Jun 1997 77AF19     Birth      LILI          fulgens | MADRID Z      11 Jan 2001   PR73     Transfer | MOSCOW        19 Dec 2008 ______     Transfer
9771,M,4 Jun 1997,9240,9126,fulgens,,1997-06-20,LISBON         4 Jun 1997    5754     Birth                       fulgens | 20 Jun 1997             Death | [Death by: Other/Unknown         Incinerate    Generalized   Unknown after necropsy]
9700,F,5 Jun 1997,9127,9559,fulgens,,,BRISTOL        5 Jun 1997    2621     Birth                       fulgens | WHIPSNADE     27 Mar 1998   L3049     Transfer
97124,F,5 Jun 1997,9127,9559,fulgens,,1997-11-22,BRISTOL     5 Jun 1997       2620     Birth                       fulgens | 22 Nov 1997                Death | [Death by: Infection associated         Given to an institution:        Unknown (after necropsy)]
97129,F,7 Jun 1997,9323,9038,fulgens,,1997-10-03,ESKILSTUN      7 Jun 1997     363     Birth                       fulgens | 3 Oct 1997             Death | [Death by: Unknown means]
9703,M,9 Jun 1997,9529,8951,fulgens,,,KNOXVILLE      9 Jun 1997    1770     Birth      Nigalya          fulgens | CHATTANOG     15 Jul 1998    1821     Transfer | 14 Mar 2000    1821     Transfer
9704,F,9 Jun 1997,9529,8951,fulgens,,,KNOXVILLE      9 Jun 1997   1771      Birth      Panya            fulgens | OR WILDLF      2 Feb 2000 97595       Transfer | NZP-CRC       19 Jan 2006 114079      Transfer
9773,?,10 Jun 1997,9303,9566,fulgens,,1997-06-10,BELFAST 10 Jun 1997   2746     Birth                              fulgens | 10 Jun 1997            Death | [Death by: Injury from exhibit mate   Unknown   Unknown (after necropsy)]
9774,?,10 Jun 1997,9303,9566,fulgens,,1997-06-10,BELFAST 10 Jun 1997   2747     Birth                              fulgens | 10 Jun 1997            Death | [Death by: Injury from exhibit mate   Unknown   Unknown (after necropsy)]
9775,M,10 Jun 1997,9565,9355,fulgens,,1997-08-17,BELFAST 10 Jun 1997   2748            Birth                       fulgens | 17 Aug 1997                   Death | [Death by: Injury from exhibit mate   Incinerate          Unknown (after necropsy)] | T332     M    10 Jun 1997       9083    8958     LA FRONTI     10 Jun 1997   PR14     Birth                        fulgens | 23 Jun 1997            Death | [Death by: Stillbirth         Bury   Respiratory   Mechanical abnormality] | T333     M    10 Jun 1997       9083    8958     LA FRONTI     10 Jun 1997    PR15     Birth                       fulgens | 4 Aug 1997             Death | [Death by: Malicious destruction        Mounted or Preserved:        Generalized    Bacterial]
9736,M,12 Jun 1997,8738,9004,fulgens,,,MADRID Z      12 Jun 1997   PR64       Birth      MARTIN                 fulgens | MOSCOW        19 Dec 2008 ______       Transfer
9737,F,12 Jun 1997,8738,9004,fulgens,,2006-01-18,MADRID Z      12 Jun 1997   PR65       Birth                             fulgens | BARCELONA     15 Jun 1998   5936       Transfer | ZAGREB        22 Mar 2001 115069       Transfer | 18 Jan 2006              Death | [Death by: Unknown means]
97121,M,12 Jun 1997,8830,9253,fulgens,JAZGA,2001-06-19,HIGASHIIZ     12 Jun 1997   335H       Birth                JAZGA 335H   fulgens | 19 Jun 2001              Death | [Death by: Other/Unknown        Unknown   Digestive     Mechanical abnormality]
9738,F,13 Jun 1997,8738,8957,fulgens,,1997-12-16,MADRID Z      13 Jun 1997   PR66       Birth     SENSIA                  fulgens | 16 Dec 1997              Death | [Death by: Other/Unknown        Unknown   Generalized     Unknown after necropsy]
9749,?,13 Jun 1997,9102,9132,fulgens,,1997-06-14,KREFELD       13 Jun 1997    1009      Birth                             fulgens | 14 Jun 1997              Death | [Death by: Unknown means]
9767,F,14 Jun 1997,9128,9003,fulgens,,1997-11-21,BUSSOLENG     14 Jun 1997 AFF008       Birth     LUNA                    fulgens | 21 Nov 1997              Death | [Death by: Other/Unknown        Unknown   Generalized     Nutrition]
9705,M,15 Jun 1997,8418,9241,fulgens,,2000-01-08,KNOXVILLE15 Jun 1997   1773      Birth     Ed                            fulgens | BATTLE CR28 May 1998 98M06       Transfer | 8 Jan 2000             Death | [Death by: Infection associated   Bury   Generalized    Bacterial]
9706,F,15 Jun 1997,8418,9241,fulgens,,,KNOXVILLE     15 Jun 1997   1774       Birth      Jane                   fulgens | SACRAMNTO     30 Mar 2001 101036       Transfer
9707,F,15 Jun 1997,8705,8762,styani,,,OKLAHOMA      15 Jun 1997 716306       Birth                             styani | SEATTLE        9 Dec 1998 980328       Transfer
9708,F,15 Jun 1997,8705,8762,styani,,2004-02-18,OKLAHOMA      15 Jun 1997 716307       Birth      JP                     styani | COLUMBUS       2 Oct 1998 972091       Transfer | 18 Feb 2004              Death | [Death by: Unknown means] | T334   ?   15 Jun 1997       9542    9540   SALZBURG  15 Jun 1997   M568     Birth                                 fulgens | 30 Jul 1997            Death | [Death by: Environ/Behav conditions   Unknown   No necropsy planned] | T335   ?   15 Jun 1997       9542    9540   SALZBURG     15 Jun 1997   M569     Birth                              fulgens | 15 Jun 1997            Death | [Death by: Stillbirth      Incinerate   Generalized   Unknown after necropsy]
97120,F,15 Jun 1997,9302,95127,fulgens,,2001-01-11,DARJEELIN    15 Jun 1997 ______     Birth      QUEENY                  fulgens | 11 Jan 2001            Death | [Death by: Unknown means]
9733,F,16 Jun 1997,9118,9232,fulgens,,,PEAUGRES     16 Jun 1997    115     Birth      SHANGHAI                fulgens
9734,F,16 Jun 1997,9410,9429,fulgens,,2003-08-03,KLEVE        16 Jun 1997 ______     Birth                              fulgens | EPE          20 Aug 1998 100288     Transfer | 3 Aug 2003            Death | [Death by: Unknown means]
9735,F,16 Jun 1997,9410,9429,fulgens,,,KLEVE        16 Jun 1997 ______     Birth      XENIA                   fulgens | EPE          20 Aug 1998 100289     Transfer | ZURICH       26 Nov 2001 A10430     Transfer | ROTTERDAM     3 Dec 2003 106761     Transfer | HANNOVER      5 May 2006   V873     Transfer
9750,F,16 Jun 1997,9244,9238,fulgens,,2006-08-28,VIENNA    16 Jun 1997 M1368        Birth     DIVA                      fulgens | ESKILSTUN 15 Mar 1999     913      Transfer | 28 Aug 2006              Death | [Death by: Euthanasia (medical)   Incinerate     Digestive   Metabolism]
9787,F,16 Jun 1997,8977,9445,styani,RYUUSIN,2007-04-06,TOHOKU PK    16 Jun 1997 ______     Birth      RYUUSIN    JAZGA 337C   styani | NAGANO       28 Dec 1999 ______     Transfer | 6 Apr 2007            Death | [Death by: Unknown means]
9724,M,17 Jun 1997,9141,9144,fulgens,,,GREENVISC    17 Jun 1997 97G001     Birth      IN-CHI                  fulgens | MILL MOUN    21 Aug 1998    413     Transfer | OAKHILL      20 Nov 2002 229730     Transfer
9788,F,17 Jun 1997,92135,9599,styani,CHA-CHA,,NISHISONO    17 Jun 1997 ______     Birth      CHA-CHA    JAZGA 338C   styani | SABAE         2 Apr 1999 ______     Transfer
9789,?,17 Jun 1997,92135,9599,styani,JAZGA,1997-06-20,NISHISONO   17 Jun 1997 ______   Birth                 JAZGA 339C   styani | 20 Jun 1997          Death | [Death by: Unknown means]
9755,?,18 Jun 1997,8311,9247,fulgens,,1997-06-21,AMSTERDAM   18 Jun 1997 M97101   Birth      AR-42                   fulgens | 21 Jun 1997          Death | [Death by: Unknown means]
9756,?,18 Jun 1997,8311,9247,fulgens,,1997-06-21,AMSTERDAM   18 Jun 1997 M97102   Birth      AR-43                   fulgens | 21 Jun 1997          Death | [Death by: Unknown means]
9766,M,18 Jun 1997,9128,9003,fulgens,,2008-06-06,BUSSOLENG   18 Jun 1997 AFF007   Birth      SOLE                    fulgens | USTI        12 Oct 2000 UL0042   Transfer | 6 Jun 2008          Death | [Death by: Unknown means]
9790,M,18 Jun 1997,8713,9394,styani,KIKI,,NAGANO      18 Jun 1997 ______   Birth      KIKI       JAZGA 340C   styani | HIGASHI M   21 Apr 1999 ______   Transfer
9791,M,18 Jun 1997,8713,9394,styani,JAZGA,,NAGANO      18 Jun 1997 ______   Birth                 JAZGA 341C   styani | TOHOKU PK   28 Dec 1999 ______   Transfer
9748,F,19 Jun 1997,9317,9307,fulgens,,,AGRATE      19 Jun 1997   1107   Birth      Siena                   fulgens | HEIDELBRG   27 Jan 1999 764002   Transfer
9709,?,20 Jun 1997,9076,9243,fulgens,,1997-06-20,NASHV ZOO   20 Jun 1997 940722   Birth                              fulgens | 20 Jun 1997          Death | [Death by: Unknown means]
9710,?,20 Jun 1997,9076,9243,fulgens,,1997-07-15,NASHV ZOO 20 Jun 1997 940723     Birth                              fulgens | 15 Jul 1997            Death | [Death by: Malicious destruction   Incinerate   No necropsy planned]
9742,M,20 Jun 1997,9405,9420,fulgens,,,FONTAINE    20 Jun 1997 77AF18   Birth      YANG-TSE                fulgens | PEAUGRES    31 Mar 1998    167   Transfer | ZURICH      12 Feb 2003 A30028   Transfer | BOISSIERE   20 Jun 2006   CPR6   Transfer
9743,F,20 Jun 1997,9405,9420,fulgens,,2003-08-09,FONTAINE    20 Jun 1997 77AF21   Birth                              fulgens | 9 Aug 2003          Death | [Death by: Unknown means]
9751,F,20 Jun 1997,9127,9113,fulgens,,2006-08-14,COPENHAGE     20 Jun 1997 RED006       Birth                             fulgens | EICHBERG      27 May 1998 ______       Transfer | 14 Aug 2006              Death | [Death by: Unknown means]
9792,M,20 Jun 1997,9049,93107,styani,YOYO,2005-03-31,TOKYOTAMA     20 Jun 1997   2050       Birth      YOYO      JAZG 342C    styani | KOCHI NOI      4 Dec 1998 ______       Transfer | 31 Mar 2005              Death | [Death by: Unknown means]
9793,M,20 Jun 1997,9049,93107,styani,KOUKOU,2000-01-28,TOKYOTAMA     20 Jun 1997   2051       Birth     KOUKOU    JAZGA 343C    styani | KUSHIRO Z      3 Dec 1999 ______       Transfer | 28 Jan 2000              Death | [Death by: Other/Unknown         Unknown   Respiratory     Unknown after necropsy]
9794,M,20 Jun 1997,9049,93107,styani,,2003-06-12,TOKYOTAMA     20 Jun 1997   2052       Birth     HUU-HUU/FOJAZGA 344C    styani | NIHONDAIR     23 Mar 2002 ______       Transfer | 12 Jun 2003              Death | [Death by: Other/Unknown         Unknown   Digestive     Unknown after necropsy]
9795,F,22 Jun 1997,9059,8923,styani,JAZGA,1997-07-17,ICHIKAWA      22 Jun 1997 ______       Birth                JAZGA 345C   styani | 17 Jul 1997              Death | [Death by: Unknown means]
9796,?,22 Jun 1997,9059,8923,styani,JAZGA,1997-06-25,ICHIKAWA      22 Jun 1997 ______       Birth                JAZGA 346C   styani | 25 Jun 1997              Death | [Death by: Unknown means]
9999,M,22 Jun 1997,UNK,UNK,styani,NINNIN,1999-10-21,"SHANGHAI  22 Jun 1997 ______     Birth     NINNIN    JAZGA 388C          styani | N S TRADE 23 Apr 1998 980026     Transfer | TOKYOTAMA 18 Jan 1999   2508     Transfer | 21 Oct 1999            Death | [Death by: Other/Unknown        Given to an institution:    Cardiovascular   Circulatory, secondary]"
9711,M,23 Jun 1997,9350,9352,fulgens,,1997-06-26,SIOUX FAL  23 Jun 1997   2034     Birth                                  fulgens | 26 Jun 1997            Death | [Death by: Environ/Behav conditions         Given to an institution:    Generalized         Mechanical abnormality]
9712,M,23 Jun 1997,9350,9352,fulgens,,1997-06-23,SIOUX FAL     23 Jun 1997   2036       Birth                             fulgens | 23 Jun 1997              Death | [Death by: Stillbirth      Given to an institution:          No necropsy planned   Unknown after necropsy]
9713,F,23 Jun 1997,9350,9352,fulgens,,1997-06-26,SIOUX FAL 23 Jun 1997   2035         Birth                         fulgens | 26 Jun 1997                Death | [Death by: Other/Unknown        Given to an institution:    Generalized       Mechanical abnormality]
9714,M,23 Jun 1997,9091,9473,styani,,1999-01-03,CINCINNAT     23 Jun 1997 197094     Birth      Denali             styani | NASHV ZOO      9 Apr 1998 940911     Transfer | 3 Jan 1999            Death | [Death by: Unknown means]
9715,F,23 Jun 1997,9091,9473,styani,,,CINCINNAT     23 Jun 1997 197095     Birth      Xena               styani | PROSPECTP     26 Feb 1998 988015     Transfer | COLUMBUS      25 Sep 2003 203103     Transfer
97119,?,23 Jun 1997,8602,93101,fulgens,,2003-09-17,HIGASHIIZ     23 Jun 1997   347H     Birth                         fulgens | 17 Sep 2003            Death | [Death by: Other/Unknown         Unknown   Cardiovascular   Unknown after necropsy]
9744,M,24 Jun 1997,8865,8824,fulgens,,1999-07-11,KOLN          24 Jun 1997   2258     Birth                         fulgens | NURNBERG       5 Aug 1998 MO1339     Transfer | 11 Jul 1999            Death | [Death by: Unknown means]
9745,F,24 Jun 1997,8865,8824,fulgens,,,KOLN          24 Jun 1997   2259     Birth      M21 DAWA           fulgens | MARWELL       30 Jun 1998   4167     Transfer | WHIPSNADE     21 Jan 1999 L3217      Transfer | LIBEREC       30 Jul 2005 633001     Transfer | GARS          12 Apr 2006   9745     Transfer | VIENNA        12 Apr 2006 M3177      Transfer
9722,F,25 Jun 1997,9146,9087,fulgens,,2008-05-03,PHILADELP     25 Jun 1997 103445     Birth      Divya              fulgens | LITTLEROC     11 Oct 1998   5560     Transfer | 3 May 2008            Death | [Death by: Unknown means]
9725,M,25 Jun 1997,8950,9212,fulgens,,,INDIANAPL     25 Jun 1997 970112     Birth      Disney             fulgens | MEMPHIS       12 Jan 2000 19102      Transfer | LINCOLN C     30 Nov 2006   1478     Transfer
9726,M,25 Jun 1997,8950,9212,fulgens,,1998-06-24,INDIANAPL     25 Jun 1997 970113     Birth                         fulgens | 24 Jun 1998            Death | [Death by: Unknown means]
9757,M,25 Jun 1997,9227,9045,fulgens,,2003-07-01,RHENEN      25 Jun 1997 M01109     Birth      Balo                  fulgens | HEIDELBRG   24 Dec 1998 764001     Transfer | 1 Jul 2003            Death | [Death by: Unknown means]
97116,F,25 Jun 1997,9305,94101,fulgens,,2004-09-14,DARJEELIN   25 Jun 1997 ______     Birth      RANI                  fulgens | 14 Sep 2004            Death | [Death by: Unknown means]
97117,F,25 Jun 1997,9305,94101,fulgens,,,DARJEELIN   25 Jun 1997 ______     Birth      SWEETY                fulgens | WILD        14 Aug 2003   NONE     Release
9728,M,26 Jun 1997,9461,9474,fulgens,,1999-11-26,NY BRONX    26 Jun 1997 971148     Birth     EGGPLANT               fulgens | 26 Nov 1999            Death | [Death by: Euthanasia (medical)         Incinerate    Necropsy planned later   Unknown after necropsy]
9729,M,26 Jun 1997,9461,9474,fulgens,,,NY BRONX    26 Jun 1997 971149     Birth      GORDI                 fulgens | DETROIT     28 Feb 2002 10715      Transfer | UTICA       20 Nov 2003 103040     Transfer | CLEVELAND    7 Oct 2006 M61001     Transfer
9765,?,26 Jun 1997,9112,9105,fulgens,,1997-09-10,WARSAW      26 Jun 1997   S3898    Birth                            fulgens | 10 Sep 1997            Death | [Death by: Unknown means]
9797,M,26 Jun 1997,9449,9492,styani,KAI,,SHIRAHAMA   26 Jun 1997 ______     Birth      KAI      JAZGA 348C   styani | SASEBO      15 Jul 1999 ______     Transfer
9798,?,26 Jun 1997,9254,9171,styani,JAZGA,1997-07-30,ASAHIKAWA   26 Jun 1997 ______     Birth               JAZGA 349C   styani | 30 Jul 1997            Death | [Death by: Unknown means]
9799,F,26 Jun 1997,9254,9171,styani,JAZGA,,ASAHIKAWA   26 Jun 1997 ______     Birth               JAZGA 350C   styani | SHIRAHAMA    5 Aug 1999 ______     Transfer
97100,F,26 Jun 1997,9498,95123,styani,PAMU,2006-03-11,ISHIKAWA   26 Jun 1997 ______     Birth       PAMU     JAZGA 351C   styani | MIYAZAK         ~ 1998 ______     Transfer | ZOORASIA   22 Jan 1999    221     Transfer | 11 Mar 2006            Death | [Death by: Old age      Unknown   No necropsy planned]
97101,F,26 Jun 1997,9498,95123,styani,MAMU,2002-01-24,ISHIKAWA      26 Jun 1997 ______     Birth     MAMU      JAZGA 352C      styani | TOBU           9 Jan 1999 ______     Transfer | 24 Jan 2002            Death | [Death by: Other/Unknown       Unknown   Respiratory   Unknown after necropsy]
9768,M,27 Jun 1997,8731,8864,fulgens,,,BARCELONA     27 Jun 1997    5529    Birth      POLUX                    fulgens | VALENCIA      17 Jun 1998   M0023    Transfer | COULANGE      21 Mar 2002     AF3    Transfer
9769,M,27 Jun 1997,8731,8864,fulgens,,,BARCELONA     27 Jun 1997    5530    Birth      CASTOR                   fulgens | VALENCIA      17 Jun 1998   M0024    Transfer | SZEGED        12 Aug 2007    2263    Transfer
9772,?,27 Jun 1997,9240,9575,fulgens,,1997-07-04,LISBON     27 Jun 1997    5799      Birth                                fulgens | 4 Jul 1997             Death | [Death by: Injury from exhibit mate       Incinerate    No necropsy planned    Unknown after necropsy]
9716,M,28 Jun 1997,9381,9380,styani,,,CINCINNAT     28 Jun 1997 197104     Birth      GENGHIS                  styani | LOWRY          7 Apr 1998 100930     Transfer | COLUMBUS      10 Apr 2000 972090     Transfer | DENVER        21 Apr 2000 A00104     Transfer | MILWAUKEE     28 Nov 2007   5483     Transfer
9717,F,28 Jun 1997,9381,9380,styani,,2001-01-21,CINCINNAT     28 Jun 1997 197105      Birth     Teton                    styani | NASHV ZOO      9 Apr 1998 940912      Transfer | CINCINNAT      2 Dec 1999 197105      Transfer | 21 Jan 2001             Death | [Death by: Other/Unknown       Rendered   Cardiovascular    Unknown after necropsy]
9718,F,28 Jun 1997,9381,9380,styani,,1997-09-20,CINCINNAT     28 Jun 1997 197106     Birth                               styani | 20 Sep 1997            Death | [Death by: Unknown means]
9727,F,29 Jun 1997,8965,9032,fulgens,,,MANHATTAN     29 Jun 1997 970036     Birth      PAN - PAN                fulgens | LITTLEROC     16 Feb 1999   5607     Transfer | 15 Nov 2001   5607     Transfer
97102,F,30 Jun 1997,9493,9172,styani,JAZGA,2005-11-05,MITO CHO      30 Jun 1997 ______     Birth                  JAZGA 353C   styani | KAMI GUN       9 Mar 2000 ______     Transfer | 5 Nov 2005            Death | [Death by: Unknown means]
9759,F,1 Jul 1997,9301,8954,fulgens,,2002-02-20,COLCHESTR      1 Jul 1997   1948     Birth      Unkus                  fulgens | EDINBURGH     24 Mar 1999 99CA01     Transfer | 20 Feb 2002            Death | [Death by: Unknown means]
9760,F,1 Jul 1997,9301,8954,fulgens,,,COLCHESTR      1 Jul 1997   1949     Birth      Pandora                fulgens | HAYLE          2 Jun 1998   A309     Transfer
9762,F,1 Jul 1997,9303,9320,fulgens,,1997-07-31,KRISTIANS      1 Jul 1997 AIL008     Birth                             fulgens | 31 Jul 1997            Death | [Death by: Unknown means]
9763,F,1 Jul 1997,9303,9320,fulgens,,2007-07-05,KRISTIANS      1 Jul 1997 AIL006     Birth                             fulgens | BARCELONA     16 Dec 1998   6125     Transfer | 5 Jul 2007            Death | [Death by: Unknown means]
9764,M,1 Jul 1997,9303,9320,fulgens,,,KRISTIANS      1 Jul 1997 AIL007     Birth      Pang                   fulgens | ROTTERDAM     22 Jul 1998 105802     Transfer | EICHBERG       8 Aug 2000 ______     Transfer
00130,F,~ 1997,WILD,WILD,styani,,2000-11-12,CHINA              ~ 1997   NONE     Capture                           styani | BEIJING          ????     ______     Transfer | SINGAPORE     30 Oct 2000 G7815      Transfer | 12 Nov 2000            Death | [Death by: Unknown means]
97103,F,1 Jul 1997,9493,9172,styani,JAZGA,1997-07-01,MITO CHO       1 Jul 1997 ______     Birth                JAZGA 354C   styani | 1 Jul 1997            Death | [Death by: Unknown means]
97104,M,2 Jul 1997,93112,9280,styani,PURIN,2003-08-02,TOKUYAMA       2 Jul 1997 ______     Birth     PURIN     JAZGA 355C    styani | TOBU           9 Jan 1999 ______     Transfer | 2 Aug 2003            Death | [Death by: Other/Unknown       Unknown   Respiratory   Unknown after necropsy]
97105,?,2 Jul 1997,93112,9280,styani,JAZGA,1997-07-02,TOKUYAMA       2 Jul 1997 ______     Birth                JAZGA 356C   styani | 2 Jul 1997            Death | [Death by: Unknown means]
97106,M,3 Jul 1997,9279,9442,styani,TEN TEN,2008-04-22,OSAKA          3 Jul 1997    408     Birth      TEN TEN   JAZGA 357C   styani | NAGANO   1 Jul 1998 ______      Transfer | YOKOHAMA 3 Apr 1999 970270      Transfer | ZOORASIA11 Nov 1999    475      Transfer | WINNIPEG26 Mar 2002 C00346      Transfer | 22 Apr 2008             Death | [Death by: Euthanasia (medical)   Bury   Generalized    Mechanical abnormality]
97107,M,3 Jul 1997,9279,9442,styani,,1997-07-05,OSAKA        3 Jul 1997    409    Birth      08           JAZGA 358C   styani | 5 Jul 1997           Death | [Death by: Unknown means]
9723,M,4 Jul 1997,9205,9111,fulgens,,1997-07-06,BUFFALO      4 Jul 1997 97M112    Birth      Liberty                   fulgens | 6 Jul 1997           Death | [Death by: Unknown means]
97108,M,4 Jul 1997,9182,8758,styani,JAZGA,1997-07-04,SENDAISHI    4 Jul 1997 ______    Birth                   JAZGA 359C   styani | 4 Jul 1997           Death | [Death by: Unknown means]
9739,F,6 Jul 1997,8613,8721,fulgens,,2008-05-05,ZURICH       6 Jul 1997 970015    Birth      ZAMPA BIAN                fulgens | BUSSOLENG    6 Nov 1998 AFF011    Transfer | 5 May 2008           Death | [Death by: Unknown means]
9740,F,6 Jul 1997,8613,8721,fulgens,,2005-06-23,ZURICH       6 Jul 1997 970016    Birth      LICHEE                    fulgens | COULANGE     6 May 1998    AF2    Transfer | 23 Jun 2005           Death | [Death by: Unknown means]
9754,F,8 Jul 1997,9037,8947,fulgens,,,HELSINKI     8 Jul 1997 970109    Birth      Olga                      fulgens | EICHBERG    27 May 1998 ______    Transfer | ROTTERDAM   25 Jul 2000 106146    Transfer | ZURICH      18 May 2005 A50101    Transfer
9752,F,10 Jul 1997,9373,9371,fulgens,,2002-11-07,EDINBURGH  10 Jul 1997 97GB05     Birth     Ginger                     fulgens | YARMOUTH   25 Mar 1999 97GB05     Transfer | MARWELL    16 Nov 1999   4799     Transfer | 7 Nov 2002            Death | [Death by: Euthanasia (medical)         Given to an institution:    Generalized   Unknown after necropsy]
9753,F,10 Jul 1997,9373,9371,fulgens,,,EDINBURGH   10 Jul 1997 97GB08    Birth      Roxy                      fulgens | YARMOUTH    25 Mar 1999 ______    Transfer
9758,F,10 Jul 1997,8615,8603,fulgens,,2008-02-05,ROTTERDAM     10 Jul 1997 105620    Birth      BAMBOU                fulgens | COULANGE      25 Mar 1998    AF1    Transfer | VALENCIA      19 Mar 2002 M0074     Transfer | SZEGED        12 Aug 2007   2264    Transfer | 5 Feb 2008           Death | [Death by: Unknown means]
97109,F,11 Jul 1997,9059,8922,styani,JAZGA,2000-11-27,ICHIKAWA      11 Jul 1997 ______    Birth               JAZGA 360C   styani | 27 Nov 2000           Death | [Death by: Unknown means]
97110,M,12 Jul 1997,8935,8936,styani,JAZGA,,ITOZU         12 Jul 1997 ______    Birth               JAZGA 361C   styani | OMUTA         10 Feb 2002 ______    Transfer
97123,?,12 Jul 1997,8602,9115,fulgens,,1997-10-12,HIGASHIIZ     12 Jul 1997   362H    Birth                            fulgens | 12 Oct 1997           Death | [Death by: Unknown means]
97125,F,12 Jul 1997,9259,9192,styani,JAZGA,2004-09-18,KUSHIRO Z     12 Jul 1997 ______    Birth               JAZGA 367C   styani | 18 Sep 2004           Death | [Death by: Unknown means]
97128,F,12 Jul 1997,8602,9115,styani,JAZGA,1997-10-12,HIGASHIIZ     12 Jul 1997 ______    Birth               JAZGA 362H   styani | 12 Oct 1997           Death | [Death by: Unknown means]
99100,F,12 Jul 1997,UNK,UNK,styani,TENTEN,1999-07-21,"SHANGHAI  12 Jul 1997 ______     Birth     TENTEN    JAZGA 389C      styani | N S TRADE 23 Apr 1998 980027     Transfer | TOKYOTAMA 18 Jan 1999   2509     Transfer | 21 Jul 1999            Death | [Death by: Other/Unknown        Given to an institution:    Cardiovascular   Circulatory, secondary]"
97111,M,13 Jul 1997,9185,9256,styani,BUBU,,HIRAKATA      13 Jul 1997   363C    Birth      BUBU     JAZGA 363C   styani | TOKYOTAMA     16 Feb 2001   3312    Transfer
9719,?,16 Jul 1997,9110,9206,fulgens,,1997-07-16,CENTRALPK     16 Jul 1997 976207    Birth                            fulgens | 16 Jul 1997           Death | [Death by: Other/Unknown         Mounted or Preserved:   Necropsy planned later]
9720,?,16 Jul 1997,9110,9206,fulgens,,1997-07-17,CENTRALPK     16 Jul 1997 976193    Birth                            fulgens | 17 Jul 1997           Death | [Death by: Other/Unknown         Mounted or Preserved:   Necropsy planned later]
9721,?,16 Jul 1997,9110,9206,fulgens,,1997-07-17,CENTRALPK     16 Jul 1997 976194    Birth                              fulgens | 17 Jul 1997           Death | [Death by: Other/Unknown         Mounted or Preserved:   Necropsy planned later]
97112,M,17 Jul 1997,9054,8844,styani,MOMOTAROU JAZGA,2007-10-14,HIMEHI SH     17 Jul 1997 ______    Birth      MOMOTAROU JAZGA 364C    styani | YOKOHAMA      18 Oct 1999 970271    Transfer | 14 Oct 2007           Death | [Death by: Unknown means]
97113,M,17 Jul 1997,9054,8844,styani,KINTAROU,,HIMEHI SH     17 Jul 1997 ______    Birth      KINTAROU   JAZGA 365C   styani | HAMAMATSU      7 Jul 2000 ______    Transfer
97114,?,18 Jul 1997,9598,92136,styani,JAZGA,1997-07-24,NISHISONO     18 Jul 1997 ______    Birth                 JAZGA 366C   styani | 24 Jul 1997           Death | [Death by: Unknown means]
97118,F,22 Jul 1997,94100,9330,fulgens,,1997-07-28,DARJEELIN     22 Jul 1997 ______    Birth                              fulgens | 28 Jul 1997           Death | [Death by: Unknown means]
97127,M,22 Jul 1997,94100,9330,fulgens,,1997-07-26,DARJEELIN     22 Jul 1997   T126    Birth                              fulgens | 26 Jul 1997           Death | [Death by: Unknown means]
9770,F,27 Jul 1997,9125,8953,fulgens,,2002-11-13,YARMOUTH   27 Jul 1997 ______     Birth      ling ling             fulgens | SO LAKES    7 Apr 1998 SL0439     Transfer | 13 Nov 2002            Death | [Death by: Infection associated         Given to an institution: EDINBURGH MUSEUM    Unknown (after necropsy)]
97115,F,27 Jul 1997,9259,9192,styani,JAZGA,2004-09-18,KUSHIRO Z     27 Jul 1997 ______    Birth                 JAZGA 367C   styani | 18 Sep 2004           Death | [Death by: Unknown means]
97126,F,27 Jul 1997,9259,9192,styani,JAZGA,,KUSHIRO Z     27 Jul 1997 ______    Birth                 JAZGA 368C   styani | HAMAMATSU     18 Nov 2002 ______    Transfer
9746,?,30 Jul 1997,9082,9012,fulgens,,1997-09-19,BERLINZOO  30 Jul 1997 970126     Birth                                fulgens | 19 Sep 1997            Death | [Death by: Infection associated         Given to an institution:    Necropsy planned later]
9747,?,30 Jul 1997,9082,9012,fulgens,,1997-09-28,BERLINZOO     30 Jul 1997 970127     Birth                                fulgens | 28 Sep 1997            Death | [Death by: Other/Unknown       Given to an institution:    Necropsy planned later]
97122,?,7 Oct 1997,UNK,UNK,fulgens,JAZGA,1997-10-07,HIGASHIIZ      7 Oct 1997   336H      Birth                  JAZGA 336H   fulgens | 7 Oct 1997             Death | [Death by: Unknown means]
9783,F,11 Dec 1997,9368,9432,fulgens,,1998-12-12,PERTH         11 Dec 1997 971167      Birth       LARGE                   fulgens | MOGO           8 Sep 1998 ______      Transfer | 12 Dec 1998             Death | [Death by: Unknown means]
9784,F,11 Dec 1997,9368,9432,fulgens,SMALL,,PERTH         11 Dec 1997 971168      Birth       SMALL      JAZG 387H    fulgens | MOGO           8 Sep 1998 ______      Transfer | HIGASHIIZ     20 Nov 1998   387H      Transfer
9781,M,18 Dec 1997,9584,9585,fulgens,,1997-12-20,MOGO          18 Dec 1997 ______      Birth                               fulgens | 20 Dec 1997             Death | [Death by: Unknown means]
9782,M,18 Dec 1997,9584,9585,fulgens,,1998-04-28,MOGO          18 Dec 1997 ______      Birth                               fulgens | 28 Apr 1998             Death | [Death by: Unknown means]
9785,F,20 Dec 1997,9203,9369,fulgens,,2000-07-21,PRETORIA      20 Dec 1997 906913      Birth     GIGI                      fulgens | 21 Jul 2000             Death | [Death by: Other/Unknown       Unknown   Digestive    Mechanical abnormality]
9786,F,20 Dec 1997,9203,9369,fulgens,,2003-03-05,PRETORIA      20 Dec 1997 906914     Birth     Ju-Ju                      fulgens | TRNSV SNK     24 Apr 2001    564     Transfer | 5 Mar 2003            Death | [Death by: Other/Unknown       Rendered   Necropsy planned later]
9778,F,31 Dec 1997,9124,9202,fulgens,,1998-01-25,JOHANSBRG 31 Dec 1997   3322      Birth                                   fulgens | 25 Jan 1998             Death | [Death by: Infection associated   Incinerate    Respiratory         Trauma]
9779,M,31 Dec 1997,9124,9202,fulgens,,,JOHANSBRG     31 Dec 1997   3323      Birth                               fulgens
9780,F,31 Dec 1997,9124,9202,fulgens,,,JOHANSBRG     31 Dec 1997   3324      Birth                               fulgens | BESTER        26 Jan 2000 ______      Transfer | JOHANSBRG     23 Nov 2004    3324    Transfer
9871,M,2 Feb 1998,9021,9433,fulgens,,2006-05-26,ADELAIDE   2 Feb 1998 980067     Birth     Shimla             fulgens | AUCKLAND  25 Nov 1998 980121     Transfer | 26 May 2006            Death | [Death by: Euthanasia (medical)   Unknown   Urinary   New growths/cancer]
9872,F,2 Feb 1998,9021,9433,fulgens,,2008-10-23,ADELAIDE       2 Feb 1998 980068     Birth      Chamoli       fulgens | 23 Oct 2008            Death | [Death by: Unknown means]
9845,M,23 May 1998,9304,9322,fulgens,,,ODENSE        23 May 1998   AIL5     Birth                    fulgens | FRANKFURT     15 Oct 1999 39291      Transfer | BUDAPEST      24 Aug 2000 M00145     Transfer
9849,F,5 Jun 1998,9309,9417,fulgens,,,WHIPSNADE      5 Jun 1998   L3106    Birth      CINNAMON      fulgens | BANHAM        17 May 2000    3240    Transfer
9833,M,6 Jun 1998,8311,9247,fulgens,,1999-10-01,"AMSTERDAM      6 Jun 1998 M98066     Birth      AR-44, Cha    fulgens | BUDAPEST      18 Sep 1999 004396     Transfer | 1 Oct 1999            Death | [Death by: Unknown means]"
9834,F,6 Jun 1998,8311,9247,fulgens,,,"AMSTERDAM      6 Jun 1998 M98067     Birth      AR-45, Ell    fulgens | POZNAN        21 Sep 1999 MD0412     Transfer"
9843,?,6 Jun 1998,9542,9540,fulgens,,1998-09-06,SALZBURG       6 Jun 1998    M677    Birth                    fulgens | 6 Sep 1998            Death | [Death by: Unknown means]
9855,F,6 Jun 1998,9252,9116,fulgens,,1998-07-23,MADRID Z       6 Jun 1998   PR67     Birth                    fulgens | 23 Jul 1998            Death | [Death by: Other/Unknown       Unknown   Generalized   Unknown after necropsy]
9801,M,7 Jun 1998,9145,9148,fulgens,,2008-04-08,NZP-CRC    7 Jun 1998 113320     Birth     William            fulgens | ERIE      26 Apr 2000    961     Transfer | BILLINGS  20 Nov 2000    142     Transfer | 8 Apr 2008            Death | [Death by: Euthanasia (medical)   Unknown   No necropsy planned]
9802,M,7 Jun 1998,9145,9148,fulgens,,,NZP-CRC        7 Jun 1998 113321     Birth      Taylor        fulgens | ERIE          26 Apr 2000    962     Transfer | BILLINGS      20 Nov 2000    143     Transfer
9860,M,11 Jun 1998,9558,9556,fulgens,,,BURFORD       11 Jun 1998 MM190      Birth                    fulgens | WP KIRKCU     24 Mar 1999 ______     Transfer
9844,M,12 Jun 1998,9564,9580,fulgens,,2004-07-16,LA PALMYR     12 Jun 1998   2360     Birth                    fulgens | FRANKFURT      6 Sep 1999 39242      Transfer | BEAUVAL       10 Sep 2002 00780      Transfer | 16 Jul 2004            Death | [Death by: Infection associated         Incinerate      Digestive   Unknown after necropsy]
9826,M,13 Jun 1998,9095,9472,styani,,,COLUMBUS      13 Jun 1998 982051     Birth      Mac           styani | BATTLE CR      1 Jul 1998 98M24      Transfer | AKRON          8 Dec 1999 991280     Transfer | BATTLE CR     26 Dec 2001 98M24      Transfer | PROSPECTP     15 Nov 2007 P07046     Transfer | CHICAGOLP      9 Jan 2009 22225      Transfer
9827,F,13 Jun 1998,9095,9519,styani,,1998-06-14,COLUMBUS      13 Jun 1998 982052     Birth                    styani | 14 Jun 1998            Death | [Death by: Unknown means]
9828,F,13 Jun 1998,9095,9519,styani,,1998-06-13,COLUMBUS      13 Jun 1998 982053     Birth                    styani | 13 Jun 1998            Death | [Death by: Stillbirth         Unknown   Unknown (after necropsy)]
9831,M,13 Jun 1998,9005,9319,fulgens,,1998-11-15,HUNBSTRND     13 Jun 1998 980144     Birth      YANG          fulgens | 15 Nov 1998            Death | [Death by: Unknown means]
9832,F,13 Jun 1998,9005,9319,fulgens,,2005-05-18,HUNBSTRND     13 Jun 1998 980145     Birth      YIN           fulgens | LINZ ZOO      16 Mar 2000    YIN     Transfer | MADRID Z      16 Jan 2003   PR76     Transfer | 18 May 2005            Death | [Death by: Unknown means]
9842,M,13 Jun 1998,9240,9575,fulgens,,1998-11-11,LISBON     13 Jun 1998      6218     Birth                    fulgens | 11 Nov 1998               Death | [Death by: Infection associated         Given to an institution:       Urinary   Bacterial]
9835,M,14 Jun 1998,9316,9311,fulgens,,2003-10-17,DRESDEN Z     14 Jun 1998 196329     Birth      TNK13   DD3   fulgens | NOVOSIBRK      9 Dec 1999 ______     Transfer | 17 Oct 2003          Death | [Death by: Unknown means]
9807,M,15 Jun 1998,9141,9144,fulgens,,,GREENVISC   15 Jun 1998 98G019   Birth      Bamboo       fulgens | ATLANTA     27 Feb 2000 A01001   Transfer | WHEELING    19 Dec 2005   3596   Transfer
9808,M,15 Jun 1998,9141,9144,fulgens,,,GREENVISC   15 Jun 1998 98G020   Birth      Pip          fulgens | ATLANTA     27 Feb 2000 A01002   Transfer | TREVOR       4 Jun 2002 A2M617   Transfer | 23 Jan 2003 A2M617   Transfer | PHILADELP   24 Oct 2008 104618   Transfer
9817,M,15 Jun 1998,8502,9611,fulgens,,1998-06-15,LANSING     15 Jun 1998   2265   Birth                   fulgens | 15 Jun 1998          Death | [Death by: Unknown means]
9818,F,15 Jun 1998,8502,9611,fulgens,,1998-06-17,LANSING     15 Jun 1998   2266   Birth                   fulgens | 17 Jun 1998          Death | [Death by: Unknown means]
9829,M,15 Jun 1998,9019,9038,fulgens,,,ESKILSTUN   15 Jun 1998    963   Birth      BOOTS        fulgens | KESSINGLA   16 Jan 2000   M201   Transfer | BANHAM      19 Jul 2000   3289   Transfer
9830,F,15 Jun 1998,9019,9038,fulgens,,,ESKILSTUN   15 Jun 1998    964   Birth      ESMERALDA    fulgens | AACHEN ZO   11 Nov 1999    964   Transfer | MADRID Z    13 Nov 2002   PR75   Transfer
9836,?,16 Jun 1998,9102,9132,fulgens,,1998-06-26,KREFELD     16 Jun 1998   1100   Birth                   fulgens | 26 Jun 1998          Death | [Death by: Unknown means]
9852,F,16 Jun 1998,9128,9003,fulgens,,1998-11-21,BUSSOLENG 16 Jun 1998 AFF009     Birth      MAJ          fulgens | 21 Nov 1998            Death | [Death by: Environ/Behav conditions   Unknown   Generalized    Nutrition]
9853,M,16 Jun 1998,9128,9003,fulgens,,,BUSSOLENG   16 Jun 1998 AFF010   Birth      CHANG        fulgens
9879,F,17 Jun 1998,9305,94101,fulgens,,,DARJEELIN   17 Jun 1998 ______   Birth      ANNE         fulgens
9880,F,17 Jun 1998,9305,94101,fulgens,,,DARJEELIN   17 Jun 1998 ______   Birth      MINI         fulgens | WILD               ~ 2003    NONE     Release
9803,M,19 Jun 1998,9618,9526,fulgens,,,DETROIT       19 Jun 1998   6618      Birth      HE-PING                fulgens | KNOXVILLE     17 Dec 1999   1902      Transfer | SACRAMNTO     30 Mar 2001 101035      Transfer | MILWAUKEE      8 Nov 2001   4828      Transfer | 20 Jan 2003   4828      Transfer | DENVER        28 Nov 2007 A07472      Transfer
9804,M,19 Jun 1998,9618,9526,fulgens,,,DETROIT       19 Jun 1998   6619      Birth      JU-LONG                fulgens | SANDIEGOZ     29 Feb 2000 500050      Transfer
9854,?,19 Jun 1998,9321,9324,fulgens,,1998-07-30,AALBORG       19 Jun 1998   FUL5      Birth                             fulgens | 30 Jul 1998             Death | [Death by: Other/Unknown        Incinerate       Necropsy planned later    Unknown after necropsy]
98023,F,20 Jun 1998,92135,9599,styani,WAKABA,1999-03-02,NISHISONO     20 Jun 1998 ______      Birth      WAKABA    JAZGA 371C   styani | 2 Mar 1999             Death | [Death by: Unknown means]
9858,?,21 Jun 1998,9658,9665,fulgens,,1998-06-28,MARWELL       21 Jun 1998    4140     Birth     No:037                  fulgens | 28 Jun 1998             Death | [Death by: Other/Unknown        Incinerate       No necropsy planned    Unknown after necropsy]
9859,M,21 Jun 1998,9658,9665,fulgens,,1998-06-30,MARWELL       21 Jun 1998    4141     Birth     M20                     fulgens | 30 Jun 1998             Death | [Death by: Other/Unknown        Incinerate       No necropsy planned    Unknown after necropsy]
9820,?,22 Jun 1998,9529,9243,fulgens,,1998-06-22,NASHV ZOO     22 Jun 1998 940941      Birth                             fulgens | 22 Jun 1998             Death | [Death by: Environ/Behav conditions          Unknown     No necropsy planned    Unknown after necropsy]
9811,M,23 Jun 1998,9146,9087,fulgens,,,PHILADELP     23 Jun 1998 103607      Birth      Madan                  fulgens | 15 Feb 2002 103607      Transfer | MEMPHIS       14 Dec 2006 22194       Transfer
9812,F,23 Jun 1998,9146,9087,fulgens,,,PHILADELP     23 Jun 1998 103608      Birth      Maggie                 fulgens | MANHATTAN     10 Sep 1998 980064      Transfer | SACRAMNTO     29 Oct 1999 101014      Transfer | BUFFALO       30 Mar 2001 M01028      Transfer | SCOTTSBLU      9 Mar 2006   1376      Transfer
9850,?,23 Jun 1998,9659,9673,,,1998-07-17,WHIPSNADE | 23 Jun 1998 L3134     Birth                           fulgens | 17 Jul 1998           Death | [Death by: Environ/Behav conditions   Unknown  Digestive             Nutrition]
9819,F,24 Jun 1998,9354,9363,fulgens,,1998-06-24,NASHV ZOO  24 Jun 1998 940940     Birth                       fulgens | 24 Jun 1998            Death | [Death by: Other/Unknown        Unknown    Necropsy planned later   Unknown after necropsy]
9856,M,24 Jun 1998,8738,9004,fulgens,,2002-05-01,MADRID Z      24 Jun 1998   PR68     Birth     MARCELO        fulgens | 1 May 2002            Death | [Death by: Other/Unknown         Unknown   Generalized   Unknown after necropsy]
9869,?,25 Jun 1998,9565,9355,fulgens,,1998-06-27,BELFAST 25 Jun 1998   3237     Birth                          fulgens | 27 Jun 1998            Death | [Death by: Malicious destruction   Unknown   Unknown (after necropsy)]
9870,?,25 Jun 1998,9565,9355,fulgens,,1998-06-27,BELFAST 25 Jun 1998   3238     Birth                          fulgens | 27 Jun 1998            Death | [Death by: Malicious destruction   Unknown   Unknown (after necropsy)]
9866,M,26 Jun 1998,9082,9012,fulgens,,1998-07-01,BERLINZOO     26 Jun 1998 980204     Birth                    fulgens | 1 Jul 1998            Death | [Death by: Unknown means]
9867,M,26 Jun 1998,9082,9012,fulgens,,1998-07-01,BERLINZOO     26 Jun 1998 980205     Birth                    fulgens | 1 Jul 1998            Death | [Death by: Unknown means]
9868,F,26 Jun 1998,9082,9012,fulgens,,1998-07-01,BERLINZOO     26 Jun 1998 980206     Birth                    fulgens | 1 Jul 1998            Death | [Death by: Unknown means]
9821,?,27 Jun 1998,9205,9111,fulgens,,1998-06-30,BUFFALO       27 Jun 1998 98M103     Birth                    fulgens | 30 Jun 1998            Death | [Death by: Unknown means]
9822,M,27 Jun 1998,9381,9380,styani,,2004-02-06,CINCINNAT     27 Jun 1998 198078     Birth        CHANG       styani | FARGO         21 Apr 1999 199003     Transfer | 6 Feb 2004            Death | [Death by: Unknown means]
9823,M,27 Jun 1998,9381,9380,styani,,,CINCINNAT     27 Jun 1998 198079     Birth        Tae Bo      styani | BATTLE CR     17 Jun 1999 99M46      Transfer | NASHV ZOO      9 Jul 2002 1817T      Transfer | GREENBAY      28 May 2003 200302     Transfer
9824,F,27 Jun 1998,9381,9380,styani,,,CINCINNAT     27 Jun 1998 198080     Birth                             styani | SHADOW        23 Mar 1999 ______ ltf Transfer
9851,?,27 Jun 1998,9317,9643,fulgens,,1998-06-27,WHIPSNADE    27 Jun 1998 L3135      Birth                              fulgens | 27 Jun 1998            Death | [Death by: Stillbirth      Incinerate   Unknown (after necropsy)]
9857,F,27 Jun 1998,9303,9320,fulgens,,2006-12-29,KRISTIANS     27 Jun 1998 AIL009     Birth                             fulgens | AACHEN ZO     30 Nov 1999 ______     Transfer | 29 Dec 2006            Death | [Death by: Unknown means]
9810,M,28 Jun 1998,9350,9352,fulgens,,1998-06-28,SIOUX FAL     28 Jun 1998   2203     Birth                             fulgens | 28 Jun 1998            Death | [Death by: Other/Unknown       Given to an institution:    Unknown (after necropsy)]
9875,M,29 Jun 1998,9404,95127,fulgens,,2004-02-01,DARJEELIN     29 Jun 1998 ______     Birth       RAVI                  fulgens | 1 Feb 2004            Death | [Death by: Unknown means]
9876,F,29 Jun 1998,9404,95127,fulgens,,2002-06-11,DARJEELIN     29 Jun 1998 ______     Birth       UMA                   fulgens | 11 Jun 2002            Death | [Death by: Unknown means]
9877,M,29 Jun 1998,9404,95127,fulgens,,1998-09-01,DARJEELIN     29 Jun 1998 ______     Birth       TONY                  fulgens | 1 Sep 1998            Death | [Death by: Unknown means]
9878,F,29 Jun 1998,9404,95127,fulgens,,2002-06-11,DARJEELIN     29 Jun 1998 ______     Birth       ROSI                  fulgens | 11 Jun 2002            Death | [Death by: Unknown means]
98024,M,29 Jun 1998,9049,93107,styani,TANTAN,2007-12-15,TOKYOTAMA     29 Jun 1998   2386     Birth       TANTAN   JAZGA 372C   styani | 15 Dec 2007            Death | [Death by: Unknown means]
98025,F,29 Jun 1998,9049,93107,styani,RANRAN,1999-07-20,TOKYOTAMA     29 Jun 1998   2387     Birth       RANRAN   JAZGA 373C   styani | 20 Jul 1999            Death | [Death by: Other/Unknown       Given to an institution:      Respiratory      Bacterial]
98026,M,29 Jun 1998,9054,8844,styani,KENTA,,HIMEHI SH     29 Jun 1998 ______       Birth      KENTA       JAZGA 374C   styani
9862,F,30 Jun 1998,9582,8958,fulgens,,,LA FRONTI     30 Jun 1998    PR17      Birth      Renia                    fulgens
9863,M,1 Jul 1998,9582,9331,fulgens,,2005-12-25,LA FRONTI      1 Jul 1998   PR18       Birth      SEGURO                   fulgens | MADRID Z       3 Mar 2000   PR71       Transfer | AACHEN ZO      1 Jan 2003 ______       Transfer | 25 Dec 2005              Death | [Death by: Unknown means]
00131,?,1 Jul 1998,9553,9554,fulgens,,1998-07-02,LONDON RP      1 Jul 1998   A3924      Birth                               fulgens | 2 Jul 1998              Death | [Death by: Unknown means]
00132,M,1 Jul 1998,9553,9554,fulgens,,1998-07-03,LONDON RP      1 Jul 1998 A3925      Birth                                 fulgens | 3 Jul 1998            Death | [Death by: Other/Unknown       Given to an institution:    Unknown (after necropsy)]
00133,M,~ 1998,UNK,UNK,styani,,2003-09-01,CHENGDU            ~ 1998 ______       Birth                               styani | BEIJING          ????     ______       Transfer | SINGAPORE     30 Oct 2000 G7816        Transfer | 1 Sep 2003              Death | [Death by: Unknown means]
00134,M,~ 1998,WILD,WILD,styani,,2002-07-10,CHINA              ~ 1998   NONE       Capture                             styani | BEIJING          ????     ______       Transfer | SINGAPORE     30 Oct 2000 G7813        Transfer | 10 Jul 2002              Death | [Death by: Unknown means]
9839,?,3 Jul 1998,9227,9045,fulgens,,1998-07-05,RHENEN         3 Jul 1998 M01201       Birth                               fulgens | 5 Jul 1998              Death | [Death by: Unknown means]
9840,?,3 Jul 1998,9227,9045,fulgens,,1998-07-05,RHENEN         3 Jul 1998 M01202       Birth                               fulgens | 5 Jul 1998              Death | [Death by: Unknown means]
98027,M,3 Jul 1998,9182,8758,styani,JAZGA,1998-07-03,SENDAISHI      3 Jul 1998 ______       Birth                  JAZGA 375C   styani | 3 Jul 1998              Death | [Death by: Unknown means]
98028,M,3 Jul 1998,9185,9256,styani,JAZGA,1998-07-28,HIRAKATA       3 Jul 1998 ______     Birth                JAZGA 376C   styani | 28 Jul 1998            Death | [Death by: Unknown means]
98029,?,3 Jul 1998,9185,9256,styani,JAZGA,1998-07-07,HIRAKATA       3 Jul 1998 ______     Birth                JAZGA 377C   styani | 7 Jul 1998            Death | [Death by: Unknown means]
98030,?,3 Jul 1998,9185,9256,styani,JAZGA,1998-07-23,HIRAKATA       3 Jul 1998 ______     Birth                JAZGA 378C   styani | 23 Jul 1998            Death | [Death by: Unknown means]
98031,F,3 Jul 1998,9493,9172,styani,JAZGA,,MITO CHO       3 Jul 1998 ______     Birth                JAZGA 379C   styani
98032,F,3 Jul 1998,9493,9172,styani,JAZGA,,MITO CHO       3 Jul 1998 ______     Birth                JAZGA 380C   styani
9809,F,4 Jul 1998,9076,8951,fulgens,,2006-11-20,KNOXVILLE      4 Jul 1998   1842     Birth      BETSY                  fulgens | DETROIT        5 Feb 2000   7674     Transfer | MINNESOTA      7 Nov 2001 10457      Transfer | KANSASCTY     23 Dec 2005 M05087     Transfer | 20 Nov 2006            Death | [Death by: Unknown means]
9861,F,4 Jul 1998,9410,9429,fulgens,,,KLEVE          4 Jul 1998 TIERGA     Birth                             fulgens | PLANCKNDL     30 Aug 1999 005012     Transfer
98033,M,4 Jul 1998,9449,9492,styani,RAI,,SHIRAHAMA      4 Jul 1998 ______     Birth      RAI       JAZGA 381C   styani
98034,F,4 Jul 1998,9449,9492,styani,HUU-HUU,,SHIRAHAMA      4 Jul 1998 ______     Birth      HUU-HUU   JAZGA 382C   styani | KOCHI NOI      9 Jan 2002 ______     Transfer
9825,M,6 Jul 1998,9091,9473,styani,,1998-08-05,CINCINNAT      6 Jul 1998 198085     Birth                             styani | 5 Aug 1998            Death | [Death by: Other/Unknown       Rendered   Unknown (after necropsy)]
98035,M,7 Jul 1998,9059,8922,styani,TEN-TEN,,ICHIKAWA       7 Jul 1998 ______     Birth      TEN-TEN   JAZGA 383C   styani
98036,F,7 Jul 1998,9254,9171,styani,JAZGA,1998-07-08,ASAHIKAWA      7 Jul 1998 ______     Birth                JAZGA 384C   styani | 8 Jul 1998            Death | [Death by: Unknown means]
9864,M,9 Jul 1998,9127,9113,fulgens,,1998-12-31,COPENHAGE      9 Jul 1998 RED007     Birth                                fulgens | 31 Dec 1998            Death | [Death by: Other/Unknown       Rendered   Unknown (after necropsy)]
9865,F,9 Jul 1998,9127,9113,fulgens,,1999-01-06,COPENHAGE  9 Jul 1998 RED008          Birth                               fulgens | 6 Jan 1999                 Death | [Death by: Environ/Behav conditions   Rendered        Generalized     Nutrition]
9815,M,11 Jul 1998,9467,9465,fulgens,,1998-07-13,BATTLE CR     11 Jul 1998 98M25      Birth                                fulgens | 13 Jul 1998            Death | [Death by: Environ/Behav conditions       Bury      Generalized   Unknown after necropsy]
9816,M,11 Jul 1998,9467,9465,fulgens,,1998-08-25,BATTLE CR     11 Jul 1998 98M26       Birth      HON HO                   fulgens | 25 Aug 1998             Death | [Death by: Other/Unknown       Unknown   Digestive    Nutrition]
9805,F,12 Jul 1998,8965,9032,fulgens,,,MANHATTAN     12 Jul 1998 980059      Birth      Huan-Huan                fulgens | SACRAMNTO     29 Oct 1999 101015      Transfer | 1 Jan 2000 101015      Transfer | OR WILDLF     26 Apr 2001 98690       Transfer | BLOOMINGT     22 Jan 2009 M09002      Transfer
9806,F,12 Jul 1998,8965,9032,fulgens,,,MANHATTAN     12 Jul 1998 980060      Birth      Ashia                    fulgens | SACRAMNTO     29 Oct 1999 101016      Transfer | 1 Jan 2000 101016      Transfer | OR WILDLF     26 Apr 2001 98689       Transfer
98037,F,17 Jul 1998,8929,9280,styani,JAZGA,1998-07-17,TOKUYAMA      17 Jul 1998 ______      Birth                  JAZGA 385C   styani | 17 Jul 1998             Death | [Death by: Unknown means]
9841,F,18 Jul 1998,8613,8721,fulgens,,,ZURICH        18 Jul 1998 980030      Birth      WITSNUIT                 fulgens | PLANCKNDL     16 Sep 1999 005013      Transfer | ANTWERP       17 Dec 2003 M10586      Transfer
9846,F,19 Jul 1998,9373,9371,fulgens,,1998-07-21,EDINBURGH     19 Jul 1998 98GB11      Birth                               fulgens | 21 Jul 1998             Death | [Death by: Unknown means]
9847,M,19 Jul 1998,9373,9371,fulgens,,2008-02-19,EDINBURGH     19 Jul 1998 98GB12      Birth      Raka                     fulgens | BIRMNGHAM     25 Jan 2008    727      Transfer | 19 Feb 2008           Death | [Death by: Unknown means]
9848,F,19 Jul 1998,9373,9371,fulgens,,1998-08-01,EDINBURGH   19 Jul 1998 98GB13    Birth                      fulgens | 1 Aug 1998           Death | [Death by: Unknown means]
9813,F,21 Jul 1998,8950,9212,fulgens,,1998-07-22,INDIANAPL  21 Jul 1998 980107     Birth                      fulgens | 22 Jul 1998            Death | [Death by: Other/Unknown        Unknown    Necropsy planned later   Unknown after necropsy]
9814,F,21 Jul 1998,8950,9212,,,1998-07-26,INDIANAPL | 21 Jul 1998 980108      Birth                        fulgens | BATTLE CR | 23 Jul 1998 98M27       Transfer | 26 Jul 1998             Death | [Death by: Infection associated   Bury   Generalized    Unknown after necropsy]
9837,M,8 Aug 1998,9125,8953,fulgens,,1998-08-14,YARMOUTH     8 Aug 1998 ______    Birth                      fulgens | 14 Aug 1998           Death | [Death by: Unknown means]
9838,M,8 Aug 1998,9125,8953,fulgens,,1998-08-20,YARMOUTH     8 Aug 1998 ______    Birth                      fulgens | 20 Aug 1998           Death | [Death by: Unknown means]
9874,F,21 Dec 1998,9328,9777,fulgens,,,AUCKLAND    21 Dec 1998 980144    Birth        SINGALOO      fulgens | MOGO        14 Mar 2002 A20011    Transfer | ~ May 2003           Death | [Death by: Unknown means]
9873,M,22 Dec 1998,9328,9777,fulgens,,,AUCKLAND    22 Dec 1998 980143    Birth        Mungojerre    fulgens | HAMILTON    11 Nov 1999 990116    Transfer | NEWPLYMOU   28 Jul 2006 520360    Transfer
9881,M,22 Dec 1998,9124,9680,,,1998-12-25,JOHANSBRG | 22 Dec 1998   3851        Birth                      fulgens | 25 Dec 1998               Death | [Death by: Environ/Behav conditions   Incinerate      Generalized      Trauma]
9882,F,22 Dec 1998,9124,9680,,,1998-12-25,JOHANSBRG | 22 Dec 1998   3852        Birth                      fulgens | 25 Dec 1998               Death | [Death by: Environ/Behav conditions   Incinerate      Digestive      Trauma]
9800,M,23 Dec 1998,9124,9679,fulgens,,2002-01-10,JOHANSBRG   23 Dec 1998   3850    Birth        ZEUS          fulgens | BOSHOFF C    5 Feb 1999 ______    Transfer | 10 Jan 2002           Death | [Death by: Unknown means]
9975,M,1 Jan 1999,9124,9202,fulgens,,2001-04-28,JOHANSBRG  1 Jan 1999   3848     Birth                  fulgens | KRAAIFONT 26 Jan 2000 ______     Transfer | 28 Apr 2001            Death | [Death by: Infection associated   Unknown   Cardiovascular   Trauma]
9976,M,1 Jan 1999,9124,9202,fulgens,,2004-07-27,JOHANSBRG    1 Jan 1999    3849   Birth                 fulgens | TRNSV SNK   23 Apr 2001     315   Transfer | 27 Jul 2004           Death | [Death by: Unknown means]
9952,F,21 Jan 1999,9368,9432,fulgens,,,PERTH       21 Jan 1999 990038    Birth      Sogyal     fulgens | HAMILTON    11 Nov 1999 990115    Transfer | SYDNEY      13 Sep 2001 A10376    Transfer | ADELAIDE    29 Jun 2006 A60321    Transfer
9953,F,21 Jan 1999,9368,9432,fulgens,,2009-02-27,PERTH       21 Jan 1999 990039    Birth      MISHA      fulgens | MOGO         1 Sep 1999 990005    Transfer | HELLINSBU    6 Oct 2006 A60001    Transfer | 27 Feb 2009           Death | [Death by: Unknown means]
9959,F,29 May 1999,9666,9559,fulgens,,,BRISTOL     29 May 1999   2790    Birth      Li Yee     fulgens | LYMPNE      19 Apr 2000 P20015    Transfer
9960,F,29 May 1999,9666,9559,fulgens,,2008-12-02,BRISTOL     29 May 1999   2791    Birth      SHU FANG   fulgens | LYMPNE      19 Apr 2000 P20014    Transfer | 2 Dec 2008           Death | [Death by: Unknown means]
99105,M,30 May 1999,9650,97116,fulgens,,2002-01-18,DARJEELIN   30 May 1999 ______    Birth      MITRA      fulgens | 18 Jan 2002           Death | [Death by: Unknown means]
99110,M,30 May 1999,9650,97116,fulgens,,1999-12-11,DARJEELIN   30 May 1999   TDJ02   Birth      MIKHI      fulgens | 11 Dec 1999           Death | [Death by: Unknown means]
9905,?,31 May 1999,9205,9111,fulgens,,1999-05-31,BUFFALO     31 May 1999   99M86   Birth                 fulgens | 31 May 1999            Death | [Death by: Premature birth     Unknown   Unknown (after necropsy)]
9901,F,8 Jun 1999,9145,9148,fulgens,,,NZP-CRC      8 Jun 1999 113422     Birth      Beckie       fulgens | CAPE MAY    19 Mar 2002   3049     Transfer | SACRAMNTO    7 Dec 2006 101106     Transfer
9902,F,8 Jun 1999,9145,9148,fulgens,,2006-12-25,NZP-CRC      8 Jun 1999 113423     Birth      Sally        fulgens | CAPE MAY    19 Mar 2002   3050     Transfer | 25 Dec 2006            Death | [Death by: Unknown means]
9913,?,8 Jun 1999,9095,9708,styani,,1999-06-08,COLUMBUS     8 Jun 1999 992035     Birth                   styani | 8 Jun 1999            Death | [Death by: Unknown means]
9914,?,8 Jun 1999,9095,9708,styani,,1999-06-08,COLUMBUS     8 Jun 1999 992036     Birth                   styani | 8 Jun 1999            Death | [Death by: Unknown means]
9915,?,8 Jun 1999,9095,9708,styani,,1999-06-08,COLUMBUS     8 Jun 1999 992037     Birth                   styani | 8 Jun 1999            Death | [Death by: Unknown means]
9944,M,10 Jun 1999,9309,9417,fulgens,,,WHIPSNADE   10 Jun 1999 L3391      Birth      M24 PAPRIK   fulgens | MARWELL      9 May 2000   4993     Transfer | HUNBSTRND   16 Sep 2005 205076     Transfer
9945,F,10 Jun 1999,9553,9554,fulgens,,2001-02-28,LONDON RP   10 Jun 1999   A4138    Birth                   fulgens | WHIPSNADE   20 Jul 2000   L3577    Transfer | 28 Feb 2001            Death | [Death by: Unknown means]
9946,F,10 Jun 1999,9553,9554,fulgens,,,LONDON RP   10 Jun 1999   A4144    Birth                   fulgens | WHIPSNADE   25 Jun 2001   L3767    Transfer
9956,?,11 Jun 1999,9046,9644,fulgens,,1999-06-12,PAIGNTON  11 Jun 1999   1582     Birth     L61/7           fulgens | 12 Jun 1999            Death | [Death by: Environ/Behav conditions   Unknown   No necropsy planned]
9969,F,11 Jun 1999,9659,9673,fulgens,,1999-06-12,WHIPSNADE   11 Jun 1999   L3338    Birth                   fulgens | 12 Jun 1999            Death | [Death by: Injury from exhibit mate         Incinerate   Generalized      Trauma]
9970,?,11 Jun 1999,9659,9673,fulgens,,1999-07-16,WHIPSNADE  11 Jun 1999 L3339      Birth                        fulgens | 16 Jul 1999            Death | [Death by: Other/Unknown        Unknown    No necropsy planned   Unknown after necropsy]
9939,F,14 Jun 1999,9019,9038,fulgens,,,ESKILSTUN     14 Jun 1999    969     Birth        ESCAPE       fulgens | LA PLAINE      3 Aug 2001 SA0106     Transfer
9940,M,14 Jun 1999,9019,9038,fulgens,,1999-08-31,ESKILSTUN     14 Jun 1999     970    Birth                     fulgens | 31 Aug 1999            Death | [Death by: Unknown means]
9947,M,14 Jun 1999,9558,9556,fulgens,,,BURFORD       14 Jun 1999   MM327    Birth        PuYi         fulgens | COLWYNBAY     31 Jul 2000    1432    Transfer
9948,M,14 Jun 1999,9558,9556,fulgens,,,BURFORD       14 Jun 1999 MM328      Birth        Xian         fulgens | YARMOUTH      12 May 2000 ______     Transfer
9925,M,15 Jun 1999,9240,9126,fulgens,,1999-07-02,LISBON     15 Jun 1999    6537      Birth                      fulgens | 2 Jul 1999             Death | [Death by: Injury from exhibit mate         Incinerate    Generalized    Unknown after necropsy]
9926,?,15 Jun 1999,9240,9126,fulgens,,1999-07-05,LISBON     15 Jun 1999    6538      Birth                      fulgens | 5 Jul 1999             Death | [Death by: Injury from exhibit mate         Incinerate    Generalized    Unknown after necropsy]
9907,M,16 Jun 1999,9091,9473,styani,,2004-09-11,CINCINNAT     16 Jun 1999 199081     Birth        Rusty        styani | AKRON         15 Nov 2001 A11333     Transfer | 11 Sep 2004            Death | [Death by: Unknown means]
9908,F,16 Jun 1999,9091,9473,styani,,,CINCINNAT     16 Jun 1999 199082     Birth                     styani | MILLER R      11 Jan 2000 ______ ltf Transfer
9909,?,16 Jun 1999,9091,9473,styani,,1999-06-22,CINCINNAT     16 Jun 1999 199083     Birth                     styani | 22 Jun 1999            Death | [Death by: Unknown means]
9923,F,16 Jun 1999,9252,9004,fulgens,,2001-04-14,MADRID Z      16 Jun 1999   PR69     Birth     MARISA          fulgens | 14 Apr 2001            Death | [Death by: Other/Unknown         Unknown   Generalized   Unknown after necropsy]
9924,M,16 Jun 1999,9252,9004,fulgens,,,MADRID Z    16 Jun 1999    PR70    Birth      MARCIAL                   fulgens
9937,?,16 Jun 1999,9304,9322,fulgens,,,ODENSE      16 Jun 1999   AIL6     Birth                                fulgens | UNKNOWN     25 Jun 1999 ______ ltf Transfer
9938,M,16 Jun 1999,8865,8824,fulgens,,,KOLN        16 Jun 1999   2464     Birth      NIRMA                     fulgens | NEUWIED     10 Jun 2003 ______     Transfer
9941,?,17 Jun 1999,9316,9311,fulgens,,1999-06-20,DRESDEN Z   17 Jun 1999 196446     Birth                                fulgens | 20 Jun 1999            Death | [Death by: Unknown means]
9966,M,17 Jun 1999,9658,9637,fulgens,,,WP KIRKCU   17 Jun 1999 99WPK3     Birth      BEIJING                   fulgens | COLWYNBAY   12 Dec 2000   1498     Transfer | NEWQUAY      8 Jun 2006    478     Transfer
9967,?,17 Jun 1999,9658,9637,fulgens,,1999-06-17,WP KIRKCU   17 Jun 1999 ______     Birth                                fulgens | 17 Jun 1999            Death | [Death by: Unknown means]
99106,M,18 Jun 1999,9305,94101,fulgens,,2002-02-05,DARJEELIN   18 Jun 1999 ______     Birth      SHIBU                     fulgens | 5 Feb 2002            Death | [Death by: Unknown means]
99111,F,18 Jun 1999,9305,94101,fulgens,,1999-12-06,DARJEELIN   18 Jun 1999   TDJ03    Birth      TANYA                     fulgens | 6 Dec 1999            Death | [Death by: Unknown means]
9977,F,19 Jun 1999,9281,9282,styani,JAZGA,,KAWASAKI    19 Jun 1999 ______     Birth                   JAZGA 390C   styani
9929,M,20 Jun 1999,9005,9319,fulgens,,,HUNBSTRND   20 Jun 1999 990108     Birth      0'BOY BB 6                fulgens | HILVARENB   17 May 2001 M99108     Transfer | PEAUGRES    30 Apr 2003    899     Transfer
9930,M,20 Jun 1999,9005,9319,fulgens,,,HUNBSTRND   20 Jun 1999 990109     Birth      MANFRED                   fulgens | HILVARENB   17 May 2001 M99109     Transfer | HANNOVER     8 Feb 2004   V780     Transfer
9931,F,20 Jun 1999,9005,9319,fulgens,,2003-05-29,HUNBSTRND   20 Jun 1999 990110     Birth      KOKOS                     fulgens | LA PLAINE   18 May 2001 SA0058     Transfer | 29 May 2003            Death | [Death by: Unknown means]
9957,M,20 Jun 1999,9658,9665,fulgens,,1999-07-13,MARWELL 20 Jun 1999   4616          Birth     M22                    fulgens | 13 Jul 1999                 Death | [Death by: Other/Unknown        Given to an institution:    Generalized        Unknown after necropsy]
9958,M,20 Jun 1999,9658,9665,fulgens,,1999-08-18,MARWELL 20 Jun 1999   4617          Birth     M23 MULAN              fulgens | 18 Aug 1999                 Death | [Death by: Other/Unknown        Given to an institution:    Generalized        Unknown after necropsy] | T344     ?    21 Jun 1999       9102      9132     KREFELD     21 Jun 1999    1180     Birth                            fulgens | 17 Jul 1999             Death | [Death by: Unknown means]
99113,M,22 Jun 1999,95126,9430,fulgens,,,GANGTOK     22 Jun 1999 RPM993      Birth      SHERA                 fulgens | WILD        29 Dec 2003   NONE      Release
99114,M,22 Jun 1999,95126,9430,fulgens,,,GANGTOK     22 Jun 1999 RPM994      Birth      MICKEY                fulgens | WILD        29 Dec 2003   NONE      Release
9927,?,23 Jun 1999,9240,9575,fulgens,,1999-07-18,LISBON     23 Jun 1999     6550     Birth                            fulgens | 18 Jul 1999              Death | [Death by: Infection associated           Given to an institution:      Generalized   Bacterial]
9928,F,23 Jun 1999,9240,9575,fulgens,,,LISBON      23 Jun 1999    6551     Birth      Lhassa                fulgens | THOIRY       7 Oct 2001   A1087     Transfer | LA FLECHE   28 Oct 2004     349     Transfer
9932,M,24 Jun 1999,9227,9045,fulgens,,,RHENEN      24 Jun 1999 M01349      Birth                            fulgens | FRANKFURT    2 Oct 2000 39856       Transfer | LA PLAINE   22 Aug 2002 SB0063      Transfer
9968,M,25 Jun 1999,9317,9307,fulgens,,,AGRATE      25 Jun 1999    1247     Birth                            fulgens
9906,?,26 Jun 1999,8502,9611,fulgens,,1999-06-30,LANSING     26 Jun 1999    2360     Birth                            fulgens | 30 Jun 1999             Death | [Death by: Unknown means]
9978,M,27 Jun 1999,9254,9171,styani,JAZGA,2005-10-12,ASAHIKAWA   27 Jun 1999 ______      Birth               JAZGA 391C   styani | 12 Oct 2005             Death | [Death by: Unknown means]
9979,M,27 Jun 1999,9254,9171,styani,JAZGA,,ASAHIKAWA   27 Jun 1999 ______    Birth                 JAZGA 392C   styani | TOKOYO       3 Mar 2004 ______    Transfer
99024,F,28 Jun 1999,9141,9144,fulgens,,,GREENVISC   28 Jun 1999 99G021    Birth      Wen-Dee                 fulgens | COLO SPRG   13 Feb 2001 21M019    Transfer | ATASCADER    4 Nov 2003 MO3025    Transfer | INDIANAPL   16 Jun 2004 204089    Transfer | LINCOLN C   11 Nov 2004   1407    Transfer
9919,M,29 Jun 1999,9220,9474,fulgens,,2000-01-01,NY BRONX   29 Jun 1999 991110      Birth     GEORGE                  fulgens | 1 Jan 2000             Death | [Death by: Other/Unknown        Incinerate    Necropsy planned later    Unknown after necropsy]
9920,M,29 Jun 1999,9220,9474,fulgens,,1999-12-26,NY BRONX   29 Jun 1999 991111      Birth                             fulgens | 26 Dec 1999             Death | [Death by: Other/Unknown        Incinerate    Necropsy planned later    Unknown after necropsy]
9942,F,29 Jun 1999,9547,9636,fulgens,,2003-07-06,DUBLIN      29 Jun 1999 99M049    Birth                              fulgens | FOTA        29 Jun 1999   3003    Transfer | 6 Jul 2003           Death | [Death by: Unknown means]
9943,F,29 Jun 1999,9547,9636,fulgens,,,DUBLIN      29 Jun 1999 99M050    Birth                              fulgens | FOTA        29 Jun 1999   3002    Transfer | LISBON       1 Jul 2004   9100    Transfer
9912,F,30 Jun 1999,9381,9380,styani,,2000-06-20,CINCINNAT   30 Jun 1999 199093    Birth      Shen                    styani | COLUMBUS     7 Dec 1999 992061    Transfer | 20 Jun 2000           Death | [Death by: Unknown means]
9933,F,30 Jun 1999,9853,9739,fulgens,,,BUSSOLENG   30 Jun 1999 AFF012    Birth                              fulgens | AGRATE      29 Jan 2002   1396    Transfer
9934,M,30 Jun 1999,9853,9739,fulgens,,,BUSSOLENG   30 Jun 1999 AFF013    Birth                              fulgens | VIENNA      22 Apr 2002 M2427     Transfer
9935,F,30 Jun 1999,9128,9003,fulgens,,1999-07-06,BUSSOLENG   30 Jun 1999 AFF014    Birth                              fulgens | 6 Jul 1999           Death | [Death by: Unknown means]
9936,M,30 Jun 1999,9128,9003,fulgens,,,BUSSOLENG   30 Jun 1999 AFF015    Birth                              fulgens | VIENNA        20 Apr 2004   M2765    Transfer | MARWELL       17 Feb 2005    7044    Transfer
9980,M,30 Jun 1999,UNK,UNK,styani,SHAO,1999-07-01,ITOZU         30 Jun 1999 ______     Birth      SHAO   JAZGA 393C   styani | 1 Jul 1999            Death | [Death by: Unknown means]
9910,M,1 Jul 1999,9381,9380,styani,,2000-06-11,CINCINNAT      1 Jul 1999 199091     Birth      Ghan                styani | COLUMBUS       7 Dec 1999 992062     Transfer | 11 Jun 2000            Death | [Death by: Unknown means]
9911,M,1 Jul 1999,9381,9380,styani,,,CINCINNAT      1 Jul 1999 199092     Birth                          styani | MILLER R      11 Jan 2000 ______ ltf Transfer
9971,M,2 Jul 1999,9642,9419,fulgens,,2003-03-13,FONTAINE    2 Jul 1999 77AF22      Birth                            fulgens | HELSINKI    9 Jan 2001 201001      Transfer | 13 Mar 2003             Death | [Death by: Infection associated         Given to an institution: NAT VET INS    Cardiovascular   Unknown after necropsy]
9972,M,2 Jul 1999,9642,9419,fulgens,,2004-02-09,FONTAINE       2 Jul 1999 77AF23     Birth                          fulgens | AALBORG       28 Jun 2001   FUL6     Transfer | 9 Feb 2004            Death | [Death by: Unknown means]
99101,?,2 Jul 1999,8602,9115,fulgens,,2001-04-06,HIGASHIIZ      2 Jul 1999    394H    Birth                          fulgens | 6 Apr 2001            Death | [Death by: Unknown means]
99102,F,2 Jul 1999,8602,9115,fulgens,,,HIGASHIIZ      2 Jul 1999    395H    Birth                          fulgens
9981,M,3 Jul 1999,92135,92136,styani,LEON,2002-09-16,NISHISONO      3 Jul 1999 ______      Birth     LEON   JAZGA 396C   styani | MISAKI        12 Apr 2002 ______      Transfer | 16 Sep 2002             Death | [Death by: Infection associated         Unknown      Respiratory    Unknown after necropsy]
9982,M,3 Jul 1999,8977,9444,styani,JAZGA,1999-07-03,TOHOKU PK      3 Jul 1999 ______     Birth             JAZGA 397C   styani | 3 Jul 1999            Death | [Death by: Unknown means]
9973,M,4 Jul 1999,9405,9420,fulgens,,2000-11-30,FONTAINE       4 Jul 1999 77AF25     Birth                          fulgens | EPE           11 Apr 2000 100634     Transfer | OVERLOON  12 Apr 2000 300041        Transfer | 30 Nov 2000               Death | [Death by: Other/Unknown        Given to an institution:    Generalized      Unknown after necropsy]
9974,M,4 Jul 1999,9405,9420,fulgens,,,FONTAINE      4 Jul 1999 77AF24     Birth       PARUS                  fulgens | EPE          11 Apr 2000 100633     Transfer | OVERLOON     12 Apr 2000 300040     Transfer | EPE          22 Aug 2001 100633     Transfer
9983,F,5 Jul 1999,93112,9280,styani,L25,1999-07-07,TOKUYAMA      5 Jul 1999 ______     Birth       L25       JAZGA 398C   styani | 7 Jul 1999            Death | [Death by: Unknown means]
9916,F,6 Jul 1999,9705,9465,fulgens,,1999-07-06,BATTLE CR     6 Jul 1999 99M47     Birth                               fulgens | 6 Jul 1999           Death | [Death by: Stillbirth      Bury     Generalized  Genetic/Prenatal]
9917,F,6 Jul 1999,9705,9465,fulgens,,1999-07-10,BATTLE CR      6 Jul 1999 99M48     Birth                              fulgens | 10 Jul 1999           Death | [Death by: Other/Unknown         Bury   Generalized  Unknown after necropsy]
9918,M,6 Jul 1999,9705,9465,fulgens,,1999-07-07,BATTLE CR      6 Jul 1999 99M49     Birth                              fulgens | 7 Jul 1999           Death | [Death by: Other/Unknown         Bury   Generalized  Genetic/Prenatal]
9984,M,6 Jul 1999,9449,9492,styani,SEI,2000-07-06,SHIRAHAMA     6 Jul 1999 ______     Birth       SEI       JAZGA 399C   styani | 6 Jul 2000            Death | [Death by: Unknown means]
9985,F,6 Jul 1999,9449,9492,styani,TEN,1999-09-30,SHIRAHAMA     6 Jul 1999 ______     Birth       TEN       JAZGA 400C   styani | 30 Sep 1999            Death | [Death by: Unknown means]
9903,F,7 Jul 1999,9076,8951,fulgens,,1999-07-08,KNOXVILLE   7 Jul 1999   1885     Birth                                fulgens | 8 Jul 1999            Death | [Death by: Environ/Behav conditions         Given to an institution:    Generalized       Trauma]
9904,M,7 Jul 1999,9076,8951,fulgens,,1999-07-08,KNOXVILLE   7 Jul 1999   1884     Birth                                fulgens | 8 Jul 1999            Death | [Death by: Environ/Behav conditions         Given to an institution:    Generalized       Trauma]
9986,M,7 Jul 1999,9185,9256,styani,JAZGA,,HIRAKATA      7 Jul 1999 ______     Birth                 JAZGA 401C   styani | MISAKI       5 Mar 2003 ______    Transfer
9987,M,7 Jul 1999,9185,9256,styani,JAZGA,,HIRAKATA     7 Jul 1999 ______    Birth               JAZGA 402C   styani | MISAKI       5 Mar 2003 ______    Transfer
9988,F,8 Jul 1999,8977,9445,styani,JAZGA,,TOHOKU PK    8 Jul 1999 ______    Birth               JAZGA 403C   styani
9989,F,8 Jul 1999,8977,9445,styani,JAZGA,,TOHOKU PK    8 Jul 1999 ______    Birth               JAZGA 404C   styani
9990,M,9 Jul 1999,9258,9174,styani,JAZGA,1999-07-09,OKAYAMA      9 Jul 1999 ______    Birth               JAZGA 405C   styani | 9 Jul 1999           Death | [Death by: Unknown means]
9991,F,9 Jul 1999,9258,9174,styani,FANFAN,,OKAYAMA      9 Jul 1999 ______    Birth      FANFAN   JAZGA 406C   styani | TOKYOTAMA   12 May 2001   3534    Transfer
9992,F,9 Jul 1999,9258,9174,styani,JAZGA,,OKAYAMA      9 Jul 1999 ______    Birth               JAZGA 407C   styani | TOBE         9 Apr 2001 ______    Transfer
9993,M,11 Jul 1999,9598,96109,styani,BARON,,HIROSHIMA   11 Jul 1999 ______    Birth      BARON    JAZGA 408C   styani | KUSHIRO Z   18 Jan 2001 ______    Transfer | SHIRAHAMA    7 Apr 2004 ______    Transfer
9994,F,11 Jul 1999,9598,96109,styani,MERON,,HIROSHIMA   11 Jul 1999 ______    Birth      MERON    JAZGA 409C   styani | TOMIOKA     30 Jan 2001 ______    Transfer | ISHIKAWA    15 Jul 2009 ______    Transfer
99107,M,15 Jul 1999,9305,95127,fulgens,,2002-02-11,DARJEELIN   15 Jul 1999   TDJ04   Birth      GAUTAM                fulgens | 11 Feb 2002           Death | [Death by: Unknown means]
99108,M,15 Jul 1999,9404,95127,fulgens,,2000-01-31,DARJEELIN   15 Jul 1999 ______    Birth      KANU                  fulgens | 31 Jan 2000           Death | [Death by: Unknown means]
99109,F,15 Jul 1999,9404,95127,fulgens,,2002-09-26,DARJEELIN   15 Jul 1999 ______    Birth      MILI                  fulgens | 26 Sep 2002           Death | [Death by: Unknown means]
99103,M,19 Jul 1999,8602,8913,fulgens,,1999-08-13,HIGASHIIZ   19 Jul 1999    410H   Birth                            fulgens | 13 Aug 1999           Death | [Death by: Unknown means]
99104,?,19 Jul 1999,8602,8913,fulgens,,1999-07-19,HIGASHIIZ     19 Jul 1999   411H     Birth                                 fulgens | 19 Jul 1999            Death | [Death by: Unknown means]
9995,M,20 Jul 1999,9493,9172,styani,JAZGA,,MITO CHO      20 Jul 1999 ______     Birth                    JAZGA 412C   styani
9996,F,21 Jul 1999,9493,9172,styani,JAZGA,,MITO CHO      21 Jul 1999 ______     Birth                    JAZGA 413C   styani
9921,M,22 Jul 1999,9618,9526,fulgens,,1999-08-17,DETROIT       22 Jul 1999   7377     Birth                                 fulgens | 17 Aug 1999            Death | [Death by: Other/Unknown         Given to an institution:    Unknown (after necropsy)]
9922,M,22 Jul 1999,9618,9526,fulgens,,1999-08-26,DETROIT    22 Jul 1999      7378     Birth                                 fulgens | 26 Aug 1999               Death | [Death by: Euthanasia (medical)         Given to an institution:       Necropsy planned later        Unknown after necropsy]
99112,M,22 Jul 1999,9618,9526,fulgens,,1999-07-22,DETROIT 22 Jul 1999   7379     Birth                                       fulgens | 22 Jul 1999            Death | [Death by: Stillbirth      Given to an institution:    Necropsy planned later           Unknown after necropsy]
9997,M,27 Jul 1999,9049,93107,styani,RYUTARO,2009-02-04,TOKYOTAMA     27 Jul 1999   2751     Birth       RYUTARO      JAZGA 414C   styani | 4 Feb 2009            Death | [Death by: Other/Unknown         Unknown   Respiratory   Trauma]
9998,M,27 Jul 1999,9049,93107,styani,RYUNOSUKE JAZGA,,TOKYOTAMA     27 Jul 1999   2752     Birth       RYUNOSUKE JAZGA 415C      styani | TOBE           8 Apr 2001 ______     Transfer
9961,M,29 Jul 1999,9301,8954,fulgens,,,COLCHESTR     29 Jul 1999 ALL176     Birth       Timphu                    fulgens | BROXBOURN      5 Oct 2000   M116     Transfer | HEIDELBRG     13 Apr 2005 764004     Transfer
9962,F,29 Jul 1999,9373,9371,fulgens,,1999-07-31,EDINBURGH     29 Jul 1999 99GB02     Birth                                 fulgens | 31 Jul 1999            Death | [Death by: Unknown means]
9963,F,29 Jul 1999,9373,9371,fulgens,,,EDINBURGH     29 Jul 1999 99GB03     Birth       Roz                       fulgens | BROXBOURN     28 Sep 2000   1012     Transfer
9949,M,6 Dec 1999,93100,9682,fulgens,,,MELBOURNE      6 Dec 1999 991211     Birth       LAOTZE                    fulgens | HAMILTON       7 Dec 2001 100260     Transfer | YARRALUML      8 Aug 2006 A60009     Transfer
9950,?,6 Dec 1999,93100,9682,fulgens,,1999-12-20,MELBOURNE    6 Dec 1999 991213    Birth                   fulgens | 20 Dec 1999           Death | [Death by: Unknown means]
9951,F,6 Dec 1999,93100,9682,fulgens,,,MELBOURNE    6 Dec 1999 991212    Birth      Amy          fulgens | WELLINGTN   10 Jun 2006 060057    Transfer
9954,M,9 Dec 1999,9584,9583,fulgens,,,WELLINGTN    9 Dec 1999 M99055    Birth      Shahin       fulgens | ADELAIDE    27 Feb 2002 A20141    Transfer
9955,F,9 Dec 1999,9584,9583,fulgens,,,WELLINGTN    9 Dec 1999 M99056    Birth      Kitar        fulgens | KNOXVILLE   18 Jul 2007   3562    Transfer | DES MOINE   20 Nov 2008   2050    Transfer
9964,M,25 Dec 1999,9203,9369,fulgens,,1999-12-26,PRETORIA    25 Dec 1999 907948     Birth                  fulgens | 26 Dec 1999            Death | [Death by: Stranded      Unknown    Unknown (after necropsy)]
9965,M,25 Dec 1999,9203,9369,fulgens,,2000-01-07,PRETORIA   25 Dec 1999 907949     Birth     CHOWLEE       fulgens | 7 Jan 2000            Death | [Death by: Infection associated         Given to an institution:    Respiratory   Bacterial]
0052,M,1 Jan 2000,9119,9202,fulgens,,,SYDNEY       1 Jan 2000 A00002    Birth      SHAYTAN(MA   fulgens
0053,M,1 Jan 2000,9119,9202,fulgens,,,SYDNEY       1 Jan 2000 A00001    Birth      SATHI        fulgens | PERTH        4 Jul 2001 A01434    Transfer | MELBOURNE   24 Apr 2009 A90224    Transfer
0058,F,7 Jan 2000,9203,9786,fulgens,,,PRETORIA     7 Jan 2000 907972    Birth      SVENJA       fulgens | EMERALD     26 Apr 2001 E00035    Transfer
0059,F,7 Jan 2000,9203,9786,fulgens,,,PRETORIA     7 Jan 2000 907973    Birth      MAELE        fulgens | EMERALD     26 Apr 2001 E00036    Transfer
0054,M,12 Jan 2000,9368,9432,fulgens,,2000-07-05,PERTH       12 Jan 2000 A00007    Birth      DARK         fulgens | 5 Jul 2000           Death | [Death by: Unknown means]
0055,F,12 Jan 2000,9368,9432,fulgens,,,PERTH       12 Jan 2000 A00008    Birth      LIGHT        fulgens
0028,M,28 May 2000,9240,9126,fulgens,,2003-11-11,LISBON      28 May 2000   7172    Birth                   fulgens | BRANFERE     4 Oct 2001 ______     Transfer | 11 Nov 2003            Death | [Death by: Unknown means]
0067,M,28 May 2000,9660,9770,fulgens,,2000-06-08,SO LAKES    28 May 2000 AFF005     Birth                     fulgens | 8 Jun 2000            Death | [Death by: Stranded     Given to an institution:    Unknown (after necropsy)]
0068,M,28 May 2000,9660,9770,fulgens,,2000-06-08,SO LAKES    28 May 2000 AFF004     Birth                     fulgens | 8 Jun 2000            Death | [Death by: Stranded     Given to an institution:    Unknown (after necropsy)]
0016,?,30 May 2000,9618,9526,fulgens,,2000-05-30,DETROIT   30 May 2000   7926     Birth                       fulgens | 30 May 2000            Death | [Death by: Stillbirth      Given to an institution:    Generalized   Unknown after necropsy]
0017,M,30 May 2000,9618,9526,fulgens,,2007-12-21,DETROIT     30 May 2000   7927     Birth      Moe            fulgens | SIOUX FAL   19 Apr 2001   2504     Transfer | LINCOLN C    9 Apr 2002   1367     Transfer | SIOUX FAL   19 Oct 2004   2504     Transfer | 21 Dec 2007            Death | [Death by: Unknown means]
0018,M,30 May 2000,9618,9526,fulgens,,2005-11-10,DETROIT     30 May 2000   7928     Birth      SHAO HONG      fulgens | SIOUX FAL   19 Apr 2001   2503     Transfer | LINCOLN C    9 Apr 2002   1368     Transfer | OAKHILL      1 Nov 2004 242028     Transfer | 10 Nov 2005            Death | [Death by: Unknown means]
0019,F,30 May 2000,9618,9526,fulgens,,2000-12-19,DETROIT     30 May 2000   7929     Birth      MEI-XING       fulgens | 19 Dec 2000            Death | [Death by: Environ/Behav conditions        Given to an institution:    Generalized    Nutrition]
0008,M,4 Jun 2000,9095,9708,styani,,,COLUMBUS     4 Jun 2000 200043     Birth      LUM            styani | CLEVELAND   17 Oct 2001 M11027     Transfer | PROSPECTP   12 Dec 2002 P02071     Transfer | CINCINNAT    5 Dec 2007 107110     Transfer
0040,M,7 Jun 2000,9577,9247,fulgens,,2000-12-23,AMSTERDAM    7 Jun 2000 M00104     Birth      Pieter         fulgens | 23 Dec 2000            Death | [Death by: Unknown means]
0041,F,7 Jun 2000,9577,9247,fulgens,,2006-07-05,AMSTERDAM    7 Jun 2000 M00105    Birth      Inge                  fulgens | GIVSKUD     24 Jul 2001 AILF02    Transfer | 5 Jul 2006           Death | [Death by: Unknown means]
0073,M,7 Jun 2000,9659,9673,fulgens,,2006-07-22,WHIPSNADE    7 Jun 2000   L3821   Birth      REMUS                 fulgens | PAIGNTON     4 Nov 2004    5718   Transfer | 22 Jul 2006           Death | [Death by: Unknown means]
0074,M,7 Jun 2000,9659,9673,fulgens,,2008-01-18,WHIPSNADE    7 Jun 2000 L3822     Birth      ROMULUS               fulgens | HAYLE        4 Nov 2004 ______    Transfer | 18 Jan 2008           Death | [Death by: Unknown means]
00150,F,8 Jun 2000,UNK,UNK,styani,KINTA,,SHANGHAI     8 Jun 2000 ______    Birth      KINTA     JAZG 450C   styani | YOKOHAMA     4 May 2001 970272    Transfer
0001,M,9 Jun 2000,9803,9706,fulgens,,2004-09-16,KNOXVILLE    9 Jun 2000   1934    Birth      Dacey                 fulgens | SACRAMNTO   30 Mar 2001 101037    Transfer | MINNESOTA    8 Nov 2001 10458     Transfer | FRANKLINP   19 Nov 2003 A03057    Transfer | 16 Sep 2004           Death | [Death by: Unknown means]
0002,M,9 Jun 2000,9803,9706,fulgens,,2008-03-21,KNOXVILLE    9 Jun 2000   1935    Birth      Pemba                 fulgens | SACRAMNTO   30 Mar 2001 101038    Transfer | SIOUX FAL    8 Nov 2001   2656    Transfer | FRANKLINP   13 Apr 2005 A05019    Transfer | W ORANGE    19 Apr 2007   6004    Transfer | 21 Mar 2008           Death | [Death by: Unknown means]
0003,F,9 Jun 2000,9803,9706,fulgens,,,KNOXVILLE    9 Jun 2000   1933    Birth      Shandy                fulgens | SCOTTSBLU   30 Mar 2001   1223    Transfer | LANSING     29 Dec 2005   2727    Transfer | ATLANTA     23 Oct 2008 A81028    Transfer
0082,F,10 Jun 2000,9558,9556,fulgens,,2005-11-29,BURFORD     10 Jun 2000 MM447     Birth      Lhasa                 fulgens | PLOCK       19 Feb 2002 A20040    Transfer | 29 Nov 2005           Death | [Death by: Unknown means]
00116,M,10 Jun 2000,9558,9556,fulgens,,2001-11-15,BURFORD       10 Jun 2000 MM448      Birth                    fulgens | 15 Nov 2001            Death | [Death by: Euthanasia (medical)         Unknown      Necropsy planned later   Unknown after necropsy]
0038,M,13 Jun 2000,9316,9311,fulgens,,,DRESDEN Z     13 Jun 2000 196544     Birth      YING          fulgens | MUNICH             ~ 2001 ______     Transfer | OVERLOON      16 Sep 2004 300818     Transfer
0039,M,13 Jun 2000,9316,9311,fulgens,,,DRESDEN Z     13 Jun 2000 ______     Birth                    fulgens | MUNICH             ~ 2001 ______     Transfer
00117,?,13 Jun 2000,9565,9355,fulgens,,2000-06-14,BELFAST       13 Jun 2000   3876     Birth                    fulgens | 14 Jun 2000            Death | [Death by: Unknown means]
00120,?,13 Jun 2000,9565,9355,fulgens,,2000-06-14,BELFAST       13 Jun 2000   3875     Birth                    fulgens | 14 Jun 2000            Death | [Death by: Unknown means]
0004,M,17 Jun 2000,9604,9625,fulgens,,2000-06-20,KNOXVILLE  17 Jun 2000      1937     Birth                    fulgens | 20 Jun 2000               Death | [Death by: Infection associated         Given to an institution:       Generalized   Fungal]
0005,F,17 Jun 2000,9604,9625,fulgens,,2000-06-18,KNOXVILLE     17 Jun 2000   1936     Birth                    fulgens | 18 Jun 2000            Death | [Death by: Unknown means]
0027,F,18 Jun 2000,9308,9834,fulgens,,2005-01-05,POZNAN        18 Jun 2000 MD0424     Birth                    fulgens | PLOCK         16 May 2001 A2003      Transfer | PARIS JP       9 Oct 2004 MA4289     Transfer | 5 Jan 2005            Death | [Death by: Unknown means]
0000,M,20 Jun 2000,9639,9566,fulgens,,2003-12-22,BELFAST       20 Jun 2000   3884     Birth      Dougal        fulgens | 22 Dec 2003            Death                    fulgens | [Death by: Unknown means]
00118,M,20 Jun 2000,9639,9566,fulgens,,2000-07-20,BELFAST 20 Jun 2000   3883     Birth                          fulgens | 20 Jul 2000            Death | [Death by: Malicious destruction   Incinerate   Unknown (after necropsy)]
0006,M,21 Jun 2000,9339,9241,fulgens,,,KNOXVILLE   21 Jun 2000   1939      Birth      Fagan        fulgens | KANSASCTY   12 Apr 2001 M01009      Transfer
0007,F,21 Jun 2000,9339,9241,fulgens,,,KNOXVILLE   21 Jun 2000   1938      Birth      Misae        fulgens | SYRACUSE    12 Apr 2001 M01024      Transfer | GREENVISC   10 Nov 2005 XEA023      Transfer | BIRMINGHM   29 Mar 2007 107007      Transfer
0029,M,21 Jun 2000,9240,9575,fulgens,,2005-07-27,LISBON      21 Jun 2000   7542      Birth                   fulgens | BRANFERE     4 Oct 2001 ______      Transfer | 27 Jul 2005             Death | [Death by: Unknown means]
0030,F,21 Jun 2000,9240,9575,fulgens,,2000-08-01,LISBON     21 Jun 2000     7543     Birth                   fulgens | 1 Aug 2000              Death | [Death by: Infection associated         Given to an institution:      Digestive   Bacterial]
0011,F,22 Jun 2000,8502,9611,fulgens,,2000-06-25,LANSING     22 Jun 2000    2442     Birth                   fulgens | 25 Jun 2000             Death | [Death by: Unknown means]
0012,F,22 Jun 2000,8502,9611,fulgens,,2005-06-16,LANSING     22 Jun 2000    2428     Birth      Ah-choo      fulgens | BATTLE CR   14 Aug 2000   M0027     Transfer | KNOXVILLE    7 Oct 2000    1952     Transfer | LANSING      9 Apr 2001    2428     Transfer | 16 Jun 2005             Death | [Death by: Unknown means]
0031,F,22 Jun 2000,9317,9307,fulgens,,2002-09-26,AGRATE     22 Jun 2000     1283     Birth      CLEMENTINA   fulgens | 26 Sep 2002              Death | [Death by: Injury from exhibit mate         Mounted or Preserved:      Generalized    Trauma]
0032,M,22 Jun 2000,9317,9307,fulgens,,2004-02-20,AGRATE  22 Jun 2000   1284      Birth     CHARLIE           fulgens | 20 Feb 2004             Death | [Death by: Injury from predator   Incinerate    No necropsy planned]
0025,F,23 Jun 2000,9102,9132,fulgens,,,KREFELD     23 Jun 2000   1274      Birth      Corinna      fulgens | HUNBSTRND    4 Apr 2002 202003      Transfer | BRANFERE    27 Apr 2005 ______      Transfer
0026,M,23 Jun 2000,9102,9132,fulgens,,,KREFELD     23 Jun 2000    1275     Birth                   fulgens | NURNBERG    13 Sep 2001 M01772    Transfer | BEAUVAL      9 Jun 2005 M0145     Transfer
0036,F,23 Jun 2000,9019,9038,fulgens,,2008-11-01,ESKILSTUN   23 Jun 2000   1257    Birth      YING                  fulgens | RIGA        11 May 2002 OO0512    Transfer | KRISTIANS    6 Feb 2005 AILFU0    Transfer | 1 Nov 2008           Death | [Death by: Unknown means]
0037,F,23 Jun 2000,9019,9038,,,2007-07-12,ESKILSTUN | 23 Jun 2000   1258     Birth     YANG                      fulgens | RIGA    11 May 2002 OO0511     Transfer | 12 Jul 2007            Death | [Death by: Infection associated   Unknown   Generalized   Viral]
0075,M,23 Jun 2000,UNK,9681,fulgens,JAZGA,,HIGASHIIZ   23 Jun 2000   419H    Birth               JAZGA 419H   fulgens
0076,M,23 Jun 2000,UNK,9681,fulgens,JAZGA,,HIGASHIIZ   23 Jun 2000   420H    Birth               JAZGA 420H   fulgens
0083,F,23 Jun 2000,9446,97100,styani,JAZGA,,ZOORASIA    23 Jun 2000    665    Birth               JAZGA 417C   styani | HIRAKATA     5 Jun 2003 ______    Transfer
0084,F,23 Jun 2000,9446,97100,styani,JAZGA,,ZOORASIA    23 Jun 2000    666    Birth               JAZGA 418C   styani | MIYAZAK     10 Mar 2005 ______    Transfer
0047,F,25 Jun 2000,9303,9320,fulgens,,,KRISTIANS   25 Jun 2000 AIL010    Birth                            fulgens | OVERLOON    22 Aug 2001 300299    Transfer | KOLN        27 Oct 2004   3379    Transfer
0048,F,25 Jun 2000,9303,9320,fulgens,,,KRISTIANS   25 Jun 2000 AIL011    Birth      PICCHU                fulgens | OVERLOON    22 Aug 2001 300300    Transfer
0085,M,25 Jun 2000,9052,9787,styani,KOKO,,NAGANO      25 Jun 2000 ______    Birth      KOKO     JAZG 421C    styani | TOKUYAMA    16 Jan 2002 ______    Transfer | VALLEYZOO   21 Jun 2004 100960    Transfer
0086,F,25 Jun 2000,9052,9787,styani,SEINA,,NAGANO      25 Jun 2000 ______    Birth      SEINA    JAZGA 422C   styani
0069,M,26 Jun 2000,9046,9644,fulgens,,2007-11-21,PAIGNTON   26 Jun 2000   1674     Birth      Po                    fulgens | LJUBLJANA  30 Jan 2002 CV1301     Transfer | 21 Nov 2007            Death | [Death by: Infection associated         Given to an institution: UNKNOWN   Generalized    Bacterial]
0070,F,26 Jun 2000,9046,9644,fulgens,,2007-04-16,PAIGNTON    26 Jun 2000    1675   Birth      L61/9                 fulgens | NEWQUAY     25 Apr 2001      65   Transfer | 16 Apr 2007           Death | [Death by: Unknown means]
00121,M,26 Jun 2000,9404,95127,fulgens,,,DARJEELIN   26 Jun 2000   TDJ05   Birth      SAGAR                 fulgens
0033,?,27 Jun 2000,9410,9429,fulgens,,2000-06-27,KLEVE       27 Jun 2000 ______    Birth                            fulgens | 27 Jun 2000           Death | [Death by: Unknown means]
0050,F,27 Jun 2000,9853,9739,fulgens,,,BUSSOLENG   27 Jun 2000 AFF016    Birth      ZUU-AN                fulgens | LILLE ZO     3 Mar 2005   2206    Transfer
0051,M,27 Jun 2000,9227,9045,fulgens,,,RHENEN      27 Jun 2000 M01451    Birth                            fulgens
0087,M,27 Jun 2000,93111,9788,styani,KOUSEI,,SABAE       27 Jun 2000 ______    Birth      KOUSEI   JAZGA 423C   styani | ZOORASIA    26 Dec 2003   1085    Transfer
0088,F,27 Jun 2000,93111,9788,styani,RARA,,SABAE       27 Jun 2000 ______    Birth      RARA     JAZGA 424C   styani
00119,F,27 Jun 2000,UNK,9739,fulgens,,2000-07-03,BUSSOLENG   27 Jun 2000 AFF017    Birth                            fulgens | 3 Jul 2000           Death | [Death by: Unknown means]
0022,F,28 Jun 2000,9822,9630,styani,,,FARGO       28 Jun 2000 100014    Birth      LiWu                  styani | SOUTHBEND    8 Feb 2002 22014     Transfer | COLUMBUS    28 Oct 2002 202074    Transfer | BATTLE CR   23 Oct 2003 M03062    Transfer | CINCINNAT   24 Oct 2007 107092    Transfer
0034,F,29 Jun 2000,9127,9113,fulgens,,,COPENHAGE   29 Jun 2000 RED009    Birth                            fulgens | GIVSKUD     17 Aug 2001 AILF03    Transfer | RHENEN       9 Sep 2003    637    Transfer
0035,M,29 Jun 2000,9127,9113,fulgens,,2008-12-11,COPENHAGE   29 Jun 2000 RED010    Birth      MACO                  fulgens | LISBON       8 Nov 2001   7921    Transfer | RIGA        25 Nov 2004 OO0664    Transfer | 11 Dec 2008           Death | [Death by: Unknown means]
00109,M,29 Jun 2000,9270,9799,styani,GOU,,SHIRAHAMA   29 Jun 2000 ______    Birth      GOU      JAZGA 416C   styani | KUSHIRO Z      7 Apr 2004 ______       Transfer
00151,F,29 Jun 2000,UNK,UNK,styani,KAGUYA,,SHANGHAI      29 Jun 2000 ______       Birth      KAGUYA   JAZG 451C     styani | YOKOHAMA       5 Apr 2001 970273       Transfer | TOKYOTAMA     12 Apr 2004   4397       Transfer
0049,F,30 Jun 2000,9318,8958,fulgens,,2000-10-17,LA FRONTI 30 Jun 2000        PR19     Birth                              fulgens | 17 Oct 2000                 Death | [Death by: Malicious destruction   Bury        Generalized   Trauma]
0089,M,30 Jun 2000,8977,9444,styani,SINSUN,,TOHOKU PK     30 Jun 2000 ______       Birth      SINSUN   JAZGA 425C    styani | TAIPEI        26 Jun 2002 ______       Transfer
0090,?,30 Jun 2000,8977,9444,styani,,2000-06-30,TOHOKU PK     30 Jun 2000 ______       Birth                             styani | 30 Jun 2000              Death | [Death by: Unknown means]
0091,M,30 Jun 2000,9185,9256,styani,JAZGA,,HIRAKATA      30 Jun 2000 ______       Birth               JAZGA 427C    styani
0092,M,30 Jun 2000,9185,9256,styani,JAZGA,2001-05-31,HIRAKATA      30 Jun 2000 ______       Birth                JAZGA 428C   styani | 31 May 2001              Death | [Death by: Other/Unknown       Unknown   Digestive     Mechanical abnormality]
00122,F,30 Jun 2000,9305,94101,fulgens,,2002-09-16,DARJEELIN     30 Jun 2000   TDJ06      Birth      PRIYAN                 fulgens | 16 Sep 2002              Death | [Death by: Unknown means]
0020,F,1 Jul 2000,94105,9717,styani,,,CINCINNAT      1 Jul 2000 100067       Birth      Kami                   styani | FARGO         26 Jan 2005 105001       Transfer
0021,F,1 Jul 2000,94105,9717,styani,,,CINCINNAT      1 Jul 2000 100068     Birth                               styani | MILLER R      23 Feb 2001 ______ ltf Transfer
0066,F,1 Jul 2000,9405,9760,fulgens,,,HAYLE          1 Jul 2000    A339      Birth                             fulgens | NEWQUAY       12 Apr 2001      66      Transfer | COLWYNBAY      7 Jun 2006    2126      Transfer
0093,M,1 Jul 2000,92135,9599,styani,JAZGA,2003-06-08,NISHISONO      1 Jul 2000 ______       Birth               JAZGA 429C    styani | ICHIHARA      19 Apr 2001 ______       Transfer | 8 Jun 2003              Death | [Death by: Other/Unknown       Unknown   Generalized     Unknown after necropsy]
0094,M,1 Jul 2000,92135,9599,styani,,,NISHISONO      1 Jul 2000 ______     Birth      5         JAZGA 430C   styani | WINNIPEG      20 Mar 2002 C00343     Transfer
0095,F,1 Jul 2000,9254,9171,styani,,,ASAHIKAWA      1 Jul 2000 ______     Birth      6         JAZGA 431C   styani | WINNIPEG      20 Mar 2002 C00344     Transfer
00135,M,~ 2000,WILD,WILD,styani,,,CHINA              ~ 2000   NONE     Capture                           styani | CHENGDU          ????     ______     Transfer | SINGAPORE     30 Oct 2000 G7814      Transfer | JERUSALEM      2 Jun 2005   1994     Transfer
0009,?,3 Jul 2000,9725,9336,fulgens,,2000-07-05,MEMPHIS        3 Jul 2000 19436      Birth                             fulgens | 5 Jul 2000            Death | [Death by: Other/Unknown       Unknown   Generalized   Unknown after necropsy]
0010,?,3 Jul 2000,9725,9336,fulgens,,2000-07-03,MEMPHIS        3 Jul 2000   19437    Birth                             fulgens | 3 Jul 2000            Death | [Death by: Unknown means]
0042,M,4 Jul 2000,9005,9319,fulgens,,,HUNBSTRND      4 Jul 2000 200164     Birth      JAPP                   fulgens | ROTTERDAM     20 Feb 2002 106428     Transfer | LIBEREC        7 Apr 2006 633003     Transfer
0043,F,4 Jul 2000,9005,9319,fulgens,,,HUNBSTRND      4 Jul 2000 200165     Birth      CO-CO                  fulgens
0071,M,4 Jul 2000,9553,9554,fulgens,,,LONDON RP      4 Jul 2000   A4421    Birth      ZULEIKA                fulgens | BALLAUGH      15 May 2002   M0005    Transfer
0096,M,4 Jul 2000,95122,9280,styani,KIKI,,TOKUYAMA       4 Jul 2000 ______     Birth      KIKI      JAZGA 432C   styani | NAGANO        15 Jan 2002 ______     Transfer
0097,F,4 Jul 2000,95122,9280,styani,LALA,,TOKUYAMA       4 Jul 2000 ______     Birth      LALA      JAZGA 433C   styani | VALLEYZOO     21 Jun 2004 100961     Transfer
00124,M,4 Jul 2000,95126,9430,fulgens,,2000-10-11,GANGTOK        4 Jul 2000 2000/5     Birth                             fulgens | 11 Oct 2000            Death | [Death by: Unknown means]
00125,M,4 Jul 2000,95126,9430,fulgens,,2005-11-19,GANGTOK        4 Jul 2000 2000/6     Birth                             fulgens | 19 Nov 2005            Death | [Death by: Unknown means]
0077,F,6 Jul 2000,8602,8914,fulgens,JAZGA,,HIGASHIIZ      6 Jul 2000    434H    Birth               JAZGA 434H   fulgens
0078,F,6 Jul 2000,8602,8914,fulgens,JAZGA,,HIGASHIIZ      6 Jul 2000    435H    Birth               JAZGA 435H   fulgens
0023,M,8 Jul 2000,9642,9419,fulgens,,2006-01-11,FONTAINE       8 Jul 2000 77AF26     Birth                            fulgens | BOISSIERE     25 Jul 2001   CPR4     Transfer | 11 Jan 2006            Death | [Death by: Unknown means]
0024,F,8 Jul 2000,9642,9419,fulgens,,,FONTAINE       8 Jul 2000 77AF27     Birth      Madoaï                fulgens | THOIRY         4 Nov 2001 A1094      Transfer
0079,M,8 Jul 2000,8602,8913,fulgens,,2000-08-13,HIGASHIIZ      8 Jul 2000    436H    Birth                            fulgens | 13 Aug 2000            Death | [Death by: Unknown means]
0080,F,8 Jul 2000,8602,8913,fulgens,,2000-07-09,HIGASHIIZ      8 Jul 2000    437H    Birth                            fulgens | 9 Jul 2000            Death | [Death by: Unknown means]
0081,?,8 Jul 2000,8602,8913,fulgens,,2000-07-09,HIGASHIIZ      8 Jul 2000    438H    Birth                            fulgens | 9 Jul 2000            Death | [Death by: Unknown means]
0098,M,13 Jul 2000,9598,95114,styani,KASHI,2001-09-08,HIROSHIMA     13 Jul 2000 ______     Birth     KASHI     JAZGA 439C   styani | 8 Sep 2001            Death | [Death by: Other/Unknown       Unknown   Respiratory   Unknown after necropsy]
0099,M,13 Jul 2000,9598,95114,styani,SHII,,HIROSHIMA     13 Jul 2000 ______     Birth      SHII     JAZGA 440C   styani | NISHISONO      7 Jan 2004 ______     Transfer
0013,M,14 Jul 2000,9141,9465,fulgens,,2000-07-17,BATTLE CR     14 Jul 2000   M0022    Birth                            fulgens | 17 Jul 2000            Death | [Death by: Unknown means]
0014,M,14 Jul 2000,9141,9465,fulgens,,2000-07-17,BATTLE CR 14 Jul 2000 M0023       Birth                               fulgens | 17 Jul 2000             Death | [Death by: Infection associated   Bury   Generalized    Unknown after necropsy]
0015,M,14 Jul 2000,9141,9465,fulgens,,2000-09-09,BATTLE CR 14 Jul 2000 M0024       Birth                               fulgens | 9 Sep 2000             Death | [Death by: Infection associated   Bury   Generalized    Viral]
00100,F,15 Jul 2000,95122,9486,styani,JAZGA,2000-07-15,TOKUYAMA    15 Jul 2000 ______   Birth                JAZGA 441C   styani | 15 Jul 2000          Death | [Death by: Unknown means]
00101,?,15 Jul 2000,95122,9486,styani,JAZGA,2000-07-15,TOKUYAMA    15 Jul 2000 ______   Birth                JAZGA 442C   styani | 15 Jul 2000          Death | [Death by: Unknown means]
00102,M,17 Jul 2000,9598,96109,styani,BUNA,,HIROSHIMA   17 Jul 2000 ______   Birth      BUNA      JAZGA 443C   styani | EDOGAWA     11 Nov 2001 ______   Transfer
00103,F,17 Jul 2000,9598,96109,styani,NARA,,HIROSHIMA   17 Jul 2000 ______   Birth      NARA      JAZGA 444C   styani | NIHONDAIR   18 Dec 2001 ______   Transfer
00104,?,20 Jul 2000,9059,8923,styani,JAZGA,2000-07-20,ICHIKAWA    20 Jul 2000 ______   Birth                JAZGA 445C   styani | 20 Jul 2000          Death | [Death by: Unknown means]
00105,?,20 Jul 2000,9059,8923,styani,JAZGA,2000-07-20,ICHIKAWA    20 Jul 2000 ______   Birth                JAZGA 446C   styani | 20 Jul 2000          Death | [Death by: Unknown means]
00106,M,20 Jul 2000,93110,92136,styani,TAN-TAN,2002-10-08,NISHISONO   20 Jul 2000 ______   Birth      TAN-TAN   JAZGA 447C   styani | ICHIHARA    19 Apr 2001 ______   Transfer | 8 Oct 2002          Death | [Death by: Unknown means]
00107,F,20 Jul 2000,93110,92136,styani,TYOKO-TYOKJAZGA,,NISHISONO   20 Jul 2000 ______   Birth      TYOKO-TYOKJAZGA 448C   styani | ICHIHARA     3 Mar 2003 ______   Transfer
00110,F,23 Jul 2000,9373,9371,fulgens,,2007-01-15,EDINBURGH   23 Jul 2000 M00G05   Birth      SCARLET                fulgens | SO LAKES    17 Mar 2003 AF0008   Transfer | BELFAST      4 Aug 2005   5454   Transfer | 15 Jan 2007          Death | [Death by: Unknown means]
00111,M,23 Jul 2000,9373,9371,fulgens,,2000-11-03,EDINBURGH   23 Jul 2000 M00G07   Birth                             fulgens | 3 Nov 2000          Death | [Death by: Unknown means]
00108,M,6 Aug 2000,9794,93107,styani,JAZGA,2000-08-10,"TOKYOTAMA    6 Aug 2000   3170   Birth                JAZGA 449C   styani | 10 Aug 2000            Death | [Death by: Other/Unknown       Unknown   Generalized   Enervation, secondary]"
0064,M,12 Dec 2000,9779,9588,fulgens,,,JOHANSBRG     12 Dec 2000    4694    Birth                   fulgens | BESTER         1 Aug 2002   MB123    Transfer | JOHANSBRG      5 Apr 2004    4694    Transfer | TRNSV SNK     11 Aug 2004    1639    Transfer | JOHANSBRG      5 Feb 2006    4694    Transfer
0065,F,12 Dec 2000,9779,9588,fulgens,,,JOHANSBRG     12 Dec 2000    4693    Birth                   fulgens
0060,M,14 Dec 2000,9201,9016,fulgens,,2003-11-20,PRETORIA      14 Dec 2000 908446     Birth      KIERYA       fulgens | EMERALD        7 Jun 2002 E00467     Transfer | 20 Nov 2003            Death | [Death by: Unknown means]
0061,?,14 Dec 2000,9201,9016,fulgens,,,PRETORIA      14 Dec 2000 908447     Birth                   fulgens | UNKNOWN        1 Jan 2001 ______ ltf Transfer
0062,F,19 Dec 2000,9203,9369,fulgens,,,PRETORIA      19 Dec 2000 908454     Birth      MISHA        fulgens
0063,F,19 Dec 2000,9203,9369,fulgens,,2004-10-04,PRETORIA      19 Dec 2000 908455     Birth      MIYO         fulgens | TRNSV SNK     13 May 2003   1342     Transfer | 4 Oct 2004            Death | [Death by: Unknown means]
0056,F,23 Dec 2000,9871,9777,fulgens,,,AUCKLAND      23 Dec 2000 100167     Birth      KASH         fulgens | MOGO          14 Mar 2002 A20015     Transfer | PALMGROVE     16 Jul 2007 ______     Transfer
0057,F,23 Dec 2000,9871,9777,fulgens,,,AUCKLAND      23 Dec 2000 100166     Birth      Amber        fulgens
00112,M,23 Dec 2000,9310,9679,fulgens,,,BESTER        23 Dec 2000 ______     Birth      RUSHY        fulgens
00113,F,23 Dec 2000,9310,9679,fulgens,,2001-05-30,BESTER        23 Dec 2000 ______     Birth      RUBY         fulgens | 0109S   F   30 May 2001        UNK    9708   COLUMBUS      30 May 2001 201023     Birth                   styani | 30 May 2001            Death | [Death by: Stillbirth       Unknown   Unknown (after necropsy)]
0101,F,6 Jun 2001,9604,9625,fulgens,,,KNOXVILLE      6 Jun 2001    2179    Birth      Bella        fulgens | MEMPHIS       24 Mar 2002   20452    Transfer | GREENVISC     10 Dec 2003 XCA064     Transfer | CENTRALPK     17 Nov 2005 C05105     Transfer | CHATTANOG     20 Nov 2008 ______     Transfer
0102,F,6 Jun 2001,9604,9625,fulgens,,2001-12-16,KNOXVILLE      6 Jun 2001   2180     Birth     Sierra               fulgens | 16 Dec 2001            Death | [Death by: Other/Unknown       Given to an institution:    Unknown (after necropsy)]
0113,M,13 Jun 2001,94105,9473,styani,,2005-03-21,CINCINNAT     13 Jun 2001 101101     Birth       Henry              styani | NASHV ZOO     29 Apr 2002 1816T      Transfer | OKLAHOMA      24 Sep 2003 770709     Transfer | BATTLE CR      8 Dec 2004 M04027     Transfer | 21 Mar 2005            Death | [Death by: Unknown means]
0114,F,13 Jun 2001,94105,9473,styani,,,CINCINNAT     13 Jun 2001 101102     Birth                          styani | MILLER R      29 Nov 2001 ______ ltf Transfer
0134,M,13 Jun 2001,9662,9672,fulgens,,,GORLITZ       13 Jun 2001 ______     Birth                          fulgens | LEIPZIG       29 May 2002 M03298     Transfer | VIENNA        26 Jun 2002 M2467      Transfer | GARS          28 Jun 2002 ______     Transfer | THOIRY        27 Jan 2005 A5010      Transfer
0135,F,13 Jun 2001,9662,9672,fulgens,,,GORLITZ       13 Jun 2001 ______     Birth       FUJI               fulgens | FRANKFURT     30 May 2002 40685      Transfer | WARSAW        25 Feb 2005 S6342      Transfer
0120,M,14 Jun 2001,9670,9754,fulgens,,2006-11-16,ROTTERDAM     14 Jun 2001 106299     Birth       Ono                fulgens | DUISBURG       1 Dec 2003   4652     Transfer | 16 Nov 2006            Death | [Death by: Unknown means]
0121,F,14 Jun 2001,9670,9754,fulgens,,,ROTTERDAM     14 Jun 2001 106298     Birth       Ushi BB 8          fulgens | HILVARENB      5 Feb 2003 M01298     Transfer
01120,?,14 Jun 2001,9666,9559,fulgens,,2001-06-14,BRISTOL      14 Jun 2001   7877     Birth                           fulgens | 14 Jun 2001            Death | [Death by: Stillbirth      Incinerate   Unknown (after necropsy)]
01121,?,14 Jun 2001,9666,9559,fulgens,,2001-06-14,BRISTOL       14 Jun 2001   7878     Birth                          fulgens | 14 Jun 2001            Death | [Death by: Stillbirth       Incinerate   Unknown (after necropsy)]
01122,M,15 Jun 2001,9318,8958,fulgens,,2001-06-17,LA FRONTI 15 Jun 2001        PR20     Birth                         fulgens | 17 Jun 2001                 Death | [Death by: Malicious destruction   Bury        Generalized   Unknown after necropsy]
01123,M,15 Jun 2001,9318,9862,fulgens,,2001-06-15,LA FRONTI     15 Jun 2001   PR21     Birth                          fulgens | 15 Jun 2001            Death | [Death by: Injury from exhibit mate       Bury      Generalized   Unknown after necropsy]
0107,F,16 Jun 2001,9803,9706,fulgens,,2006-12-31,SACRAMNTO     16 Jun 2001 101041       Birth      MANDY             fulgens | OAKHILL        1 May 2003 232125       Transfer | PUEBLO        10 Nov 2005 M25037       Transfer | 31 Dec 2006              Death | [Death by: Unknown means]
0108,F,16 Jun 2001,9803,9706,fulgens,,2001-07-10,SACRAMNTO     16 Jun 2001 101042       Birth                        fulgens | 10 Jul 2001              Death | [Death by: Unknown means]
0110,F,16 Jun 2001,9803,9706,fulgens,,,SACRAMNTO     16 Jun 2001 101043       Birth      SAN               fulgens | UTICA          6 Nov 2002 102029       Transfer
0137,M,17 Jun 2001,9252,8957,fulgens,,2007-06-23,MADRID Z      17 Jun 2001   PR74       Birth      MATEO             fulgens | KRISTIANS     16 Aug 2006 AIL014       Transfer | 23 Jun 2007              Death | [Death by: Other/Unknown       Unknown   Digestive     Bacterial]
01127,M,18 Jun 2001,9305,94101,fulgens,,,DARJEELIN     18 Jun 2001   TDJ07      Birth      SAKYA             fulgens
01128,M,18 Jun 2001,9305,94101,fulgens,,,DARJEELIN     18 Jun 2001   TDJ08      Birth      POKHRAJ           fulgens
01129,F,18 Jun 2001,9305,94101,fulgens,,,DARJEELIN     18 Jun 2001   TDJ09      Birth      NEELAM            fulgens | WILD          14 Nov 2003    NONE      Release
0154,M,19 Jun 2001,9547,9636,fulgens,,,DUBLIN        19 Jun 2001 A1M011       Birth      Rondo             fulgens | COLCHESTR      2 May 2003 BLL209       Transfer
0155,F,19 Jun 2001,9547,9636,fulgens,,2005-01-05,DUBLIN        19 Jun 2001 A1M012       Birth      Rema              fulgens | YARMOUTH      17 Apr 2002 ______       Transfer | AALBORG        1 Dec 2004 FUL12        Transfer | 5 Jan 2005              Death | [Death by: Unknown means]
01100,M,19 Jun 2001,9446,97100,styani,TIP,,ZOORASIA      19 Jun 2001    832     Birth      TIP       JAZGA 452C   styani | YOKOHAMA      30 Jan 2006 ______     Transfer
01101,F,19 Jun 2001,9446,97100,styani,JAZGA,,ZOORASIA      19 Jun 2001    831     Birth                JAZGA 453C   styani
01102,F,19 Jun 2001,9791,9988,styani,JAZGA,2001-08-28,TOHOKU PK     19 Jun 2001 ______     Birth               JAZGA 454C    styani | 28 Aug 2001            Death | [Death by: Other/Unknown       Unknown   Respiratory   Mechanical abnormality]
01114,M,19 Jun 2001,9498,95123,styani,TAN-TAN,,ISHIKAWA      19 Jun 2001 ______     Birth      TAN-TAN   JAZGA 469C   styani
01115,F,19 Jun 2001,9498,95123,styani,RIN-RIN,,ISHIKAWA      19 Jun 2001 ______     Birth      RIN-RIN   JAZGA 470C   styani | TOKOYO        23 Feb 2005 ______     Transfer
0119,M,20 Jun 2001,9766,9568,fulgens,,2002-09-23,USTI      20 Jun 2001 UL0133     Birth                                 fulgens | 23 Sep 2002            Death | [Death by: Infection associated   Unknown   Unknown (after necropsy)]
01134,F,21 Jun 2001,9822,9630,styani,,2001-06-25,FARGO         21 Jun 2001 101018     Birth                             styani | 25 Jun 2001            Death | [Death by: Unknown means]
0104,M,22 Jun 2001,9339,9241,fulgens,,2009-07-25,KNOXVILLE     22 Jun 2001   2191     Birth      Sacha                  fulgens | ERIE          31 May 2002   1220     Transfer | 26 Aug 2002   1220     Transfer | W ORANGE       5 Nov 2008   6074     Transfer | 25 Jul 2009            Death | [Death by: Unknown means]
0105,F,22 Jun 2001,9339,9241,fulgens,,,KNOXVILLE     22 Jun 2001   2189     Birth      LUNA                   fulgens | NY BRONX      29 May 2002 M02107     Transfer | CENTRALPK      2 Jul 2002 M02107     Transfer | SOUTHBEND      9 Jan 2003 23001      Transfer | SYRACUSE      12 Apr 2007 MO7009     Transfer
0106,F,22 Jun 2001,9339,9241,fulgens,,2005-01-15,KNOXVILLE     22 Jun 2001   2190     Birth      Jenny                  fulgens | CENTRALPK     29 May 2002 C02037     Transfer | 15 Jan 2005            Death | [Death by: Unknown means]
0145,?,25 Jun 2001,9240,9575,fulgens,,2001-07-02,LISBON     25 Jun 2001       7732     Birth                                fulgens | 2 Jul 2001                Death | [Death by: Infection associated         Given to an institution:        Digestive   Bacterial]
0146,M,25 Jun 2001,9240,9575,fulgens,,2001-10-19,LISBON  25 Jun 2001   7733     Birth                                       fulgens | 19 Oct 2001            Death | [Death by: Injury from exhibit mate   Unknown   Generalized            Trauma]
0156,F,25 Jun 2001,9558,9556,fulgens,,,BURFORD       25 Jun 2001   MM568      Birth      Lushui                   fulgens | CHESTER       24 Mar 2002    CZ21      Transfer
0157,F,25 Jun 2001,9558,9556,fulgens,,,BURFORD       25 Jun 2001 MM567        Birth      Lushan                   fulgens | CHESTER       24 Mar 2002   CZ22       Transfer | COLCHESTR     11 Jan 2005 BLL677       Transfer
0147,M,28 Jun 2001,9240,9126,fulgens,,2001-11-07,LISBON     28 Jun 2001       7734     Birth                                fulgens | 7 Nov 2001                Death | [Death by: Infection associated         Given to an institution:        Digestive   Unknown after necropsy]
0148,M,28 Jun 2001,9240,9126,fulgens,,2001-11-27,LISBON     28 Jun 2001       7735     Birth                                fulgens | 27 Nov 2001                Death | [Death by: Infection associated         Given to an institution:        Digestive   Bacterial]
01103,M,28 Jun 2001,9185,9256,styani,JUN-JUN,,HIRAKATA      28 Jun 2001 ______       Birth      JUN-JUN     JAZGA 455C   styani | SABAE          4 Jun 2004 ______       Transfer
01104,?,28 Jun 2001,9185,9256,styani,JAZGA,2001-07-01,HIRAKATA      28 Jun 2001 ______       Birth                  JAZGA 456C   styani | 1 Jul 2001              Death | [Death by: Other/Unknown         Unknown   Digestive     Nutrition]
01130,M,28 Jun 2001,9404,95127,fulgens,,,DARJEELIN     28 Jun 2001   TDJ10      Birth      SIDDHARTH                fulgens
01131,F,28 Jun 2001,9404,95127,fulgens,,,DARJEELIN     28 Jun 2001   TDJ11      Birth      DOLMA                    fulgens | WILD          14 Nov 2003    NONE      Release
01132,F,28 Jun 2001,95126,9430,fulgens,,2001-07-14,GANGTOK       28 Jun 2001 2001/7       Birth                               fulgens | 14 Jul 2001              Death | [Death by: Unknown means]
01133,F,28 Jun 2001,95126,9430,fulgens,,2001-07-15,GANGTOK       28 Jun 2001 2001/8       Birth                               fulgens | 15 Jul 2001              Death | [Death by: Unknown means]
0140,M,1 Jul 2001,9112,9105,fulgens,,2003-12-10,WARSAW     1 Jul 2001 S5190      Birth     ODYS                          fulgens | LYMPNE     4 Jul 2003 P20321     Transfer | 10 Dec 2003            Death | [Death by: Anesth/Restraint assoc   Unknown   Unknown (after necropsy)]
0141,?,2 Jul 2001,9410,9429,fulgens,,2001-07-02,KLEVE          2 Jul 2001 ______      Birth                              fulgens | 2 Jul 2001             Death | [Death by: Unknown means]
0142,?,2 Jul 2001,9410,9429,fulgens,,2001-07-02,KLEVE          2 Jul 2001 ______      Birth                              fulgens | 2 Jul 2001             Death | [Death by: Unknown means]
0144,?,3 Jul 2001,9019,9038,fulgens,,2001-12-27,ESKILSTUN      3 Jul 2001    1384     Birth                              fulgens | 27 Dec 2001             Death | [Death by: Unknown means]
0122,F,5 Jul 2001,9308,9834,fulgens,,,POZNAN         5 Jul 2001 MD0466      Birth                              fulgens
0143,M,5 Jul 2001,9316,9311,fulgens,,,DRESDEN Z      5 Jul 2001 196609      Birth                              fulgens | VIENNA        21 Jun 2002 M2517       Transfer | GARS          28 Jun 2002 ______      Transfer
01105,?,5 Jul 2001,8977,9445,styani,JAZGA,2001-07-06,TOHOKU PK  5 Jul 2001 ______     Birth                      JAZGA 457C   styani | 6 Jul 2001            Death | [Death by: Injury from exhibit mate   Unknown   Generalized          Trauma]
01106,?,5 Jul 2001,98024,9696,styani,JAZGA,2001-07-06,TOKYOTAMA      5 Jul 2001   3630      Birth                 JAZGA 458C   styani | 6 Jul 2001             Death | [Death by: Other/Unknown       Unknown   Generalized    Nutrition]
01107,F,5 Jul 2001,98024,9696,styani,JAZGA,2001-07-12,"TOKYOTAMA      5 Jul 2001    3631     Birth                 JAZGA 459C   styani | 12 Jul 2001             Death | [Death by: Environ/Behav conditions       Unknown      Generalized    Enervation, secondary]"
0128,F,6 Jul 2001,9642,9743,fulgens,,2003-08-09,FONTAINE       6 Jul 2001 77AF30      Birth                              fulgens | 9 Aug 2003             Death | [Death by: Unknown means]
0129,F,6 Jul 2001,9642,9743,fulgens,,2001-12-14,FONTAINE       6 Jul 2001 77AF31      Birth                              fulgens | 14 Dec 2001             Death | [Death by: Unknown means]
0130,M,6 Jul 2001,9642,9743,fulgens,,2002-01-10,FONTAINE     6 Jul 2001 77AF32    Birth                            fulgens | 10 Jan 2002           Death | [Death by: Unknown means]
0136,M,7 Jul 2001,9577,9247,fulgens,,2001-07-22,AMSTERDAM   7 Jul 2001 M01114     Birth                            fulgens | 22 Jul 2001            Death | [Death by: Infection associated         Given to an institution:    No necropsy planned]
0117,M,8 Jul 2001,9618,9526,fulgens,,,DETROIT      8 Jul 2001   9365    Birth      YUN-QI                fulgens | UTICA       24 Apr 2002 102003    Transfer | NZP-CRC      7 Jan 2004 113865    Transfer | FT WAYNE    16 Apr 2005 97468     Transfer | OR WILDLF   12 Nov 2005 201954    Transfer | BLOOMINGT   22 Jan 2009 M09001    Transfer
0118,F,8 Jul 2001,9618,9526,fulgens,,,DETROIT      8 Jul 2001   9366    Birth      WANMEI                fulgens | UTICA       24 Apr 2002 102004    Transfer | ERIE        20 Nov 2002   1244    Transfer | SYDNEY      26 May 2006 A60198    Transfer
0160,M,8 Jul 2001,9434,9681,fulgens,JAZGA,,HIGASHIIZ    8 Jul 2001   466H    Birth               JAZGA 466H   fulgens
0111,M,9 Jul 2001,9141,9465,fulgens,,,GREENVISC    9 Jul 2001 XAG041    Birth      Cyril    AZA 0111     fulgens | MILL MOUN   13 Mar 2002    472    Transfer | SYRACUSE     4 Nov 2003 M03154    Transfer
0112,M,9 Jul 2001,9141,9465,fulgens,,,GREENVISC    9 Jul 2001 XAG042    Birth      TY                    fulgens | MILL MOUN   13 Mar 2002    471    Transfer | SOUTHBEND   20 Nov 2002 22129     Transfer | 5 Dec 2002 22129     Transfer
0133,M,9 Jul 2001,9005,9319,fulgens,,2007-02-08,HUNBSTRND    9 Jul 2001 201210    Birth      DUMLE                 fulgens | GIVSKUD      7 Jan 2004 AILF04    Transfer | 8 Feb 2007           Death | [Death by: Unknown means]
01108,F,9 Jul 2001,9254,9171,styani,JAZGA,,ASAHIKAWA    9 Jul 2001     10    Birth               JAZGA 460C   styani
01126,?,11 Jul 2001,9658,9752,fulgens,,2001-07-14,MARWELL     11 Jul 2001   5551    Birth      No.044                fulgens | 14 Jul 2001           Death | [Death by: Other/Unknown        Unknown    No necropsy planned        Unknown after necropsy]
0139,M,12 Jul 2001,9102,9132,fulgens,,,KREFELD       12 Jul 2001     1337     Birth      Gorbi                   fulgens
0158,M,12 Jul 2001,UNK,9673,fulgens,,,WHIPSNADE     12 Jul 2001 L3796        Birth      ROMEO                   fulgens | PRIVATE       14 Oct 2004 ______       Transfer | BELFAST       18 Nov 2007 ______       Transfer
0159,M,12 Jul 2001,9659,9673,fulgens,,,WHIPSNADE     12 Jul 2001 L3797        Birth      JULIUS                  fulgens | PRIVATE       14 Oct 2004 ______       Transfer | MARWELL       17 Nov 2007 ______       Transfer
0126,M,13 Jul 2001,9642,9419,fulgens,,2004-10-02,FONTAINE      13 Jul 2001 77AF28       Birth                              fulgens | LA FLECHE      1 Dec 2003    337       Transfer | 2 Oct 2004              Death | [Death by: Unknown means]
0127,F,13 Jul 2001,9642,9419,fulgens,,,FONTAINE      13 Jul 2001 77AF29       Birth      SHAIMING                fulgens | FRANKFURT     23 Aug 2002 40813        Transfer | DORTMUND      21 Dec 2004 057024       Transfer
01109,F,13 Jul 2001,97111,93107,styani,NANA,,TOKYOTAMA     13 Jul 2001   3632       Birth      NANA       JAZGA 461C   styani | AKITA         23 Apr 2003 ______       Transfer
01110,F,13 Jul 2001,97111,93107,styani,,,TOKYOTAMA     13 Jul 2001   3633       Birth      Hana       JAZGA 462C   styani | TOKYOUENO      3 Dec 2002 926315       Transfer | MEXICOCTY     27 Jan 2003 ______       Transfer
01124,?,14 Jul 2001,9639,9566,fulgens,,2001-07-30,BELFAST       14 Jul 2001    4058     Birth                               fulgens | 30 Jul 2001             Death | [Death by: Other/Unknown         Incinerate    Unknown (after necropsy)]
01125,?,14 Jul 2001,9639,9566,fulgens,,2001-07-31,BELFAST       14 Jul 2001    4059     Birth                               fulgens | 31 Jul 2001             Death | [Death by: Other/Unknown         Incinerate    Unknown (after necropsy)]
0115,F,15 Jul 2001,9381,94104,styani,,,CINCINNAT     15 Jul 2001 101129     Birth                                styani | MILLER R      20 Dec 2001 ______ ltf Transfer
0116,M,15 Jul 2001,9381,94104,styani,,,CINCINNAT     15 Jul 2001 101130       Birth      Toby                    styani | OAKHILL        9 May 2002 222107       Transfer | BATTLE CR     11 Nov 2002 M02043       Transfer | OKLAHOMA       8 Dec 2004 771610     Transfer | CHICAGOLP     17 Jul 2007 21874      Transfer | HOUSTON       20 Jan 2009 24613      Transfer
0123,M,16 Jul 2001,9853,9739,fulgens,,,BUSSOLENG     16 Jul 2001 AFF019     Birth      SASHI                  fulgens | VIENNA        28 Nov 2004 M2878      Transfer | PARIS JP      17 Feb 2005 MA5023     Transfer
0124,M,16 Jul 2001,9853,9739,fulgens,,,BUSSOLENG     16 Jul 2001 AFF018     Birth      JANG                   fulgens | VIENNA        22 Apr 2002 M2426      Transfer | LJUBLJANA     21 Mar 2003 CV1302     Transfer | ODENSE         7 Sep 2005   AIL9     Transfer
0161,F,18 Jul 2001,8602,9115,fulgens,JAZGA,,HIGASHIIZ     18 Jul 2001   467H     Birth                JAZGA 467H   fulgens
0162,F,18 Jul 2001,8602,9115,fulgens,JAZGA,,HIGASHIIZ     18 Jul 2001   468H     Birth                JAZGA 468H   fulgens
0131,?,21 Jul 2001,9127,9113,fulgens,,2001-07-21,COPENHAGE     21 Jul 2001 RED011     Birth                             fulgens | 21 Jul 2001            Death | [Death by: Other/Unknown       Unknown   Necropsy planned later]
0132,M,21 Jul 2001,9127,9113,fulgens,,2002-03-10,COPENHAGE     21 Jul 2001 RED012     Birth                             fulgens | 10 Mar 2002            Death | [Death by: Unknown means]
01111,M,21 Jul 2001,8856,9488,styani,TOKU-TOKU JAZGA,2008-02-04,TOKUYAMA      21 Jul 2001 ______     Birth     TOKU-TOKU JAZGA 463C    styani | OKAYAMA       20 May 2004 ______     Transfer | 4 Feb 2008            Death | [Death by: Other/Unknown       Unknown   Respiratory   Unknown after necropsy]
01112,M,21 Jul 2001,8856,9488,styani,SHYUSHU,,TOKUYAMA      21 Jul 2001 ______     Birth      SHYUSHU   JAZGA 464C   styani | SHIZUOKA      18 Mar 2004 ______     Transfer
01113,F,24 Jul 2001,9598,96109,styani,TOTHI,,HIROSHIMA     24 Jul 2001 ______     Birth      TOTHI     JAZGA 465C   styani | NISHISONO     23 Apr 2003 ______     Transfer | TOKUYAMA      31 Jan 2007 ______     Transfer
0151,M,26 Jul 2001,9405,9760,fulgens,,,HAYLE         26 Jul 2001   A345     Birth      YODA                   fulgens | BLACKPOOL     25 Mar 2002 MMM210     Transfer | LYMPNE         5 Dec 2007 P27111     Transfer
0152,M,26 Jul 2001,9405,9760,fulgens,,,HAYLE         26 Jul 2001   A346     Birth      JANGO                  fulgens | BLACKPOOL     25 Mar 2002 MMM211     Transfer
0153,F,26 Jul 2001,9405,9760,fulgens,,2007-07-30,HAYLE         26 Jul 2001   A347     Birth                     fulgens | BLACKPOOL     25 Mar 2002 MMM212     Transfer | BALLAUGH      15 May 2002 M0006      Transfer | 30 Jul 2007            Death | [Death by: Unknown means]
0150,F,29 Jul 2001,9046,9644,fulgens,,,PAIGNTON      29 Jul 2001    4114    Birth        F21 SAFFRO   fulgens | MARWELL       27 May 2003    6339    Transfer
0125,F,4 Aug 2001,9303,9320,fulgens,,2002-11-10,KRISTIANS      4 Aug 2001 AIL012      Birth                    fulgens | 10 Nov 2002             Death | [Death by: Other/Unknown       Incinerate    Unknown (after necropsy)]
00114,M,19 Dec 2001,9976,9786,fulgens,,,TRNSV SNK     19 Dec 2001 ______     Birth                     fulgens | JOHANSBRG     19 Dec 2001   5230     Transfer
00115,M,19 Dec 2001,9976,9786,fulgens,,,TRNSV SNK     19 Dec 2001     905    Birth                     fulgens | JOHANSBRG     29 Jul 2002    5358    Transfer
0290,F,2 Jan 2002,0053,9432,fulgens,,2002-01-05,PERTH          2 Jan 2002 A20001     Birth                     fulgens | 5 Jan 2002            Death | [Death by: Other/Unknown       Unknown   Unknown (after necropsy)]
0295,M,2 Jan 2002,0053,9432,fulgens,,,PERTH          2 Jan 2002 A20002     Birth        YODDAH       fulgens | YARRALUML     16 Jan 2003 A02049     Transfer | MELBOURNE     12 Jul 2005 A50348     Transfer | BEERWAH        9 Apr 2009 A90034     Transfer
02101,F,4 Jan 2002,9201,9016,fulgens,,,PRETORIA       4 Jan 2002 909182     Birth        KAYLA        fulgens
02119,F,7 Jan 2002,9310,9679,fulgens,,2002-01-09,BESTER     7 Jan 2002 MB125     Birth                          fulgens | 9 Jan 2002           Death | [Death by: Environ/Behav conditions   Bury  Generalized         Trauma]
02120,M,7 Jan 2002,9310,9679,fulgens,,,BESTER         7 Jan 2002 MB126      Birth                     fulgens | BOSHOFF C      3 Jun 2002 ______     Transfer
02121,?,7 Jan 2002,9310,9679,fulgens,,2002-01-07,BESTER         7 Jan 2002   MB124    Birth                     fulgens | 7 Jan 2002            Death | [Death by: Unknown means]
0222,M,26 May 2002,9323,9750,fulgens,,2002-06-09,ESKILSTUN26 May 2002        1404     Birth                              fulgens | 9 Jun 2002                 Death | [Death by: Infection associated   Unknown        Unknown (after necropsy)]
0223,F,26 May 2002,9323,9750,,,2002-08-26,ESKILSTUN | 26 May 2002        1405     Birth                              fulgens | 26 Aug 2002                 Death | [Death by: Infection associated   Unknown        Unknown (after necropsy)]
0224,M,7 Jun 2002,9577,9247,fulgens,,2005-11-08,AMSTERDAM   7 Jun 2002 M02093     Birth     ARIE                       fulgens | KOLN       26 Jun 2003   3171     Transfer | 8 Nov 2005            Death | [Death by: Euthanasia (medical)         Given to an institution:    Unknown (after necropsy)]
0225,F,7 Jun 2002,9577,9247,fulgens,,2004-04-01,AMSTERDAM    7 Jun 2002 M02094      Birth      TESSA                   fulgens | HILVARENB   29 Apr 2003 M02194      Transfer | 1 Apr 2004             Death | [Death by: Unknown means]
0245,?,7 Jun 2002,9660,9770,fulgens,,2002-06-18,SO LAKES     7 Jun 2002 RP0001     Birth                               fulgens | 18 Jun 2002            Death | [Death by: Stranded      Unknown    Unknown (after necropsy)]
0255,F,12 Jun 2002,9650,9330,fulgens,,2002-07-15,DARJEELIN   12 Jun 2002   TDJ12     Birth      LARA                    fulgens | 15 Jul 2002             Death | [Death by: Unknown means]
0226,M,13 Jun 2002,9564,9540,fulgens,,,LA PALMYR   13 Jun 2002    3282     Birth      PAPILLON                fulgens | KOLN        27 Jun 2003    3172     Transfer | AALBORG      4 Nov 2004   FUL11     Transfer
0227,F,13 Jun 2002,9564,9540,fulgens,,,LA PALMYR   13 Jun 2002    3283     Birth                              fulgens | ODENSE       9 Jun 2004    AIL8     Transfer
0228,?,14 Jun 2002,9318,9862,,,2002-06-16,LA FRONTI | 14 Jun 2002   PR22     Birth                                   fulgens | 16 Jun 2002            Death | [Death by: Environ/Behav conditions   Bury   Unknown (after necropsy)]
0298,M,14 Jun 2002,93103,9784,fulgens,JAZGA,,HIGASHIIZ   14 Jun 2002 ______      Birth                 JAZGA 471H   fulgens
0299,M,14 Jun 2002,93103,9784,fulgens,JAZGA,,HIGASHIIZ   14 Jun 2002 ______      Birth                 JAZGA 472H   fulgens
0215,F,15 Jun 2002,9095,9708,styani,,2002-06-15,COLUMBUS      15 Jun 2002 202038     Birth                            styani | 15 Jun 2002            Death | [Death by: Stillbirth       Unknown   Unknown (after necropsy)]
0256,F,15 Jun 2002,9446,97100,styani,PORIN,,ZOORASIA      15 Jun 2002    916     Birth      PORIN    JAZGA 473C   styani | HIGASHI M     21 Nov 2003   1204     Transfer
0257,F,15 Jun 2002,9446,97100,styani,PORRIN,,ZOORASIA      15 Jun 2002    917     Birth      PORRIN   JAZG 474C    styani | CINCINNAT     27 Apr 2004 104018     Transfer
0244,F,16 Jun 2002,9968,9933,fulgens,,2004-02-01,AGRATE        16 Jun 2002   1429     Birth                            fulgens | ~ 1 Feb 2004            Death | [Death by: Unknown means]
0201,M,17 Jun 2002,9086,9611,fulgens,,2002-06-19,KNOXVILLE 17 Jun 2002       2400     Birth                            fulgens | 19 Jun 2002                Death | [Death by: Euthanasia (medical)   Unknown       Unknown (after necropsy)]
0202,M,17 Jun 2002,9086,9611,fulgens,,2002-06-18,KNOXVILLE 17 Jun 2002       2401     Birth                            fulgens | 18 Jun 2002                Death | [Death by: Euthanasia (medical)   Unknown       Unknown (after necropsy)]
0229,M,18 Jun 2002,9972,9324,fulgens,,2002-11-27,AALBORG       18 Jun 2002   FUL8     Birth                            fulgens | 27 Nov 2002            Death | [Death by: Unknown means]
0230,M,18 Jun 2002,9972,9324,fulgens,,2002-12-13,AALBORG       18 Jun 2002   FUL7     Birth                            fulgens | 13 Dec 2002            Death | [Death by: Unknown means]
0203,M,20 Jun 2002,9339,9241,fulgens,,,KNOXVILLE     20 Jun 2002   2405     Birth      Oscar                 fulgens | DES MOINE     20 Nov 2008   2051     Transfer
0204,F,20 Jun 2002,9339,9241,fulgens,,,KNOXVILLE     20 Jun 2002   2406     Birth      Sophia                fulgens | MILL MOUN     29 Apr 2003    492     Transfer | DENVER        13 Dec 2007   2407     Transfer
0209,M,20 Jun 2002,9804,9731,fulgens,,,SANDIEGOZ     20 Jun 2002 502173     Birth      FAGAN                 fulgens | SYRACUSE      24 Oct 2002 M02142     Transfer | OR WILDLF      9 Dec 2003 202890     Transfer | NZP-CRC       19 Jan 2006 114078     Transfer | BATTLE CR      9 Dec 2008 M08034     Transfer
0210,F,20 Jun 2002,9804,9731,fulgens,,2002-06-20,SANDIEGOZ    20 Jun 2002 502174     Birth                                fulgens | 20 Jun 2002            Death | [Death by: Stillbirth      Unknown   Unknown (after necropsy)]
0258,M,20 Jun 2002,9791,9988,styani,SHAOEN,,TOHOKU PK     20 Jun 2002 ______      Birth      SHAOEN     JAZGA 475C   styani | SEOUL         23 Sep 2008 ______      Transfer
0259,F,20 Jun 2002,9791,9988,styani,TYA-HOHU,,TOHOKU PK     20 Jun 2002 ______      Birth      TYA-HOHU   JAZGA 476C   styani | WINNIPEG      13 Dec 2004 E00696      Transfer
0262,F,20 Jun 2002,9997,9991,styani,TANPOPO,,TOKYOTAMA     20 Jun 2002    3958     Birth      TANPOPO    JAZGA 479C   styani | IKEDA ZOO      7 Feb 2003    3958     Transfer
02111,M,20 Jun 2002,95126,9430,fulgens,,,GANGTOK       20 Jun 2002 2002/9      Birth      RAHUL                   fulgens
02112,M,20 Jun 2002,95126,9430,fulgens,,,GANGTOK       20 Jun 2002 200210      Birth      KIRAN                   fulgens
0246,M,21 Jun 2002,9860,9637,fulgens,,,WP KIRKCU     21 Jun 2002   WPK06     Birth      YANG                    fulgens | DUDLEY        10 May 2003    2211     Transfer
0247,F,21 Jun 2002,9860,9637,fulgens,,,WP KIRKCU     21 Jun 2002 WPK07       Birth      YANG                    fulgens | MARWELL       10 May 2003   6317      Transfer | WILD ACRE     17 Nov 2007 ______      Transfer
0260,M,21 Jun 2002,9791,9988,styani,WYEISHIN JAZGA,2002-07-03,TOHOKU PK     21 Jun 2002 ______       Birth     WYEISHIN JAZGA 477C     styani | 3 Jul 2002              Death | [Death by: Other/Unknown       Unknown   Digestive     Unknown after necropsy]
0261,F,21 Jun 2002,9792,UNK,styani,YUYU,,KAMI GUN      21 Jun 2002 ______      Birth      YUYU       JAZGA 478C   styani | EDOGAWA       11 Jun 2003 ______      Transfer
0263,M,24 Jun 2002,9593,9994,styani,JAZGA,,TOMIOKA       24 Jun 2002 ______      Birth                 JAZGA 480C   styani | TOBU          28 Jan 2004 ______      Transfer
0264,F,24 Jun 2002,9593,9994,styani,SORA,,TOMIOKA       24 Jun 2002 ______      Birth      SORA       JAZGA 481C   styani | TOKUYAMA      31 Jan 2007 ______      Transfer | OMUTA         23 Mar 2007 ______      Transfer
0231,F,25 Jun 2002,9662,9672,fulgens,,2002-09-20,GORLITZ       25 Jun 2002 ______      Birth                              fulgens | 20 Sep 2002             Death | [Death by: Unknown means]
0232,M,25 Jun 2002,9662,9672,fulgens,,,GORLITZ       25 Jun 2002 ______      Birth      TIANG-MING                fulgens | DORTMUND      17 Oct 2003 057022      Transfer
0265,M,25 Jun 2002,UNK,9788,styani,JAZGA,,SABAE         25 Jun 2002 ______      Birth                   JAZGA 482C   styani
0266,M,25 Jun 2002,UNK,9788,styani,JAZGA,2002-06-25,SABAE         25 Jun 2002 ______      Birth                   JAZGA 483C   styani | 25 Jun 2002             Death | [Death by: Unknown means]
0220,M,26 Jun 2002,9822,9630,styani,,,FARGO         26 Jun 2002 102032      Birth      Jiang                     styani | STATEN IS     11 Jun 2003 003006      Transfer | COLUMBUS      26 Sep 2003 203102      Transfer | PROVIDNCE      3 Apr 2008 100253      Transfer
0221,F,26 Jun 2002,9822,9630,styani,,,FARGO         26 Jun 2002 102033      Birth      Mei lin                   styani | STATEN IS     11 Jun 2003 003007      Transfer | PROSPECTP     14 Oct 2003 P03047      Transfer | BATTLE CR     14 Nov 2007 M07022      Transfer | PROSPECTP     13 Nov 2008 P03047      Transfer
0233,M,26 Jun 2002,9670,9754,fulgens,,,ROTTERDAM     26 Jun 2002 106504      Birth      Jorrit                    fulgens | COPENHAGE      9 Oct 2003 RED013      Transfer | ZAGREB        16 Jun 2005 115123      Transfer
0234,M,26 Jun 2002,9670,9754,fulgens,,,ROTTERDAM     26 Jun 2002 106505      Birth      Meile                     fulgens | COPENHAGE      9 Oct 2003 RED014      Transfer
0248,F,27 Jun 2002,9309,9946,fulgens,,,WHIPSNADE     27 Jun 2002    303      Birth      Jodie                     fulgens | EDINBURGH     24 Aug 2004 M04H21      Transfer | KINGUSSIE      7 Feb 2008   5237      Transfer
0267,M,27 Jun 2002,8977,9444,styani,TYAOSHIYA JAZGA,2002-07-09,TOHOKU PK     27 Jun 2002 ______     Birth     TYAOSHIYA JAZGA 484C        styani | 9 Jul 2002            Death | [Death by: Environ/Behav conditions       Unknown      Respiratory   Mechanical abnormality]
0268,M,27 Jun 2002,8977,9444,styani,WA-NSHIYA JAZGA,2002-07-03,TOHOKU PK     27 Jun 2002 ______      Birth     WA-NSHIYA JAZGA 485C       styani | 3 Jul 2002             Death | [Death by: Other/Unknown       Unknown   Digestive    Unknown after necropsy]
0269,M,28 Jun 2002,9998,9992,styani,JAZGA,,TOBE          28 Jun 2002 ______      Birth                   JAZGA 486C   styani
0249,M,29 Jun 2002,9558,9556,fulgens,,2002-11-29,BURFORD     29 Jun 2002   MM651    Birth                              fulgens | 29 Nov 2002            Death | [Death by: Unknown means]
0250,M,29 Jun 2002,9558,9556,fulgens,,,BURFORD     29 Jun 2002   MM650    Birth      TEAJMIN                 fulgens | DUDLEY       8 May 2003    2210    Transfer | BROXBOURN   14 Mar 2008    M504    Transfer
0270,F,29 Jun 2002,UNK,UNK,styani,JAZGA,,SABAE       29 Jun 2002 ______     Birth                 JAZGA 487C   styani | HIRAKATA     4 Jun 2004 ______     Transfer
0271,F,29 Jun 2002,8977,9445,styani,SHI-NHOWA JAZGA,2008-10-05,TOHOKU PK   29 Jun 2002 ______     Birth      SHI-NHOWA JAZGA 488C    styani | ICHIKAWA    11 May 2003 ______     Transfer | 5 Oct 2008            Death | [Death by: Unknown means]
0272,F,29 Jun 2002,8977,9445,styani,JAZGA,2002-06-29,TOHOKU PK  29 Jun 2002 ______     Birth                  JAZGA 489C   styani | 29 Jun 2002            Death | [Death by: Stillbirth    Unknown   No necropsy planned]
0273,F,29 Jun 2002,8977,9445,styani,JAZGA,2002-06-30,TOHOKU PK 29 Jun 2002 ______     Birth                   JAZGA 490C   styani | 30 Jun 2002            Death | [Death by: Injury from exhibit mate   Unknown   Hemic/Lymph      Trauma]
0235,?,30 Jun 2002,9663,9763,fulgens,,2002-07-05,BARCELONA   30 Jun 2002    7939    Birth                              fulgens | 5 Jul 2002            Death | [Death by: Unknown means]
0274,M,1 Jul 2002,9791,9989,styani,TA-REI,,TOHOKU PK    1 Jul 2002 ______     Birth      TA-REI     JAZGA 491C   styani
0275,M,1 Jul 2002,9791,9989,styani,TARREI,,TOHOKU PK    1 Jul 2002 ______     Birth      TARREI     JAZGA 492C   styani | CINCINNAT   27 Apr 2004 104019     Transfer
0205,M,2 Jul 2002,9110,0007,fulgens,,2004-07-28,SYRACUSE     2 Jul 2002 M02091     Birth      Banshi                  fulgens | DETROIT     18 Nov 2003 11183      Transfer | 28 Jul 2004            Death | [Death by: Unknown means]
0206,F,2 Jul 2002,9110,0007,fulgens,,2002-07-03,SYRACUSE     2 Jul 2002 M02092      Birth                             fulgens | 3 Jul 2002             Death | [Death by: Environ/Behav conditions       Incinerate    Generalized    Unknown after necropsy]
0216,M,2 Jul 2002,9631,0020,styani,,,CINCINNAT    2 Jul 2002 102069   Birth      Mei Li                   styani | NASHV ZOO   22 Feb 2003   1995   Transfer | MEMPHIS     16 Dec 2004 21640    Transfer
0217,M,2 Jul 2002,9383,9473,styani,,,CINCINNAT    2 Jul 2002 102070   Birth      Chang Tan                styani | NASHV ZOO   22 Feb 2003   1994   Transfer | STATEN IS   16 Dec 2004 004024   Transfer | FARGO        2 Nov 2005 105024   Transfer | MADISON      4 Oct 2007   2725   Transfer
0276,M,2 Jul 2002,98024,9696,styani,KATSUO,,TOKYOTAMA    2 Jul 2002   3960   Birth      KATSUO      JAZGD 494C   styani | ICHIKAWA    18 Jun 2003 ______   Transfer
0277,M,2 Jul 2002,98024,9696,styani,MAGURO,2007-08-05,TOKYOTAMA    2 Jul 2002   3959   Birth      MAGURO      JAZGA 493C   styani | HIGASHI M   17 Nov 2003   1203   Transfer | 5 Aug 2007          Death | [Death by: Unknown means]
0207,F,3 Jul 2002,9604,9625,fulgens,,,KNOXVILLE    3 Jul 2002   2407   Birth      Ruby                     fulgens | NZP-CRC     15 Oct 2003 113839   Transfer | PUEBLO      15 Jan 2008 ______   Transfer
0208,F,3 Jul 2002,9604,9625,fulgens,,2009-04-21,KNOXVILLE    3 Jul 2002   2408   Birth      Abby                     fulgens | NZP-CRC     15 Oct 2003 113840   Transfer | GREENVISC   29 Nov 2006 XFA028   Transfer | WHEELING     3 Nov 2008   3938   Transfer | 21 Apr 2009          Death | [Death by: Unknown means]
0237,F,3 Jul 2002,9642,9419,fulgens,,2005-03-16,FONTAINE     3 Jul 2002 77AF33   Birth                               fulgens | COPENHAGE   31 Jan 2005 RED015   Transfer | 16 Mar 2005          Death | [Death by: Unknown means]
0238,M,3 Jul 2002,9642,9419,fulgens,,,FONTAINE     3 Jul 2002 77AF34   Birth                               fulgens | LA FLECHE    5 Feb 2004    338   Transfer
0285,M,4 Jul 2002,9258,9174,,IKE,2002-08-05,OKAYAMA      4 Jul 2002 ______   Birth      IKE         JAZGA 506C   STYANI | 5 Aug 2002          Death | [Death by: Unknown means]
0281,?,7 Jul 2002,9254,9171,styani,JAZGA,2002-07-11,ASAHIKAWA    7 Jul 2002 ______   Birth                  JAZGA 495C   styani | 11 Jul 2002            Death | [Death by: Unknown means]
0211,F,8 Jul 2002,0002,9336,fulgens,,2002-07-10,SIOUX FAL      8 Jul 2002    2794    Birth                               fulgens | 10 Jul 2002            Death | [Death by: Unknown means]
0251,?,8 Jul 2002,9658,9752,fulgens,,2002-07-10,MARWELL        8 Jul 2002    5913    Birth      No.45                    fulgens | 10 Jul 2002            Death | [Death by: Unknown means]
0213,F,9 Jul 2002,9616,9465,fulgens,,2002-07-14,GREENVISC      9 Jul 2002 XBG029     Birth                               fulgens | 14 Jul 2002            Death | [Death by: Other/Unknown       Unknown   Respiratory   Unknown after necropsy]
0214,M,9 Jul 2002,9616,9465,fulgens,,,GREENVISC      9 Jul 2002 XBG030     Birth      SEBASTIAN                fulgens | NZP-CRC       24 Mar 2003 113795     Transfer | KNOXVILLE     29 Nov 2006   3385     Transfer
0296,M,11 Jul 2002,9434,9681,fulgens,JAZGA,,HIGASHIIZ     11 Jul 2002 ______     Birth                  JAZGA 496H   fulgens
0297,F,11 Jul 2002,9434,9681,fulgens,JAZGA,,HIGASHIIZ     11 Jul 2002 ______     Birth                  JAZGA 497H   fulgens
0212,F,12 Jul 2002,0001,9809,fulgens,,2002-07-16,MINNESOTA     12 Jul 2002   10681    Birth                               fulgens | 16 Jul 2002            Death | [Death by: Unknown means]
0278,M,12 Jul 2002,9596,96108,styani,RAMY,,TOYAMA Z      12 Jul 2002   4702     Birth      RAMY        JAZGA 498C   styani | HIGASHI M      1 Mar 2004 ______     Transfer
0282,M,12 Jul 2002,9185,9256,styani,JAZGA,2002-07-16,HIRAKATA      12 Jul 2002 ______     Birth                  JAZGA 499C   styani | 16 Jul 2002            Death | [Death by: Unknown means]
0252,M,13 Jul 2002,9547,9636,fulgens,,,DUBLIN        13 Jul 2002 A2M025     Birth      Rusco                    fulgens | COLCHESTR      2 May 2003 BLL210     Transfer | FRANKFURT     22 Mar 2005 41828      Transfer | WARSAW        14 Dec 2005 S5123      Transfer
0279,M,15 Jul 2002,97111,93107,styani,NONO,,TOKYOTAMA     15 Jul 2002   3956     Birth      NONO        JAZGA 500C   styani | ASAHIKAWA     13 Feb 2004 ______     Transfer
0280,F,15 Jul 2002,97111,93107,styani,NAMI,,TOKYOTAMA     15 Jul 2002   3957    Birth      NAMI      JAZGA 501C   styani | ICHIKAWA       9 Apr 2003 ______    Transfer
0239,F,16 Jul 2002,9853,9739,fulgens,,2002-09-03,BUSSOLENG     16 Jul 2002 AFF020    Birth     SIAN                    fulgens | 3 Sep 2002           Death | [Death by: Other/Unknown       Mounted or Preserved:   Unknown (after necropsy)]
0240,M,16 Jul 2002,9853,9739,fulgens,,2002-08-30,BUSSOLENG     16 Jul 2002 AFF021    Birth      KUNMING                fulgens | 30 Aug 2002           Death | [Death by: Unknown means]
0241,M,16 Jul 2002,9757,9748,fulgens,,,HEIDELBRG     16 Jul 2002 764003    Birth      PALI                   fulgens | DORTMUND      11 Nov 2003 057023    Transfer | CHESTER        3 Mar 2005 C0562     Transfer
0293,M,17 Jul 2002,95122,9280,styani,JAZGA,,TOKUYAMA      17 Jul 2002 ______    Birth                JAZGA 502C   styani | ICHIHARA      13 May 2004 ______    Transfer
0294,F,17 Jul 2002,95122,9280,styani,JAZGA,,TOKUYAMA      17 Jul 2002 ______    Birth                JAZGA 503C   styani | NISHISONO     31 Jan 2007 ______    Transfer
0242,M,21 Jul 2002,9548,9743,fulgens,,,FONTAINE      21 Jul 2002 77AF35    Birth      MAY-LEE                fulgens | KREFELD        1 Apr 2004   1545    Transfer | CAMBRON       21 Mar 2005   7141    Transfer
0243,F,25 Jul 2002,9112,9105,fulgens,,,WARSAW        25 Jul 2002 S5571     Birth      PAGODA                 fulgens | AMIENS        28 Jul 2004 A04063    Transfer
0253,M,2 Aug 2002,9046,9644,fulgens,,,PAIGNTON       2 Aug 2002   4670    Birth      L61/11                 fulgens | MARWELL       27 May 2003   6340    Transfer | LYMPNE        30 May 2003 P20319    Transfer
0254,F,2 Aug 2002,9046,9644,fulgens,,,PAIGNTON       2 Aug 2002   4671    Birth      L61/12                 fulgens | MUNICH        28 Jul 2004 082003    Transfer
0283,M,4 Aug 2002,9598,UNK,styani,SUIKA,,HIROSHIMA      4 Aug 2002 ______    Birth      SUIKA     JAZGA 504C   styani
0284,F,4 Aug 2002,9598,UNK,styani,JAZGA505,2002-08-07,HIROSHIMA  4 Aug 2002 ______     Birth                   JAZGA505 505styani | 7 Aug 2002            Death | [Death by: Infection associated   Unknown   Respiratory   Bacterial]
0291,F,7 Dec 2002,0052,9952,fulgens,,,SYDNEY         7 Dec 2002 A20490    Birth      ZIMPO                  fulgens | MOGO        22 Mar 2004 A40018   Transfer
0292,M,7 Dec 2002,0052,9952,fulgens,,,SYDNEY       7 Dec 2002 A20484   Birth      ISHAH     fulgens | MOGO        22 Mar 2004 A40017   Transfer | WELLINGTN   19 Oct 2006 060090   Transfer
02103,F,8 Dec 2002,9779,9588,fulgens,,,JOHANSBRG    8 Dec 2002   5542   Birth                fulgens
02104,F,8 Dec 2002,9779,9588,fulgens,,,JOHANSBRG    8 Dec 2002   5543   Birth                fulgens | TRNSV SNK    7 Nov 2005   1996   Transfer | JOHANSBRG    8 Feb 2006   5543   Transfer
02105,F,10 Dec 2002,9203,0063,fulgens,,,PRETORIA    10 Dec 2002 909752   Birth      CELIA     fulgens
02106,M,10 Dec 2002,9203,0063,fulgens,,2003-03-23,PRETORIA    10 Dec 2002 909751   Birth      SULLY     fulgens | 23 Mar 2003          Death | [Death by: Unknown means]
02107,M,10 Dec 2002,9203,0063,fulgens,,2002-12-10,PRETORIA  10 Dec 2002 909749     Birth                fulgens | 10 Dec 2002            Death | [Death by: Euthanasia (medical)   Unknown   Musculoskeletal    Trauma]
02108,?,10 Dec 2002,9203,0063,fulgens,,2002-12-10,PRETORIA  10 Dec 2002 909750     Birth                fulgens | 10 Dec 2002            Death | [Death by: Euthanasia (medical)   Unknown   Musculoskeletal    Trauma]
02113,M,18 Dec 2002,9871,9777,fulgens,,2006-08-15,AUCKLAND    18 Dec 2002 A20215   Birth      BADAL     fulgens | HAMILTON    11 Aug 2006 600100   Transfer | 15 Aug 2006          Death | [Death by: Unknown means]
02114,M,18 Dec 2002,9871,9777,fulgens,,,AUCKLAND    18 Dec 2002 A20216   Birth      CHITO     fulgens | HAMILTON    11 Aug 2006 600101   Transfer
02115,F,18 Dec 2002,9871,9777,fulgens,,,AUCKLAND    18 Dec 2002 A20217   Birth      KHOSUVA   fulgens
02116,F,24 Dec 2002,9584,9583,fulgens,,,WELLINGTN   24 Dec 2002 020189   Birth      KUMARI    fulgens | KNOXVILLE   16 Jul 2007   3564   Transfer
02117,F,24 Dec 2002,9584,9583,fulgens,,,WELLINGTN   24 Dec 2002 020190   Birth      AKKALI    fulgens | KNOXVILLE   18 Jul 2007   3563   Transfer
02109,F,25 Dec 2002,0060,0058,fulgens,,2003-01-12,EMERALD    25 Dec 2002 E00520     Birth     AMY         fulgens | PRETORIA   29 Dec 2002 909822     Transfer | 12 Jan 2003            Death | [Death by: Other/Unknown        Unknown    Necropsy planned later   Unknown after necropsy]
02110,?,25 Dec 2002,0060,0058,fulgens,,2002-12-29,EMERALD    25 Dec 2002 E00521     Birth                 fulgens | 29 Dec 2002            Death | [Death by: Other/Unknown        Unknown    Necropsy planned later   Unknown after necropsy]
02102,M,26 Dec 2002,9976,9786,fulgens,,,TRNSV SNK   26 Dec 2002   1248      Birth      TAZZ     fulgens | PRETORIA     6 Mar 2003 909946      Transfer
02118,M,26 Dec 2002,9976,9786,fulgens,,2003-01-15,TRNSV SNK  26 Dec 2002     1249     Birth     FRODO     fulgens | 15 Jan 2003              Death | [Death by: Other/Unknown        Unknown    Necropsy planned later     Unknown after necropsy]
0397,?,1 Jan 2003,00112,9679,fulgens,,,BESTER       1 Jan 2003   MB119     Birth               fulgens
0392,F,3 Jan 2003,9203,0062,fulgens,,,PRETORIA     3 Jan 2003 909836      Birth      SUNE     fulgens | BANGKOK     12 Apr 2006 ______      Transfer
0393,M,4 Jan 2003,9203,0062,fulgens,,,PRETORIA     4 Jan 2003 909837      Birth      SELWYN   fulgens | BANGKOK     12 Apr 2006 ______      Transfer
0394,F,4 Jan 2003,9203,0062,fulgens,,,PRETORIA     4 Jan 2003 909838      Birth      SANDY    fulgens
0350,M,5 Jan 2003,0053,9432,fulgens,,,PERTH        5 Jan 2003 A30002      Birth      MALI     fulgens | PALMGROVE   16 Mar 2004 ______      Transfer
0351,F,5 Jan 2003,0053,9432,fulgens,,,PERTH        5 Jan 2003 A30003      Birth      ARU      fulgens | YARRALUML    9 Nov 2005 A05042      Transfer
0352,M,15 Jan 2003,9954,9872,fulgens,,,ADELAIDE    15 Jan 2003 A30043      Birth      RARA     fulgens | PALMGROVE   16 Mar 2004 ______      Transfer
0353,F,15 Jan 2003,9954,9872,fulgens,,,ADELAIDE    15 Jan 2003 A30044      Birth      MISHMI   fulgens | MOGO         4 Feb 2005 A50013      Transfer
0354,M,15 Jan 2003,9954,9872,fulgens,,2003-01-15,ADELAIDE    15 Jan 2003 A30045      Birth               fulgens | 15 Jan 2003             Death | [Death by: Unknown means]
0355,?,15 Jan 2003,0060,0059,fulgens,,2003-01-20,EMERALD    15 Jan 2003 E00525     Birth                             fulgens | 20 Jan 2003            Death | [Death by: Other/Unknown        Unknown    Necropsy planned later   Unknown after necropsy]
0357,?,15 Jan 2003,0060,0059,fulgens,,2003-01-20,EMERALD    15 Jan 2003 E00526     Birth                             fulgens | 20 Jan 2003            Death | [Death by: Other/Unknown        Unknown    Necropsy planned later   Unknown after necropsy]
0356,F,7 Feb 2003,9404,95127,fulgens,,,DARJEELIN    7 Feb 2003   TDJI3   Birth      SHEETAL                fulgens
0365,M,25 May 2003,8977,9444,,,2003-06-28,TOHOKU PK | 25 May 2003   0027     Birth                   JAZGA 512C   styani | 28 Jun 2003            Death | [Death by: Environ/Behav conditions   Unknown   No necropsy planned]
0367,F,25 May 2003,8977,9444,,,2003-06-29,TOHOKU PK | 25 May 2003   0028     Birth                   JAZGA 513C   styani | 29 Jun 2003            Death | [Death by: Environ/Behav conditions   Unknown   No necropsy planned]
0309,F,26 May 2003,0104,0118,fulgens,,,ERIE        26 May 2003   1278    Birth      LANA                   fulgens | OAKHILL     30 Mar 2004 242302    Transfer | PUEBLO      28 Oct 2004 M24028    Transfer | OAKHILL     10 Nov 2005 242302    Transfer
0310,M,26 May 2003,0104,0118,fulgens,,,ERIE        26 May 2003    1277   Birth      CHEN                   fulgens | MINNESOTA   24 Mar 2004   11105   Transfer
0301,M,27 May 2003,0112,0105,fulgens,,,SOUTHBEND   27 May 2003   23037   Birth      SCOOTER                fulgens | FT WAYNE    26 Feb 2004   97077   Transfer | MINNESOTA   28 Feb 2007   11862   Transfer
0345,M,3 Jun 2003,9764,9751,fulgens,,,EICHBERG     3 Jun 2003 ______    Birth      PONG                   fulgens | LILLE ZO    28 Jan 2005   2200    Transfer
0346,F,3 Jun 2003,9764,9751,fulgens,,,EICHBERG     3 Jun 2003 ______    Birth                             fulgens | DUISBURG    10 Oct 2007   5486    Transfer
0347,?,9 Jun 2003,9309,9946,fulgens,,2003-07-05,WHIPSNADE    9 Jun 2003     565   Birth                             fulgens | 5 Jul 2003           Death | [Death by: Unknown means]
0348,?,9 Jun 2003,9309,9946,fulgens,,2003-07-05,WHIPSNADE    9 Jun 2003     580   Birth                             fulgens | 5 Jul 2003           Death | [Death by: Unknown means]
0311,F,13 Jun 2003,9339,9241,fulgens,,2003-06-16,KNOXVILLE    13 Jun 2003   2688   Birth                             fulgens | 16 Jun 2003          Death | [Death by: Unknown means]
0314,?,15 Jun 2003,9520,0003,fulgens,,2003-06-18,SCOTTSBLU    15 Jun 2003   1295   Birth                             fulgens | 18 Jun 2003          Death | [Death by: Unknown means]
0315,?,15 Jun 2003,9520,0003,fulgens,,2003-06-18,SCOTTSBLU    15 Jun 2003   1296   Birth                             fulgens | 18 Jun 2003          Death | [Death by: Unknown means]
0320,M,15 Jun 2003,9666,9559,fulgens,,,BRISTOL      15 Jun 2003   8547   Birth      BABU                   fulgens | BIRMNGHAM    21 Mar 2005    355   Transfer | EDINBURGH    27 Jan 2008 MO8A01   Transfer | KINGUSSIE     8 Feb 2008   5236   Transfer
0321,M,15 Jun 2003,9666,9559,fulgens,,,BRISTOL      15 Jun 2003   8548   Birth      TENZING                fulgens | BIRMNGHAM    21 Mar 2005    356   Transfer | ASSON        23 Dec 2008   2966   Transfer
0360,M,16 Jun 2003,9052,9787,styani,NON-NON,,NAGANO       16 Jun 2003 ______   Birth      NON-NON   JAZGA 507C   styani | TOKUYAMA    ~2004 +/-1yr ______   Transfer | TAIPEI       15 Dec 2005 ______   Transfer
0361,F,16 Jun 2003,9052,9787,styani,TYI-TYI,,NAGANO       16 Jun 2003 ______   Birth      TYI-TYI   JAZGA 508C   styani | CHIBA SHI     7 Mar 2005 ______   Transfer
0362,F,16 Jun 2003,9052,9787,styani,TIHIRO,,NAGANO       16 Jun 2003 ______   Birth      TIHIRO    JAZGA 509C   styani | TOBU         18 Dec 2005 ______   Transfer
0302,F,18 Jun 2003,9381,9473,,,,CINCINNAT    18 Jun 2003 103095   Birth      HUN-E | MEMPHIS       2 Jun 2004 21437    Transfer                          styani | COLUMBUS     20 Nov 2007 207060   Transfer
0304,M,18 Jun 2003,0094,0095,styani,,,WINNIPEG     18 Jun 2003 D00481   Birth                             styani
0322,M,19 Jun 2003,9240,9126,fulgens,,2003-10-07,LISBON       19 Jun 2003   8644   Birth                             fulgens | 7 Oct 2003          Death | [Death by: Unknown means]
0316,M,20 Jun 2003,9804,9731,fulgens,,2003-07-16,SANDIEGOZ   20 Jun 2003 503206    Birth                               fulgens | 16 Jul 2003           Death | [Death by: Unknown means]
0317,M,20 Jun 2003,9804,9731,fulgens,,2003-06-22,SANDIEGOZ   20 Jun 2003 503204    Birth                               fulgens | 22 Jun 2003           Death | [Death by: Unknown means]
0318,F,20 Jun 2003,9804,9731,fulgens,,2003-06-22,SANDIEGOZ   20 Jun 2003 503205    Birth                               fulgens | 22 Jun 2003           Death | [Death by: Unknown means]
0319,M,21 Jun 2003,9662,9672,fulgens,,,GORLITZ     21 Jun 2003 ______    Birth                               fulgens | ESTEPONA    21 Sep 2004    1P2    Transfer
0363,F,21 Jun 2003,0085,0086,styani,MEI,2006-08-26,NAGANO      21 Jun 2003 ______    Birth      MEI         JAZGA 510C   styani | SEOL CGP    25 Apr 2005 M7234     Transfer | 26 Aug 2006           Death | [Death by: Unknown means]
0358,M,22 Jun 2003,01127,97116,fulgens,,,DARJEELIN   22 Jun 2003 TDJ14     Birth      NAKUL                    fulgens | GANGTOK      3 Apr 2007 RP0714    Transfer
0359,M,22 Jun 2003,01127,97116,fulgens,,,DARJEELIN   22 Jun 2003   TDJ15   Birth      NAKUL                    fulgens
0364,?,23 Jun 2003,9254,9171,styani,JAZGA,2003-06-24,ASAHIKAWA 23 Jun 2003 ______     Birth                   JAZGA 511C   styani | 24 Jun 2003            Death | [Death by: Injury from exhibit mate   Unknown   No necropsy planned]
0305,F,24 Jun 2003,9110,0007,fulgens,,,SYRACUSE    24 Jun 2003 M03059    Birth      AMBERFIRE                fulgens | BUFFALO     24 Jun 2003 M03049    Transfer | MEMPHIS     12 Nov 2004 21629     Transfer | BLOOMINGT    5 Apr 2006 M06017    Transfer | FT WAYNE     5 Mar 2007 97841     Transfer
0306,F,24 Jun 2003,9110,0007,fulgens,,,SYRACUSE    24 Jun 2003 M03058    Birth      MOIRE                    fulgens | NY BRONX    28 Jul 2005 MO5129    Transfer
0307,F,24 Jun 2003,9110,0007,fulgens,,,SYRACUSE    24 Jun 2003 M03060    Birth      SORCHA                   fulgens | OAKHILL     28 Oct 2004 240327    Transfer
0308,M,25 Jun 2003,9350,0106,fulgens,,,CENTRALPK   25 Jun 2003 C03135   Birth      ROCCO                   fulgens | LINCOLN C   19 Oct 2004   1406   Transfer | JACKSON     19 Dec 2006 200582   Transfer | NZP-CRC     30 Oct 2008 114377   Transfer
0383,M,25 Jun 2003,0085,0097,styani,TORAKITI,,TOKUYAMA    25 Jun 2003 ______   Birth      TORAKITI   JAZGA 514C   styani | MITO CHO    24 Jun 2006 ______   Transfer
0384,F,25 Jun 2003,0085,0097,styani,JAZGA,2003-06-25,TOKUYAMA  25 Jun 2003 ______     Birth                 JAZGA 515C   styani | 25 Jun 2003            Death | [Death by: Environ/Behav conditions   Unknown   No necropsy planned]
0323,F,26 Jun 2003,9670,9754,fulgens,,,ROTTERDAM   26 Jun 2003 106669   Birth      CYNTHIA                 fulgens | SCHMIDING   11 Aug 2004 930862   Transfer | BUDAPEST    26 Aug 2006 100059   Transfer
0324,F,26 Jun 2003,9670,9754,fulgens,,,ROTTERDAM   26 Jun 2003 106676   Birth      EVELINE                 fulgens | SCHMIDING   11 Aug 2004 930861   Transfer
0368,M,26 Jun 2003,9997,9991,styani,JAZGA,,TOKYOTAMA   26 Jun 2003   4201   Birth                 JAZGA 516C   styani | YUKI        14 Apr 2004 ______   Transfer
0369,M,26 Jun 2003,9997,9991,styani,KITARO,,TOKYOTAMA   26 Jun 2003   4271   Birth      KITARO     JAZGA 517C   styani | TOKYOUENO   10 Jan 2006   4271   Transfer
0303,F,27 Jun 2003,0001,9809,fulgens,,,MINNESOTA   27 Jun 2003 10977    Birth      ISABEL                  fulgens | WHEELING    18 Mar 2004   3445   Transfer | ATLANTA     17 Nov 2005 A51043   Transfer | ST LOUIS     2 Nov 2008 106948   Transfer
0325,F,27 Jun 2003,9581,9331,fulgens,,2003-06-30,HANNOVER    27 Jun 2003   V747   Birth                              fulgens | 30 Jun 2003          Death | [Death by: Unknown means]
0326,M,27 Jun 2003,9581,9331,fulgens,,2003-06-30,HANNOVER    27 Jun 2003   V748   Birth                              fulgens | 30 Jun 2003          Death | [Death by: Unknown means]
0334,F,28 Jun 2003,9410,9429,fulgens,,,KLEVE       28 Jun 2003 ______   Birth                              fulgens | ESTEPONA    13 Sep 2004    1P1   Transfer
0327,M,29 Jun 2003,9974,9734,fulgens,,,EPE         29 Jun 2003 101031   Birth      PAHILO                  fulgens | LEEUWARDE     15 Jan 2007 500630     Transfer
0335,F,29 Jun 2003,9948,0155,fulgens,,,YARMOUTH      29 Jun 2003 ______     Birth      RUSHER                fulgens
0336,M,1 Jul 2003,0023,9428,fulgens,,,BOISSIERE      1 Jul 2003   CPR5     Birth                            fulgens | AMIENS        30 Apr 2004 A04035     Transfer
0385,?,3 Jul 2003,9792,98034,styani,JAZGA,2003-07-03,KOCHI NOI      3 Jul 2003 ______     Birth               JAZGA 518C   styani | 3 Jul 2003            Death | [Death by: Other/Unknown       Unknown   Generalized   Genetic/Prenatal]
0386,M,3 Jul 2003,9792,98034,styani,JAZGA,,KOCHI NOI      3 Jul 2003 ______     Birth               JAZGA 519C   styani | SHIRAHAMA     14 Dec 2006 ______     Transfer
0328,?,4 Jul 2003,9577,9247,fulgens,,2003-07-08,AMSTERDAM      4 Jul 2003 M03078     Birth                            fulgens | 8 Jul 2003            Death | [Death by: Unknown means]
0329,M,5 Jul 2003,9553,9554,fulgens,,,LONDON RP      5 Jul 2003   2605     Birth      RUSTY                 fulgens | HILVARENB     29 Sep 2004 M03323     Transfer
0330,F,5 Jul 2003,9553,9554,fulgens,,,LONDON RP      5 Jul 2003   2606     Birth      ROXY                  fulgens | YARMOUTH      26 May 2005 ______     Transfer
0366,M,5 Jul 2003,9794,00103,styani,FUUTA,,NIHONDAIR      5 Jul 2003 ______     Birth      FUUTA    JAZGA 520C   styani | CHIBA SHI     30 Mar 2004 ______     Transfer
0337,M,6 Jul 2003,9547,9636,fulgens,,,DUBLIN         6 Jul 2003 A3M037     Birth                            fulgens | FOTA          14 May 2004   3649     Transfer
0338,M,6 Jul 2003,9547,9636,fulgens,,2004-01-19,DUBLIN         6 Jul 2003 A3M038     Birth                            fulgens | 19 Jan 2004            Death | [Death by: Unknown means]
0312,F,7 Jul 2003,9604,9625,fulgens,,,KNOXVILLE      7 Jul 2003   2699     Birth      ZOE                   fulgens | CHATTANOG     14 Apr 2004   1125     Transfer | BILLINGS      14 Nov 2008 M08012     Transfer
0313,M,7 Jul 2003,9604,9625,fulgens,,,KNOXVILLE      7 Jul 2003    2700    Birth      RUPERT                fulgens | LANSING       11 Apr 2004    2629    Transfer | DETROIT        7 Dec 2005   11702    Transfer
0339,M,7 Jul 2003,9853,9739,fulgens,,,BUSSOLENG    7 Jul 2003 AFF022   Birth                             fulgens | VIENNA      28 Nov 2004 M2879    Transfer | GARS        26 Jan 2005 ______   Transfer | SALZBURG     1 Jun 2005 M2236    Transfer
0340,?,7 Jul 2003,9853,9739,fulgens,,2003-10-14,BUSSOLENG    7 Jul 2003 AFF023   Birth                             fulgens | 14 Oct 2003          Death | [Death by: Unknown means]
0378,M,9 Jul 2003,93103,9784,fulgens,JAZGA,,HIGASHIIZ    9 Jul 2003 ______   Birth                JAZGA 521H   fulgens
0379,F,9 Jul 2003,93103,9784,fulgens,JAZGA,,HIGASHIIZ    9 Jul 2003 ______   Birth                JAZGA 522H   fulgens
0341,M,10 Jul 2003,0071,0153,fulgens,,2005-08-18,BALLAUGH    10 Jul 2003 M0053    Birth      JASPER                 fulgens | POZNAN      14 Feb 2005 MD0563   Transfer | 18 Aug 2005          Death | [Death by: Unknown means]
0370,M,15 Jul 2003,95122,9486,styani,KOU-KOU,,TOKUYAMA    15 Jul 2003 ______   Birth      KOU-KOU   JAZGA 523C   styani
0371,M,15 Jul 2003,95122,9486,styani,YUUKI,,TOKUYAMA    15 Jul 2003 ______   Birth      YUUKI     JAZGA 524C   styani | BUENOSAIR    4 Jul 2005 ______   Transfer
0372,M,15 Jul 2003,95122,9486,styani,SHIN-SHIN JAZGA,,TOKUYAMA    15 Jul 2003 ______   Birth      SHIN-SHIN JAZGA 525C   styani | TOKYOTAMA   28 May 2008 ______   Transfer
0373,F,15 Jul 2003,95122,9486,styani,JAZGA,2003-07-16,TOKUYAMA    15 Jul 2003 ______   Birth                JAZGA 526C   styani | 16 Jul 2003          Death | [Death by: Unknown means]
0342,M,16 Jul 2003,9548,9743,fulgens,,,FONTAINE    16 Jul 2003 77AF37   Birth      QIJI                   fulgens | LES SABLE    1 Jan 2004 77AF37   Transfer | POZNAN      19 Nov 2006 ______   Transfer
0343,F,17 Jul 2003,9642,9419,fulgens,,,FONTAINE    17 Jul 2003 77AF36   Birth      LULU                   fulgens | MADRID Z     9 Feb 2005   PR82   Transfer
0380,M,19 Jul 2003,9434,9681,fulgens,JAZGA,,HIGASHIIZ   19 Jul 2003 ______   Birth                JAZGA 521H   fulgens
0381,F,19 Jul 2003,9434,9681,fulgens,JAZGA,,HIGASHIIZ   19 Jul 2003 ______   Birth                JAZGA 528H   fulgens
0382,F,19 Jul 2003,9434,9681,fulgens,JAZGA,,HIGASHIIZ   19 Jul 2003 ______   Birth                JAZGA 529H   fulgens
0374,?,25 Jul 2003,97111,93107,styani,JAZGA,2003-07-25,TOKYOTAMA    25 Jul 2003   4238     Birth                JAZGA 530C   styani | 25 Jul 2003            Death | [Death by: Stillbirth      Unknown   No necropsy planned]
0375,M,25 Jul 2003,97111,93107,styani,JAZGA,,TOKYOTAMA     25 Jul 2003   4239     Birth               JAZGA 531C   styani | TOKOYO        10 Mar 2004 ______     Transfer
0331,?,27 Jul 2003,9860,9637,fulgens,,2003-07-27,WP KIRKCU     27 Jul 2003 ______     Birth                            fulgens | 27 Jul 2003            Death | [Death by: Unknown means]
0332,M,27 Jul 2003,9972,9324,fulgens,,2003-08-28,AALBORG       27 Jul 2003    FUL9    Birth                            fulgens | 28 Aug 2003            Death | [Death by: Unknown means]
0333,?,27 Jul 2003,9972,9324,fulgens,,2003-08-04,AALBORG       27 Jul 2003   FUL10    Birth                            fulgens | 4 Aug 2003            Death | [Death by: Unknown means]
0344,M,27 Jul 2003,9860,9637,fulgens,,,WP KIRKCU     27 Jul 2003 PEPPER     Birth      PEPPER                fulgens
0349,F,27 Jul 2003,9860,9637,fulgens,,,WP KIRKCU     27 Jul 2003    PIPA    Birth      PIPA                  fulgens | BELFAST       30 Nov 2005    5489    Transfer
0376,M,3 Aug 2003,9258,9174,styani,JAZGA,2004-10-13,OKAYAMA        3 Aug 2003 ______     Birth               JAZGA 532C   styani | 13 Oct 2004            Death | [Death by: Other/Unknown       Unknown   Respiratory   Unknown after necropsy]
0377,M,3 Aug 2003,9258,9174,styani,JAZGA,2003-08-03,OKAYAMA    3 Aug 2003 ______     Birth                   JAZGA 533C   styani | 3 Aug 2003            Death | [Death by: Injury from exhibit mate   Unknown   No necropsy planned]
0390,M,9 Dec 2003,0053,0055,fulgens,,,PERTH          9 Dec 2003 A30499     Birth      DAWA                  fulgens | MOGO           9 Jan 2006 A60002     Transfer | KALLANGUR     10 Apr 2009 ______     Transfer
0391,M,9 Dec 2003,0053,0055,fulgens,,,PERTH          9 Dec 2003 A30500     Birth      NIMA                  fulgens | MOGO           9 Jan 2006 A60001     Transfer | KALLANGUR     10 Apr 2009 ______     Transfer
0395,M,24 Dec 2003,00115,0065,fulgens,,,JOHANSBRG     24 Dec 2003    6057    Birth                            fulgens | LORY PARK     16 Jun 2005 ______     Transfer | JOHANSBRG     15 Dec 2005 ______     Transfer
0396,F,24 Dec 2003,00115,0065,fulgens,,2007-03-14,JOHANSBRG     24 Dec 2003    6058     Birth                       fulgens | 14 Mar 2007             Death | [Death by: Other/Unknown       Incinerate    Generalized   Trauma]
0407,M,1 Jan 2004,9779,9588,fulgens,,2004-02-03,JOHANSBRG  1 Jan 2004   5989         Birth                        fulgens | 3 Feb 2004                Death | [Death by: Environ/Behav conditions   Incinerate       Generalized         Trauma]
0408,M,1 Jan 2004,9779,9588,fulgens,,,JOHANSBRG      1 Jan 2004   5990     Birth                        fulgens | LORY PARK     16 Jun 2005 ______     Transfer | JOHANSBRG     15 Dec 2005   5990     Transfer
0401,F,19 Jan 2004,9954,9872,fulgens,,2006-01-22,ADELAIDE      19 Jan 2004 A40091     Birth        Chitwa          fulgens | 22 Jan 2006            Death | [Death by: Unknown means]
0402,M,19 Jan 2004,9954,9872,fulgens,,,ADELAIDE      19 Jan 2004 A40053     Birth        HIMAL           fulgens
0561,M,~ Jun 2004,WILD,WILD,,,,WILD          24 Jan 2005    NONE    Capture      JOHN | GANGTOK       24 Jan 2005   05/11    Transfer | DARJEELIN      3 Apr 2007   TDJ20    Transfer
0562,F,~ Jun 2004,WILD,WILD,,,,WILD         ~ 1 Jan 2005    NONE    Capture      LUCKY | GANGTOK       24 Jan 2005   05/12    Transfer
0579,M,~ Jun 2004,WILD,WILD,,,,WILD         ~ 1 Jan 2005    NONE    Capture      RAM | GANGTOK       24 Jan 2005    NONE    Transfer
0850,M,~ Jun 2004,WILD,WILD,,,,WILD           3 Aug 2008    NONE    Capture      KAIJLE
0437,M,2 Jun 2004,0094,0095,styani,,,WINNIPEG       2 Jun 2004 E00206     Birth        DUSK            styani | GRANBY        25 Aug 2005 M04048     Transfer
0438,F,2 Jun 2004,0094,0095,styani,,2008-09-09,WINNIPEG       2 Jun 2004 E00207     Birth                        styani | 9 Sep 2008            Death | [Death by: Unknown means]
0439,M,3 Jun 2004,9536,9706,fulgens,,2007-09-30,SACRAMNTO      3 Jun 2004 101077     Birth        ROCCO           fulgens | TAUTPHAUS     14 Apr 2005 K5M013     Transfer | 30 Sep 2007           Death | [Death by: Unknown means]
0440,M,3 Jun 2004,9536,9706,fulgens,,,SACRAMNTO    3 Jun 2004 101075    Birth      LOUIE                  fulgens | TAUTPHAUS   14 Apr 2005 K5M012    Transfer
0441,M,3 Jun 2004,9536,9706,fulgens,,2004-06-06,SACRAMNTO    3 Jun 2004 101076    Birth                             fulgens | 6 Jun 2004           Death | [Death by: Unknown means]
0412,F,8 Jun 2004,9383,0020,styani,,,CINCINNAT    8 Jun 2004 104026    Birth      MALIKHA                styani | CALGARY     28 Sep 2005 107178    Transfer
0413,M,8 Jun 2004,9383,0020,styani,,,CINCINNAT    8 Jun 2004 104027    Birth                             styani | SEATTLE     16 Feb 2005 201754    Transfer
0457,M,10 Jun 2004,9446,97100,styani,JAZGA,,ZOORASIA    10 Jun 2004 ______    Birth                JAZGA 534C   styani
0458,F,10 Jun 2004,9446,97100,styani,KO-I,,ZOORASIA    10 Jun 2004 ______    Birth      KO-I      JAZGA 535C   styani | KUSHIRO Z    7 Jun 2006 ______    Transfer
0414,F,11 Jun 2004,9110,0204,fulgens,,2004-06-12,MILL MOUN   11 Jun 2004     516   Birth                             fulgens | 12 Jun 2004           Death | [Death by: Unknown means]
0415,F,11 Jun 2004,9110,0204,fulgens,,2004-06-13,MILL MOUN   11 Jun 2004     515   Birth                             fulgens | 13 Jun 2004           Death | [Death by: Unknown means]
0416,?,13 Jun 2004,9520,0003,fulgens,,2004-06-16,SCOTTSBLU   13 Jun 2004    1329   Birth                             fulgens | 16 Jun 2004           Death | [Death by: Unknown means]
0417,?,13 Jun 2004,9520,0003,fulgens,,2004-06-16,SCOTTSBLU   13 Jun 2004    1330   Birth                             fulgens | 16 Jun 2004           Death | [Death by: Unknown means]
0444,?,15 Jun 2004,9577,9247,fulgens,,2004-06-16,AMSTERDAM   15 Jun 2004 M04070    Birth                             fulgens | 16 Jun 2004           Death | [Death by: Unknown means]
0418,F,16 Jun 2004,0112,0105,fulgens,,,SOUTHBEND   16 Jun 2004   24049   Birth      NYIMA                  fulgens | INDIANAPL     18 Mar 2005 205078     Transfer
0419,F,16 Jun 2004,0112,0105,fulgens,,2008-01-22,SOUTHBEND     16 Jun 2004 24050      Birth      DA-NU                     fulgens | INDIANAPL     18 Mar 2005 205079     Transfer | FRANKLINP     16 Nov 2007 A07036     Transfer | 22 Jan 2008            Death | [Death by: Unknown means]
0420,M,17 Jun 2004,0209,9704,fulgens,,2004-06-17,OR WILDLF     17 Jun 2004 204904      Birth                               fulgens | 17 Jun 2004             Death | [Death by: Other/Unknown       Incinerate    Generalized   Unknown after necropsy]
0455,F,~17 Jun 2004,0051,0034,fulgens,,2005-01-04,RHENEN       ~17 Jun 2004   1002     Birth                                fulgens | 4 Jan 2005            Death | [Death by: Unknown means]
0456,?,~17 Jun 2004,0051,0034,fulgens,,2004-10-01,RHENEN       ~17 Jun 2004   1003     Birth                                fulgens | ~ 1 Oct 2004            Death | [Death by: Unknown means]
0459,F,17 Jun 2004,9997,9991,styani,JAZGA,,TOKYOTAMA     17 Jun 2004 ______     Birth                   JAZGA 536C   styani | NAGANO        29 Mar 2005 ______     Transfer | HIROSHIMA     17 Jun 2006 ______     Transfer
0460,F,17 Jun 2004,9997,9991,styani,JAZGA,,TOKYOTAMA     17 Jun 2004 ______     Birth                   JAZGA 537C   styani | TAIPEI        15 Dec 2005 ______     Transfer
0461,M,17 Jun 2004,0096,0086,styani,REN,,NAGANO        17 Jun 2004 ______     Birth      REN          JAZGA 538C   styani | KOCHI NOI     16 Dec 2006 ______     Transfer
0462,M,17 Jun 2004,0096,0086,styani,TYAO,,NAGANO        17 Jun 2004 ______     Birth      TYAO         JAZGA 539C   styani | TOKYOUENO     15 Dec 2006 ______     Transfer
0463,F,17 Jun 2004,0096,0086,styani,NANA,2008-11-27,NAGANO        17 Jun 2004 ______     Birth      NANA         JAZGA 540C   styani | 27 Nov 2008            Death | [Death by: Unknown means]
0421,M,18 Jun 2004,0104,0118,fulgens,,2005-08-10,ERIE          18 Jun 2004   1406     Birth      MONTGOMERY                fulgens | COLO SPRG     18 Jun 2004 24M092     Transfer | MILWAUKEE     30 Jun 2005   5215     Transfer | 10 Aug 2005            Death | [Death by: Unknown means]
0422,F,18 Jun 2004,0104,0118,fulgens,,2007-09-27,ERIE          18 Jun 2004    1407      Birth      POPPY                  fulgens | MILWAUKEE     30 Jun 2005    5216      Transfer | 27 Sep 2007              Death | [Death by: Unknown means]
0423,M,18 Jun 2004,0104,0118,fulgens,,2004-08-01,ERIE          18 Jun 2004    1408     Birth                              fulgens | 1 Aug 2004             Death | [Death by: Other/Unknown       Incinerate    Unknown (after necropsy)]
0409,M,20 Jun 2004,9650,9330,fulgens,,2004-07-22,DARJEELIN     20 Jun 2004   TDJ16      Birth                             fulgens | 22 Jul 2004              Death | [Death by: Unknown means]
0410,F,20 Jun 2004,9650,9330,fulgens,,2004-08-08,DARJEELIN     20 Jun 2004   TDJ17      Birth                             fulgens | 8 Aug 2004              Death | [Death by: Unknown means]
0447,F,22 Jun 2004,9936,0050,fulgens,,,BUSSOLENG     22 Jun 2004 AFF024       Birth                             fulgens | LIBEREC       21 Nov 2005 ______       Transfer
0498,F,22 Jun 2004,9309,9946,,,,WHIPSNADE     22 Jun 2004     968      Birth
0499,?,22 Jun 2004,9309,9946,,,2004-08-01,WHIPSNADE     22 Jun 2004     969      Birth | 1 Aug 2004              Death | [Death by: Unknown means]
0445,M,~24 Jun 2004,9663,9763,fulgens,,2006-09-26,BARCELONA ~24 Jun 2004        8827      Birth                             fulgens | ASSON       4 Jul 2005        2657      Transfer | 26 Sep 2006                  Death | [Death by: Unknown means]
0446,M,24 Jun 2004,9663,9763,fulgens,,2006-01-25,BARCELONA     24 Jun 2004   8828       Birth                             fulgens | PLOCK          6 Oct 2005 A20187       Transfer | 25 Jan 2006              Death | [Death by: Unknown means]
0466,M,26 Jun 2004,96105,UNK,,JAZGA,2004-06-28,HIRAKATA      26 Jun 2004 ______       Birth                JAZGA 543C | 28 Jun 2004              Death                             styani | [Death by: Other/Unknown       Unknown   Digestive     Unknown after necropsy]
0493,?,26 Jun 2004,9323,9750,fulgens,,2006-03-09,ESKILSTUN     26 Jun 2004    1624      Birth                             fulgens | 9 Mar 2006          Death | [Death by: Unknown means]
0424,F,27 Jun 2004,9381,9473,styani,,,CINCINNAT   27 Jun 2004 104032   Birth      ELLYANNA                styani | GRANBY       4 Nov 2005 M04050   Transfer
0425,F,27 Jun 2004,9804,9731,fulgens,,,SANDIEGOZ   27 Jun 2004 504153   Birth      Gretchen                fulgens | ERIE         2 Nov 2005   1480   Transfer | SEDGWICK     9 Apr 2009 12486    Transfer
0426,M,27 Jun 2004,9804,9731,fulgens,,,SANDIEGOZ   27 Jun 2004 504154   Birth                              fulgens | NY BRONX    11 Aug 2005 M05139   Transfer
0451,M,27 Jun 2004,0137,9830,fulgens,,2004-07-03,MADRID Z    27 Jun 2004   PR78   Birth                              fulgens | 3 Jul 2004          Death | [Death by: Unknown means]
0452,M,27 Jun 2004,0137,9830,fulgens,,2004-08-03,MADRID Z    27 Jun 2004   PR79   Birth                              fulgens | 3 Aug 2004          Death | [Death by: Unknown means]
0453,F,27 Jun 2004,0137,9832,fulgens,,,MADRID Z    27 Jun 2004   PR80   Birth      MAYA                    fulgens | PARIS JP    21 Feb 2006 MA6010   Transfer
0454,M,27 Jun 2004,0137,9832,fulgens,,,MADRID Z    27 Jun 2004   PR81   Birth      FERNANDO                fulgens | PLANCKNDL    4 Dec 2005 005014   Transfer
0464,M,28 Jun 2004,9998,9992,,APORO,,TOBE        28 Jun 2004 ______   Birth      APORO      JAZGA 541C | SEOL CGP    25 Apr 2005 M7233_   Transfer                           styani
0465,F,28 Jun 2004,9998,9992,,RUNA,,TOBE        28 Jun 2004 ______   Birth      RUNA       JAZGA 542C | OKAYAMA C   18 Apr 2005 ______   Transfer                           styani
0467,M,29 Jun 2004,0277,0256,styani,TORO,,HIGASHI M   29 Jun 2004   1248   Birth      TORO       JAZGA 544C   styani | ZOORASIA    11 Jul 2006 ______   Transfer
0468,F,29 Jun 2004,0277,0256,,RARA,,HIGASHI M   29 Jun 2004   1249   Birth      RARA       JAZGA 545C | ZOORASIA    11 Jul 2005 ______   Transfer                           styani
0469,M,29 Jun 2004,9791,9989,styani,SHI-REN,,TOHOKU PK   29 Jun 2004 ______   Birth      SHI-REN    JAZGA 546C   styani
0470,F,29 Jun 2004,9791,9989,styani,FOA-FOA,,TOHOKU PK   29 Jun 2004 ______   Birth      FOA-FOA    JAZGA 547C   styani | SEOUL         23 Sep 2008 ______       Transfer
0471,F,29 Jun 2004,8977,9444,,PI-PA,,TOHOKU PK     29 Jun 2004 ______       Birth       PI-PA   JAZGA 548C | BUENOSAIR      4 Jul 2005 ______       Transfer                          styani
0472,F,29 Jun 2004,8977,9444,,JAZGA,2004-06-30,TOHOKU PK     29 Jun 2004 ______       Birth               JAZGA 549C | 30 Jun 2004              Death                             styani | [Death by: Other/Unknown       Unknown   Digestive     Nutrition]
0427,M,1 Jul 2004,9804,9731,fulgens,,2004-07-04,SANDIEGOZ      1 Jul 2004 504152       Birth                             fulgens | 4 Jul 2004              Death | [Death by: Unknown means]
0428,M,2 Jul 2004,0111,0007,fulgens,,2004-07-05,SYRACUSE     2 Jul 2004 M04065      Birth                                fulgens | 5 Jul 2004             Death | [Death by: Environ/Behav conditions       Incinerate    Generalized    Unknown after necropsy]
0429,F,2 Jul 2004,0111,0007,fulgens,,,SYRACUSE       2 Jul 2004 M04066       Birth                             fulgens
0430,F,2 Jul 2004,0111,0007,fulgens,,2004-07-04,SYRACUSE     2 Jul 2004 M04067      Birth                                fulgens | 4 Jul 2004             Death | [Death by: Environ/Behav conditions       Incinerate    Generalized    Unknown after necropsy]
04103,F,3 Jul 2004,9642,9419,fulgens,,,FONTAINE       3 Jul 2004 77AF39       Birth                             fulgens | LEEUWARDE     12 Dec 2005 500595       Transfer
04104,F,3 Jul 2004,9642,9419,fulgens,,2004-09-03,FONTAINE       3 Jul 2004 77AF40       Birth                             fulgens | 3 Sep 2004              Death | [Death by: Unknown means]
0484,M,4 Jul 2004,93103,9784,fulgens,JAZGA,,HIGASHIIZ      4 Jul 2004 ______       Birth               JAZGA 550H    fulgens
0485,F,4 Jul 2004,93103,9784,fulgens,JAZGA,,HIGASHIIZ      4 Jul 2004 ______       Birth               JAZGA 551H    fulgens
0473,M,7 Jul 2004,8977,9445,,JAZGA,2004-07-08,TOHOKU PK      7 Jul 2004 ______       Birth               JAZGA 552C | 8 Jul 2004              Death                             styani | [Death by: Other/Unknown       Unknown   Generalized     Nutrition]
0474,?,7 Jul 2004,8977,9445,,JAZGA,2004-07-13,TOHOKU PK      7 Jul 2004 ______       Birth                JAZGA 553C | 13 Jul 2004              Death                             styani | [Death by: Other/Unknown       Unknown   Digestive     Unknown after necropsy]
0475,F,7 Jul 2004,8977,9445,styani,SHI-RU,,TOHOKU PK      7 Jul 2004 ______       Birth      SHI-RU   JAZGA 554C    styani
0494,M,8 Jul 2004,0071,0153,,,,BALLAUGH       8 Jul 2004   M0083      Birth | BRISTOL       17 Aug 2006    9500      Transfer
0495,F,8 Jul 2004,0071,0153,,,,BALLAUGH       8 Jul 2004 M0082        Birth | WP KIRKCU     24 Oct 2006 ______       Transfer
0476,M,9 Jul 2004,00102,0261,,RON,2005-06-21,EDOGAWA        9 Jul 2004 ______       Birth     RON       JAZGA 555C | 21 Jun 2005              Death                             styani | [Death by: Other/Unknown       Unknown   Generalized     Nutrition]
0477,M,10 Jul 2004,98024,9696,styani,TARA,,FUKUOKA       10 Jul 2004 ______       Birth      TARA     JAZGA 556C    styani | SENDAISHI      1 Feb 2006 ______       Transfer
0478,?,10 Jul 2004,01112,00103,styani,JAZGA,2004-07-10,NIHONDAIR     10 Jul 2004 ______       Birth                JAZGA 557C   styani | 10 Jul 2004              Death | [Death by: Other/Unknown       Unknown   Digestive     Unknown after necropsy]
0448,M,11 Jul 2004,9853,9739,fulgens,,,BUSSOLENG     11 Jul 2004 AFF025       Birth                             fulgens | LINZ ZOO      21 Oct 2005 ______       Transfer
0449,F,11 Jul 2004,9853,9739,fulgens,,,BUSSOLENG     11 Jul 2004 AFF026       Birth      BIANCA                 fulgens | AALBORG       16 Nov 2005 FUL13        Transfer
0479,M,13 Jul 2004,95107,UNK,styani,FUU,2006-11-06,AKITA         13 Jul 2004 ______       Birth      FUU      JAZGA 558C    styani | 6 Nov 2006              Death | [Death by: Unknown means]
0480,M,13 Jul 2004,95107,UNK,styani,RIKU,,AKITA         13 Jul 2004 ______       Birth      RIKU     JAZGA 559C    styani
0431,F,15 Jul 2004,0203,9465,fulgens,,2004-12-14,KNOXVILLE     15 Jul 2004   2897       Birth      MABEL                  fulgens | KANSASCTY     15 Jul 2004 M04040       Transfer | 14 Dec 2004              Death | [Death by: Unknown means]
0432,F,15 Jul 2004,0203,9465,fulgens,,,KNOXVILLE     15 Jul 2004   2898       Birth      GRACE                  fulgens | BOISE         18 Dec 2006 206015       Transfer
0496,F,15 Jul 2004,9547,9636,,,,DUBLIN        15 Jul 2004   AM019      Birth
0497,F,15 Jul 2004,9547,9636,,,,DUBLIN        15 Jul 2004   AM020      Birth
0481,F,16 Jul 2004,97111,93107,styani,NOA,,TOKYOTAMA   16 Jul 2004   4483    Birth      NOA       JAZGA 560C   styani | SENDAISHI    1 Feb 2006 ______    Transfer
0411,M,17 Jul 2004,01127,97116,fulgens,,2004-07-25,DARJEELIN   17 Jul 2004   TDJ18   Birth                             fulgens | 25 Jul 2004           Death | [Death by: Unknown means]
0433,F,17 Jul 2004,9350,0106,fulgens,,,CENTRALPK   17 Jul 2004 C04079    Birth      ROSE                   fulgens | SYRACUSE     6 Dec 2005 M05097    Transfer
0434,F,17 Jul 2004,9350,0106,fulgens,,,CENTRALPK   17 Jul 2004 C04080    Birth      SCARLET                fulgens | WHEELING    17 Nov 2005   3588    Transfer | GREENVISC   13 Nov 2008 M08005    Transfer
0435,F,18 Jul 2004,9604,9625,fulgens,,2006-11-09,KNOXVILLE   18 Jul 2004   2938    Birth      HAZEL                  fulgens | NY BRONX    14 Jun 2005 M05105    Transfer | 9 Nov 2006           Death | [Death by: Unknown means]
0436,F,18 Jul 2004,9604,9625,fulgens,,,KNOXVILLE   18 Jul 2004   2939    Birth      RUTH                   fulgens | CLEVELAND   12 Dec 2005 M51208    Transfer
04105,F,18 Jul 2004,9642,0237,fulgens,,,FONTAINE    18 Jul 2004 77AF41    Birth                             fulgens | EPE         12 Dec 2005 101423    Transfer | LEEUWARDE   13 Apr 2006 ______    Transfer | EPE         15 Jan 2007 101423    Transfer
04106,M,18 Jul 2004,9642,0237,fulgens,,,FONTAINE    18 Jul 2004 77AF42    Birth      GUISMO                 fulgens | SCHMIDING    7 Apr 2006 930962    Transfer
0450,F,19 Jul 2004,0133,0041,fulgens,,,GIVSKUD     19 Jul 2004 AILF05    Birth                             fulgens | BERLIN TP   16 Nov 2005 M03091    Transfer
04100,?,19 Jul 2004,9860,9637,,,,WP KIRKCU   19 Jul 2004 ______    Birth
04101,?,19 Jul 2004,9860,9637,,,,WP KIRKCU   19 Jul 2004 ______    Birth
04102,M,19 Jul 2004,9860,9637,,,,WP KIRKCU   19 Jul 2004 ______    Birth
0482,M,23 Jul 2004,9598,96109,styani,JAZGA,,HIROSHIMA   23 Jul 2004 ______    Birth                JAZGA 561C   styani
0483,M,23 Jul 2004,9598,96109,styani,JAZGA,,HIROSHIMA   23 Jul 2004 ______    Birth                 JAZGA 562C   styani
0442,M,28 Jul 2004,9968,9933,fulgens,,,AGRATE      28 Jul 2004   1494    Birth                              fulgens | ROTTERDAM   25 Apr 2006 ______    Transfer
0443,F,28 Jul 2004,9968,9933,fulgens,,2006-02-17,AGRATE    28 Jul 2004   1495      Birth                              fulgens | 17 Feb 2006             Death | [Death by: Environ/Behav conditions   Incinerate    No necropsy planned]
0486,F,29 Jul 2004,9434,9681,fulgens,JAZGA,,HIGASHIIZ   29 Jul 2004 ______    Birth                 JAZGA 563H   fulgens
0487,F,29 Jul 2004,9434,9681,fulgens,JAZGA,,HIGASHIIZ   29 Jul 2004 ______    Birth                 JAZGA 564H   fulgens
0403,M,9 Dec 2004,0292,9874,fulgens,,,MOGO         9 Dec 2004 A40040    Birth      SAM                     fulgens
0404,M,9 Dec 2004,0292,9874,fulgens,,2005-01-13,MOGO         9 Dec 2004 A40045    Birth                              fulgens | 13 Jan 2005           Death | [Death by: Unknown means]
0490,M,9 Dec 2004,9779,9588,fulgens,,,JOHANSBRG    9 Dec 2004   6558    Birth                              fulgens | BOSHOFF C    5 Oct 2005 ______    Transfer
0491,M,9 Dec 2004,9779,9588,fulgens,,2004-12-12,JOHANSBRG  9 Dec 2004   6559      Birth                              fulgens | 12 Dec 2004             Death | [Death by: Environ/Behav conditions   Incinerate    Digestive    Trauma]
0405,M,16 Dec 2004,0292,0291,fulgens,,,MOGO        16 Dec 2004 A40044    Birth      FRODO                   fulgens
0406,F,16 Dec 2004,0292,0291,fulgens,,2005-01-03,MOGO        16 Dec 2004 A40046    Birth                              fulgens | 3 Jan 2005           Death | [Death by: Unknown means]
0492,F,25 Dec 2004,00114,0065,fulgens,,,JOHANSBRG   25 Dec 2004   6591    Birth                              fulgens
0547,F,10 May 2005,9791,9988,styani,SHAN TOU,,TOHOKU PK   10 May 2005 ______    Birth      SHAN TOU   JAZGA 565C   styani | FARGO       21 Feb 2007 107002    Transfer
0500,F,16 May 2005,0094,0095,styani,,,WINNIPEG    16 May 2005 F00136    Birth      RUSTY                   styani | FARGO       31 Oct 2006 106011    Transfer
0501,M,16 May 2005,0094,0095,styani,,,WINNIPEG    16 May 2005 F00137    Birth      ROVER                   styani | COLUMBUS    31 Oct 2006 206087    Transfer
0525,M,6 Jun 2005,9924,0343,fulgens,,2005-07-16,MADRID Z       6 Jun 2005   PR83     Birth                                fulgens | 16 Jul 2005            Death | [Death by: Unknown means]
0526,F,6 Jun 2005,9924,0343,fulgens,,,MADRID Z       6 Jun 2005   PR84     Birth       MARIA                    fulgens | PRAHA         22 Dec 2006 260412     Transfer
0521,F,10 Jun 2005,0117,0208,fulgens,LEO MEI,,NZP-CRC       10 Jun 2005 113985     Birth       LEO MEI     AZA 0502     fulgens | NZP-WASH       2 Oct 2005 113985     Transfer | NZP-CRC       11 Dec 2007 113985     Transfer
0522,F,10 Jun 2005,0117,0208,fulgens,XIAO MEI,2009-06-16,NZP-CRC       10 Jun 2005 113986     Birth       XIAO MEI    AZA 0503     fulgens | NZP-WASH       2 Oct 2006 113986     Transfer | KANSASCTY     18 Dec 2007 M07082     Transfer | 16 Jun 2009            Death | [Death by: Unknown means]
0503,M,12 Jun 2005,0104,0118,fulgens,,,ERIE          12 Jun 2005   1463     Birth       HARLEY                   fulgens | CINCINNAT     13 Jun 2006 106052     Transfer | PERTH         13 Jun 2006 A60344     Transfer
0506,F,12 Jun 2005,9725,0305,fulgens,,,MEMPHIS       12 Jun 2005 21753      Birth       AMBERFIRE                fulgens | BLOOMINGT      6 Apr 2006 M06019     Transfer | SIOUX FAL     19 Dec 2006   3506     Transfer | DETROIT       20 Nov 2008 12214      Transfer
0507,F,12 Jun 2005,9725,0305,fulgens,,,MEMPHIS       12 Jun 2005 21754      Birth       TA-SHI                   fulgens | BLOOMINGT      6 Apr 2006 MO6017     Transfer | SIOUX FAL     19 Dec 2006   3506     Transfer
0548,M,14 Jun 2005,0277,0271,styani,JAZGA,2005-09-01,ICHIKAWA      14 Jun 2005 ______     Birth                   JAZGA 566C   styani | 1 Sep 2005            Death | [Death by: Other/Unknown       Unknown   Generalized   Nutrition]
0549,M,14 Jun 2005,0277,0271,styani,JAZGA,2005-09-08,ICHIKAWA      14 Jun 2005 ______     Birth                   JAZGA 567C   styani | 8 Sep 2005            Death | [Death by: Other/Unknown       Unknown   Generalized   Nutrition]
0550,M,14 Jun 2005,0277,0271,styani,JAZGA,,ICHIKAWA      14 Jun 2005 ______     Birth                   JAZGA 568C   styani
0524,M,15 Jun 2005,9240,9943,fulgens,,,LISBON        15 Jun 2005   9517     Birth                                fulgens | KOLN          15 Oct 2006   3571     Transfer
0508,F,16 Jun 2005,9110,0204,fulgens,,2005-06-26,MILL MOUN     16 Jun 2005    526     Birth                              fulgens | 26 Jun 2005            Death | [Death by: Other/Unknown       Bury   Generalized   Unknown after necropsy]
0509,M,16 Jun 2005,9110,0204,fulgens,,2005-06-19,MILL MOUN     16 Jun 2005    525     Birth                              fulgens | 19 Jun 2005            Death | [Death by: Other/Unknown       Bury   Generalized   Unknown after necropsy]
0516,?,17 Jun 2005,9520,0003,fulgens,,2005-06-17,SCOTTSBLU     17 Jun 2005 ______     Birth                              fulgens | 17 Jun 2005            Death | [Death by: Unknown means]
0527,M,19 Jun 2005,9662,9672,fulgens,,,GORLITZ       19 Jun 2005 ______     Birth                              fulgens | AACHEN ZO     20 Jun 2006 ______     Transfer
0528,F,19 Jun 2005,9662,9672,fulgens,,2006-05-09,GORLITZ       19 Jun 2005 ______     Birth                              fulgens | 9 May 2006            Death | [Death by: Unknown means]
0551,F,21 Jun 2005,9997,9991,styani,HANA,,TOKYOTAMA     21 Jun 2005 ______     Birth      HANA       JAZGA 569C   styani | TOYAMA Z      24 Apr 2007 ______     Transfer
0517,F,22 Jun 2005,0111,0007,fulgens,,2005-06-26,SYRACUSE      22 Jun 2005 M05080     Birth                              fulgens | 26 Jun 2005            Death | [Death by: Unknown means]
0518,M,22 Jun 2005,0111,0007,fulgens,,2005-06-25,SYRACUSE      22 Jun 2005 M05081     Birth                              fulgens | 25 Jun 2005            Death | [Death by: Unknown means]
0519,M,22 Jun 2005,0111,0007,fulgens,,2005-06-25,SYRACUSE      22 Jun 2005 M05082     Birth                              fulgens | 25 Jun 2005            Death | [Death by: Unknown means]
0529,?,22 Jun 2005,0329,0121,fulgens,,2005-07-19,HILVARENB     22 Jun 2005 M05059     Birth                              fulgens | 19 Jul 2005            Death | [Death by: Unknown means]
0530,?,22 Jun 2005,0329,0121,fulgens,,2005-07-18,HILVARENB     22 Jun 2005 M05060     Birth                              fulgens | 18 Jul 2005            Death | [Death by: Unknown means]
0531,M,22 Jun 2005,0038,0048,fulgens,,2005-12-15,OVERLOON    22 Jun 2005 300939   Birth      SHAIMING                  fulgens | 15 Dec 2005          Death | [Death by: Unknown means]
0532,F,22 Jun 2005,0038,0048,fulgens,,,OVERLOON    22 Jun 2005 300940   Birth      SHIWA                     fulgens | NURNBERG     5 Sep 2006 M02584   Transfer
0533,F,22 Jun 2005,0039,0254,fulgens,,,MUNICH      22 Jun 2005 082004   Birth                                fulgens | LES SABLE   18 Nov 2006 77AF46   Transfer
0534,F,22 Jun 2005,0039,0254,fulgens,,2005-07-30,MUNICH      22 Jun 2005 082005   Birth                                fulgens | 30 Jul 2005          Death | [Death by: Unknown means]
0502,M,23 Jun 2005,0275,0257,styani,,,CINCINNAT   23 Jun 2005 105035   Birth      QIN                       styani | FARGO       20 Apr 2007 107012   Transfer | PROSPECTP    6 Nov 2008 P08065   Transfer
0535,M,23 Jun 2005,0232,0127,fulgens,DORT,,"DORTMUND    23 Jun 2005 057026   Birth      DORT 3, CH                fulgens | BERLIN TP   16 Mar 2006 ______   Transfer"
0536,M,23 Jun 2005,0232,0127,fulgens,DORT,,"DORTMUND    23 Jun 2005 057027   Birth      DORT 4, FE                fulgens | HELSINKI    17 Mar 2007 207016   Transfer"
0552,F,23 Jun 2005,0096,9787,styani,KIRARA,,NAGANO      23 Jun 2005 ______   Birth      KIRARA       JAZGA 570C   styani | HIMEHI SH   29 Nov 2006 ______   Transfer
0553,M,23 Jun 2005,0096,9787,styani,RYU,,NAGANO      23 Jun 2005 ______   Birth      RYU          JAZGA 571C   styani
0554,M,23 Jun 2005,0096,9787,styani,SEITA,,NAGANO      23 Jun 2005 ______   Birth      SEITA        JAZGA 572C   styani | SAPPORO     28 Jun 2008 ______   Transfer
0555,M,23 Jun 2005,0276,0256,styani,TAKE,,HIGASHI M   23 Jun 2005 ______   Birth      TAKE         JAZGA 573C   styani | FARGO       21 Feb 2007 107001   Transfer
0556,M,23 Jun 2005,0276,0256,styani,NOKO,,HIGASHI M   23 Jun 2005   1276   Birth      NOKO         JAZGA 574C   styani
0514,F,24 Jun 2005,0112,0105,fulgens,,,SOUTHBEND   24 Jun 2005 25051    Birth      STELLA LUN                fulgens | NZP-CRC     27 Nov 2006 114168   Transfer
0515,M,24 Jun 2005,0112,0105,fulgens,,2005-06-29,SOUTHBEND   24 Jun 2005   25050   Birth                            fulgens | 29 Jun 2005           Death | [Death by: Unknown means]
0537,F,24 Jun 2005,9530,9841,fulgens,,,ANTWERP     24 Jun 2005 M10686    Birth      GWEN                  fulgens | COULANGE    12 May 2006    AF4    Transfer
0538,F,24 Jun 2005,9530,9841,fulgens,,,ANTWERP     24 Jun 2005 M10687    Birth      GEENA                 fulgens | USTI        18 May 2006 UL0544    Transfer
0557,M,25 Jun 2005,98035,0280,styani,JAZGA,,ICHIKAWA    25 Jun 2005 ______    Birth               JAZGA 575C   styani
0558,M,25 Jun 2005,98035,0280,styani,JAZGA,,ICHIKAWA    25 Jun 2005 ______    Birth               JAZGA 576C   styani
0580,F,25 Jun 2005,9309,9946,,,,WHIPSNADE   25 Jun 2005 ______    Birth | BLACKPOOL    6 Dec 2007 ______    Transfer                         fulgens
0581,F,25 Jun 2005,9309,9946,,,,WHIPSNADE   25 Jun 2005 ______    Birth
0510,F,27 Jun 2005,0209,9704,fulgens,,2005-07-13,OR WILDLF   27 Jun 2005 205943    Birth                            fulgens | 13 Jul 2005           Death | [Death by: Unknown means]
0511,M,27 Jun 2005,0209,9704,fulgens,,2005-06-27,OR WILDLF   27 Jun 2005 205944    Birth                            fulgens | 27 Jun 2005           Death | [Death by: Unknown means]
0539,F,28 Jun 2005,9642,9419,fulgens,,,FONTAINE    28 Jun 2005 77AF43    Birth      LAYA                  fulgens | ASSON       18 May 2006   2730    Transfer
0540,F,28 Jun 2005,9642,9419,fulgens,,,FONTAINE    28 Jun 2005 77AF44    Birth                            fulgens | ROTTERDAM   19 Jan 2007 107588    Transfer
0512,?,29 Jun 2005,0209,9805,fulgens,,2005-06-29,OR WILDLF   29 Jun 2005 205945    Birth                            fulgens | 29 Jun 2005           Death | [Death by: Unknown means]
0541,F,29 Jun 2005,0134,0024,fulgens,,,THOIRY      29 Jun 2005 A5088     Birth      POTALA                fulgens | NEUWIED      1 Jun 2006 ______    Transfer
0559,M,1 Jul 2005,9792,98034,styani,TAICHI,,KOCHI NOI    1 Jul 2005 ______    Birth      TAICHI   JAZGA 577C   styani | OSAKA       24 Mar 2008 ______    Transfer
0560,F,1 Jul 2005,9792,98034,styani,JAZGA,,KOCHI NOI      1 Jul 2005 ______     Birth                JAZGA 578C   styani
0564,?,1 Jul 2005,9792,98034,styani,JAZGA,2005-07-06,KOCHI NOI  1 Jul 2005 ______     Birth                    JAZGA 579C   styani | 6 Jul 2005            Death | [Death by: Injury from exhibit mate   Unknown   No necropsy planned]
0565,M,2 Jul 2005,96105,0083,styani,JAZGA,2005-07-05,HIRAKATA       2 Jul 2005 ______     Birth               JAZGA 580C    styani | 5 Jul 2005            Death | [Death by: Other/Unknown       Unknown   Respiratory   Unknown after necropsy]
0566,M,2 Jul 2005,96105,0083,styani,JAZGA,2005-07-05,HIRAKATA       2 Jul 2005 ______     Birth               JAZGA 581C    styani | 5 Jul 2005            Death | [Death by: Other/Unknown       Unknown   Respiratory   Unknown after necropsy]
0520,F,3 Jul 2005,0085,0097,,,2005-07-04,VALLEYZOO      3 Jul 2005 100992     Birth | 4 Jul 2005            Death                             styani | [Death by: Unknown means]
0567,M,4 Jul 2005,0293,00107,styani,JAZGA,,ICHIHARA       4 Jul 2005 ______     Birth                JAZGA 582C   styani
0568,M,4 Jul 2005,0293,00107,styani,JAZGA,,ICHIHARA       4 Jul 2005 ______     Birth                JAZGA 583C   styani
0569,M,7 Jul 2005,95107,01109,styani,JAZGA,,AKITA          7 Jul 2005 ______     Birth                JAZGA 584C   styani
0570,F,7 Jul 2005,95107,01109,styani,ANAN,,AKITA          7 Jul 2005 ______     Birth      ANAN      JAZGA 585C   styani | TOKYOUENO     29 Jan 2007 ______     Transfer
0571,F,7 Jul 2005,95107,01109,styani,MA-MA,,AKITA          7 Jul 2005 ______     Birth      MA-MA     JAZGA 586C   styani | HITACHI       26 Dec 2008 ______     Transfer
0542,?,8 Jul 2005,9670,9754,fulgens,,2005-08-23,ZURICH         8 Jul 2005 A50145     Birth                             fulgens | 23 Aug 2005            Death | [Death by: Unknown means]
0572,F,8 Jul 2005,93103,9784,fulgens,JAZGA,,HIGASHIIZ      8 Jul 2005 ______     Birth                JAZGA 587H   fulgens
0573,M,8 Jul 2005,00102,0261,styani,KOTAROU,,EDOGAWA        8 Jul 2005 ______     Birth      KOTAROU   JAZGA 588C   styani | TOKYO OSH     18 Apr 2007 ______     Transfer
0513,M,10 Jul 2005,0209,9806,fulgens,,2005-07-14,OR WILDLF     10 Jul 2005 205946     Birth                             fulgens | 14 Jul 2005            Death | [Death by: Unknown means]
0543,F,11 Jul 2005,0336,0243,fulgens,,2005-12-03,AMIENS      11 Jul 2005 A05070   Birth                            fulgens | 3 Dec 2005          Death | [Death by: Unknown means]
0544,F,11 Jul 2005,0336,0243,fulgens,,2005-11-30,AMIENS      11 Jul 2005 A05069   Birth                            fulgens | 30 Nov 2005          Death | [Death by: Unknown means]
0574,M,12 Jul 2005,9998,9992,styani,TENTEN,,TOBE        12 Jul 2005 ______   Birth      TENTEN   JAZGA 589C   styani | TOKYOUENO   29 Jan 2007 ______   Transfer
0575,?,12 Jul 2005,01112,00103,styani,JAZGA,2005-07-12,NIHONDAIR 12 Jul 2005 ______     Birth               JAZGA 590C   styani | 12 Jul 2005            Death | [Death by: Injury from exhibit mate   Unknown   No necropsy planned]
0504,F,21 Jul 2005,9604,9625,fulgens,,2005-07-22,KNOXVILLE   21 Jul 2005   3140   Birth                            fulgens | 22 Jul 2005          Death | [Death by: Unknown means]
0505,F,21 Jul 2005,9604,9625,fulgens,,2005-07-23,KNOXVILLE   21 Jul 2005   3141   Birth                            fulgens | 23 Jul 2005          Death | [Death by: Unknown means]
0523,?,27 Jul 2005,9325,9466,fulgens,,2005-07-27,SANDIEGOZ   27 Jul 2005 505201   Birth                            fulgens | 27 Jul 2005          Death | [Death by: Unknown means]
0545,F,3 Aug 2005,9853,9739,fulgens,,,BUSSOLENG    3 Aug 2005 AFF027   Birth                            fulgens | CAMBRON     12 Nov 2006   7626   Transfer
0546,F,3 Aug 2005,9853,9739,fulgens,,,BUSSOLENG    3 Aug 2005 AFF028   Birth                            fulgens | KREFELD      9 Mar 2007   1698   Transfer
0576,M,11 Aug 2005,9434,9681,fulgens,JAZGA,,HIGASHIIZ   11 Aug 2005 ______   Birth               JAZGA 591H   fulgens
0577,M,11 Aug 2005,9434,9681,fulgens,JAZGA,,HIGASHIIZ   11 Aug 2005 ______   Birth               JAZGA 592H   fulgens
0563,F,15 Dec 2005,0295,9682,fulgens,,,MELBOURNE   15 Dec 2005 A50744   Birth                            fulgens | MOGO         4 Jun 2008 A80007   Transfer
0578,M,15 Dec 2005,0053,0055,fulgens,,,PERTH       15 Dec 2005 A50496    Birth                            fulgens | MELBOURNE    6 Feb 2008 A80073    Transfer | BEERWAH      9 Apr 2009 A90035    Transfer
0600,M,6 May 2006,01127,9879,fulgens,,,DARJEELIN    6 May 2006   TDJ19   Birth      SHANEE                fulgens
0660,F,30 May 2006,9590,0084,styani,JAZG,,MIYAZAK     30 May 2006 ______    Birth                JAZG 593C   styani
0661,?,30 May 2006,9590,0084,styani,JAZG,2006-06-05,MIYAZAK   30 May 2006 ______     Birth                 JAZG 594C   styani | 5 Jun 2006            Death | [Death by: Injury from exhibit mate   Unknown   No necropsy planned]
0638,?,2 Jun 2006,9944,0043,fulgens,,2006-06-07,HUNBSTRND    2 Jun 2006 206022    Birth                            fulgens | 7 Jun 2006           Death | [Death by: Unknown means]
0662,M,2 Jun 2006,0366,0361,styani,YUUTA,,CHIBA SHI    2 Jun 2006 ______    Birth      YUUTA     JAZG 595C   styani | AKITA       17 Oct 2008 ______    Transfer
0663,F,2 Jun 2006,0366,0361,styani,FUUKA,,CHIBA SHI    2 Jun 2006 ______    Birth      FUUKA     JAZG 596C   styani | TOKUYAMA    30 Jun 2008 ______    Transfer
0664,M,5 Jun 2006,0263,0362,styani,RIKU,,TOBU         5 Jun 2006 ______    Birth      RIKU      JAZG 597C   styani
0665,F,5 Jun 2006,0263,0362,styani,AYA,,TOBU         5 Jun 2006 ______    Birth      AYA       JAZG 598C   styani | TOMIOKA     11 Dec 2007 ______    Transfer
0601,F,6 Jun 2006,9616,0007,fulgens,,,GREENVISC    6 Jun 2006 XFG003    Birth      DELILAH               fulgens | CHATTANOG   22 Dec 2006   1822    Transfer | BATTLE CR   24 Mar 2008 M08006    Transfer
0602,M,6 Jun 2006,9616,0007,fulgens,,,GREENVISC    6 Jun 2006 XGA004    Birth      DAMIEN                fulgens | CHATTANOG   22 Dec 2006   1823    Transfer
0603,F,6 Jun 2006,9616,0007,fulgens,,,GREENVISC    6 Jun 2006 XGA005    Birth      DAISY                 fulgens | CHATTANOG   22 Dec 2006   1824    Transfer | LANSING     12 Nov 2008   2876    Transfer
0604,M,7 Jun 2006,0275,0257,styani,,,CINCINNAT    7 Jun 2006 106051    Birth                            styani | AKRON       28 Jun 2007 111452    Transfer | TORONTO     12 Nov 2008 43465     Transfer
0605,F,7 Jun 2006,0275,0257,styani,,,CINCINNAT     7 Jun 2006 106050   Birth      IDGIE     styani | COLUMBUS     19 Oct 2007 207056   Transfer
0657,M,14 Jun 2006,0241,0156,,,2006-10-02,CHESTER      14 Jun 2006 ______   Birth | 2 Oct 2006          Death | [Death by: Unknown means]
0606,F,15 Jun 2006,0104,0425,fulgens,,,ERIE         15 Jun 2006   1516   Birth      CAYANNE   fulgens | CAPE MAY     18 Apr 2007   3297   Transfer | TAUTPHAUS    22 May 2008 K8M025   Transfer
0607,F,15 Jun 2006,0104,0425,fulgens,,2008-08-26,ERIE       15 Jun 2006  1517     Birth     CURRY       fulgens | CAPE MAY   18 Apr 2007  3298     Transfer | DETROIT    14 Dec 2007 12009     Transfer | 26 Aug 2008           Death | [Death by: Other/Unknown        Given to an institution: MICH ST  Generalized   Toxicity]
0647,?,16 Jun 2006,0051,0034,fulgens,,2007-01-07,RHENEN       16 Jun 2006   1717   Birth                fulgens | 7 Jan 2007          Death | [Death by: Unknown means]
0648,?,16 Jun 2006,0051,0034,fulgens,,2007-01-04,RHENEN       16 Jun 2006   1718   Birth                fulgens | ~ 4 Jan 2007          Death | [Death by: Unknown means]
0658,M,16 Jun 2006,0253,9959,,,,LYMPNE       16 Jun 2006 P20639   Birth | MARWELL      13 Dec 2007 ______   Transfer             fulgens
0651,M,18 Jun 2006,0319,0334,fulgens,,,ESTEPONA     18 Jun 2006    1P3   Birth                fulgens | LISBON       22 May 2007 ______   Transfer
0652,F,18 Jun 2006,0319,0334,fulgens,,2006-07-19,ESTEPONA     18 Jun 2006    1P4   Birth                fulgens | 19 Jul 2006          Death | [Death by: Unknown means]
0639,F,19 Jun 2006,9924,0343,fulgens,,,MADRID Z     19 Jun 2006   PR85   Birth                fulgens | AACHEN ZO    25 May 2007 ______   Transfer
0640,F,19 Jun 2006,9924,0343,fulgens,,,MADRID Z     19 Jun 2006   PR86   Birth                fulgens | BOISSIERE    20 Jun 2007   CPR7   Transfer | KRONBERG     16 Nov 2007    389   Transfer
0608,F,20 Jun 2006,9501,0412,styani,,2006-06-28,CALGARY     20 Jun 2006 107362   Birth                              styani | 28 Jun 2006          Death | [Death by: Unknown means]
0609,M,20 Jun 2006,9501,0412,styani,,2006-06-22,CALGARY     20 Jun 2006 107361   Birth                              styani | 22 Jun 2006          Death | [Death by: Unknown means]
0667,M,20 Jun 2006,0096,0086,styani,TSUBASA,,NAGANO      20 Jun 2006 ______   Birth      TSUBASA     JAZG 599C   styani
0668,F,20 Jun 2006,0096,0086,styani,JAZG,,NAGANO      20 Jun 2006 ______   Birth                  JAZG 600C   styani
0669,F,20 Jun 2006,0096,0086,styani,JAZG,,NAGANO      20 Jun 2006 ______   Birth                  JAZG 601C   styani
0610,M,21 Jun 2006,0426,0435,fulgens,,,NY BRONX    21 Jun 2006 M06133   Birth      STAN                    fulgens
0611,F,21 Jun 2006,0006,9809,fulgens,,,KANSASCTY   21 Jun 2006 M06050   Birth      JING LI                 fulgens | PHILADELP   27 Nov 2007 104549   Transfer
0612,F,21 Jun 2006,9804,9731,fulgens,,,SANDIEGOZ   21 Jun 2006 506211   Birth                              fulgens | NORFOLK      7 May 2007 207026   Transfer
0613,M,21 Jun 2006,9804,9731,fulgens,,,SANDIEGOZ   21 Jun 2006 506212   Birth                              fulgens | FRANKLINP    9 May 2007 A07011   Transfer
0636,?,21 Jun 2006,0329,0121,fulgens,,2006-07-10,HILVARENB   21 Jun 2006 M06062   Birth                              fulgens | 10 Jul 2006          Death | [Death by: Unknown means]
0637,M,21 Jun 2006,0329,0121,fulgens,,,HILVARENB   21 Jun 2006 M06061   Birth                              fulgens | DUISBURG    27 Jul 2007   5424   Transfer
0627,?,22 Jun 2006,0094,0095,styani,,2006-06-27,WINNIPEG    22 Jun 2006 ______   Birth                              styani | 27 Jun 2006          Death | [Death by: Unknown means]
0670,M,22 Jun 2006,9997,9991,styani,KOTAROU,,TOKYOTAMA   22 Jun 2006 ______   Birth      KOTAROU     JAZG 602C   styani | TOKUYAMA    27 May 2008 ______   Transfer
0671,F,22 Jun 2006,9997,9991,styani,AZISAI,,TOKYOTAMA   22 Jun 2006 ______   Birth      AZISAI      JAZG 603C   styani
0614,M,23 Jun 2006,9527,0208,fulgens,,,NZP-CRC     23 Jun 2006 114128   Birth      CHEWBACCA               fulgens | KNOXVILLE    9 Jan 2008    3641   Transfer
0615,F,23 Jun 2006,9110,0204,fulgens,,2006-06-30,MILL MOUN   23 Jun 2006     533   Birth                          fulgens | 30 Jun 2006           Death | [Death by: Unknown means]
0616,?,23 Jun 2006,9110,0204,fulgens,,2006-07-11,MILL MOUN   23 Jun 2006     534   Birth                          fulgens | 11 Jul 2006           Death | [Death by: Unknown means]
0672,F,23 Jun 2006,0277,0271,styani,MINFA,,ICHIKAWA    23 Jun 2006 ______    Birth      MINFA   JAZG 604C   styani | SABAE       20 Mar 2008 ______    Transfer
0673,F,23 Jun 2006,0277,0271,styani,MEIFA,,ICHIKAWA    23 Jun 2006 ______    Birth      MEIFA   JAZG 605C   styani
0674,F,24 Jun 2006,0276,0256,styani,KOKO,,HIGASHI M   24 Jun 2006 ______    Birth      KOKO    JAZG 606C   styani | SAPPORO     23 Oct 2007 ______    Transfer
0675,F,24 Jun 2006,0276,0256,styani,NATU,,HIGASHI M   24 Jun 2006 ______    Birth      NATU    JAZG 607C   styani
0644,F,25 Jun 2006,0042,9735,fulgens,,2006-06-25,HANNOVER    25 Jun 2006    V759   Birth                          fulgens | 25 Jun 2006           Death | [Death by: Unknown means]
0617,F,27 Jun 2006,0112,0105,fulgens,,,SOUTHBEND   27 Jun 2006   26077   Birth                          fulgens | MILL MOUN    5 Mar 2007     537   Transfer
0618,F,27 Jun 2006,0112,0105,fulgens,,,SOUTHBEND   27 Jun 2006 26078     Birth                          fulgens | ST LOUIS    19 Jun 2007 105862    Transfer
0619,M,27 Jun 2006,0308,99024,fulgens,,,LINCOLN C   27 Jun 2006    1458   Birth                          fulgens
0620,F,28 Jun 2006,9604,9625,fulgens,,,KNOXVILLE   28 Jun 2006    3330   Birth      B                   fulgens | SOUTHBEND   28 Feb 2007   27010   Transfer
0621,M,28 Jun 2006,9604,9625,fulgens,,,KNOXVILLE   28 Jun 2006   3329    Birth      TATE                fulgens | CAPE MAY    14 May 2007   3299    Transfer | NZP-WASH     5 Jan 2009 114386    Transfer
0622,?,28 Jun 2006,9604,9625,fulgens,,2006-06-28,KNOXVILLE   28 Jun 2006    3328   Birth                          fulgens | 28 Jun 2006           Death | [Death by: Unknown means]
0666,F,28 Jun 2006,96105,0083,styani,MOMIZI,,HIRAKATA     28 Jun 2006 ______     Birth        MOMIZI       JAZG 608C   styani
0678,M,28 Jun 2006,9993,9799,styani,JAZG,2006-06-29,SHIRAHAMA 28 Jun 2006 ______     Birth                        JAZG 609C   styani | 29 Jun 2006            Death | [Death by: Environ/Behav conditions   Unknown   No necropsy planned]
0679,F,28 Jun 2006,9993,9799,styani,JAZG,2006-06-29,SHIRAHAMA 28 Jun 2006 ______     Birth                        JAZG 610C   styani | 29 Jun 2006            Death | [Death by: Environ/Behav conditions   Unknown   No necropsy planned]
0655,M,29 Jun 2006,0071,0153,,,2008-01-01,BALLAUGH     29 Jun 2006 ______     Birth | PAIGNTON     27 Nov 2007   8118     Transfer | ~ 1 Jan 2008            Death | [Death by: Unknown means]
0656,M,29 Jun 2006,0071,0153,,,2006-07-11,BALLAUGH     29 Jun 2006 ______     Birth | 11 Jul 2006            Death | [Death by: Unknown means]
0623,M,30 Jun 2006,9725,0305,fulgens,,2009-02-08,BLOOMINGT    30 Jun 2006 M06041     Birth                                 fulgens | SIOUX FAL    17 Dec 2008   3898     Transfer | 8 Feb 2009            Death | [Death by: Unknown means]
0624,M,30 Jun 2006,9725,0305,fulgens,,,BLOOMINGT    30 Jun 2006 M06042     Birth                                 fulgens | BATTLE CR    19 Feb 2009 M09007     Transfer
0625,F,30 Jun 2006,0085,0097,styani,,2006-06-30,VALLEYZOO 30 Jun 2006 101022        Birth                                 styani | 30 Jun 2006               Death | [Death by: Injury from exhibit mate   Incinerate      Respiratory      Trauma]
0628,M,30 Jun 2006,0226,0449,fulgens,,,AALBORG      30 Jun 2006   FUL14    Birth                                 fulgens | MADRID Z     27 Jun 2007    PR87    Transfer
0631,F,30 Jun 2006,0232,0127,fulgens,,,DORTMUND     30 Jun 2006 057028     Birth                                 fulgens | EICHBERG      8 Oct 2007 ______     Transfer
0632,F,30 Jun 2006,0232,0127,fulgens,,,DORTMUND     30 Jun 2006 057029     Birth                                 fulgens | LEIPZIG       6 May 2007 ______     Transfer
0641,?,30 Jun 2006,9670,9754,fulgens,,2006-07-12,ZURICH       30 Jun 2006 A60365     Birth                                 fulgens | 12 Jul 2006            Death | [Death by: Unknown means]
0649,M,30 Jun 2006,9240,9943,fulgens,,2006-08-14,LISBON        30 Jun 2006   9857     Birth                          fulgens | 14 Aug 2006            Death | [Death by: Unknown means]
0650,F,1 Jul 2006,0133,0041,fulgens,,2006-07-07,GIVSKUD        1 Jul 2006 AILF06     Birth                          fulgens | 7 Jul 2006            Death | [Death by: Unknown means]
0626,M,3 Jul 2006,0209,9704,fulgens,,,NZP-CRC        3 Jul 2006 114142     Birth                          fulgens | OKLAHOMA       8 May 2007 772012     Transfer
0676,F,4 Jul 2006,01112,00103,,SYUNA,,NIHONDAIR      4 Jul 2006 ______     Birth      SYUNA   JAZG 611C | OSAKA          2 Apr 2007 ______     Transfer
0677,F,4 Jul 2006,01112,00103,styani,JAZG,2006-07-10,NIHONDAIR      4 Jul 2006      18     Birth             JAZG 612C   styani | 10 Jul 2006             Death | [Death by: Infection associated         Unknown      Respiratory    Unknown after necropsy]
0642,?,5 Jul 2006,0038,0048,fulgens,,2006-07-08,OVERLOON       5 Jul 2006 301145     Birth                          fulgens | 8 Jul 2006            Death | [Death by: Unknown means]
0643,?,5 Jul 2006,0038,0048,fulgens,,2006-07-07,OVERLOON       5 Jul 2006 301146     Birth                          fulgens | 7 Jul 2006            Death | [Death by: Unknown means]
0680,M,6 Jul 2006,01103,9788,styani,TYAO,,SABAE          6 Jul 2006 ______     Birth      TYAO    JAZG 613C   styani
0681,M,6 Jul 2006,01103,9788,styani,JAZG,2006-07-06,SABAE          6 Jul 2006 ______     Birth              JAZG 614C   styani | 6 Jul 2006            Death | [Death by: Stillbirth         Unknown   No necropsy planned]
0682,F,6 Jul 2006,8977,9444,styani,JAZG,2006-07-29,TOHOKU PK      6 Jul 2006 ______      Birth             JAZG 615C   styani | 29 Jul 2006             Death | [Death by: Infection associated         Unknown      Respiratory    Unknown after necropsy]
0634,F,7 Jul 2006,0039,0254,fulgens,,,MUNICH         7 Jul 2006 082006     Birth                          fulgens | AMSTERDAM     30 May 2007 ______     Transfer
0635,?,7 Jul 2006,0039,0254,fulgens,,2006-07-07,MUNICH         7 Jul 2006 082007     Birth                           fulgens | 7 Jul 2006            Death | [Death by: Unknown means]
0683,F,10 Jul 2006,00102,0261,styani,JAZG,,EDOGAWA       10 Jul 2006 ______     Birth               JAZG 616C   styani
0645,?,11 Jul 2006,0336,0243,fulgens,,2006-07-16,AMIENS        11 Jul 2006 ______     Birth                           fulgens | 16 Jul 2006            Death | [Death by: Unknown means]
0646,?,11 Jul 2006,0336,0243,fulgens,,2006-08-15,AMIENS        11 Jul 2006 ______     Birth                           fulgens | 15 Aug 2006            Death | [Death by: Unknown means]
0684,M,18 Jul 2006,95122,9280,styani,KENKEN,,TOKUYAMA      18 Jul 2006 ______     Birth      KENKEN   JAZG 617C   styani
0659,?,19 Jul 2006,9309,9946,,,,WHIPSNADE     19 Jul 2006    2080    Birth
0629,F,21 Jul 2006,0134,0024,fulgens,,,THOIRY        21 Jul 2006   A6120    Birth                           fulgens | SALZBURG      26 Jul 2007    S373    Transfer
0630,F,21 Jul 2006,0134,0024,fulgens,,,THOIRY        21 Jul 2006 A6121      Birth                           fulgens | BEAUVAL       10 Jul 2007 ______     Transfer
0685,M,1 Aug 2006,9598,96109,styani,SORA,,HIROSHIMA      1 Aug 2006 ______     Birth      SORA     JAZG 618C   styani
0686,M,1 Aug 2006,9598,96109,styani,DAICHI,,HIROSHIMA      1 Aug 2006 ______     Birth      DAICHI   JAZG 619C   styani
0653,M,3 Aug 2006,9968,9933,fulgens,,,AGRATE         3 Aug 2006   1548     Birth                           fulgens | BRANFERE      23 Jan 2008 ______     Transfer
0687,F,11 Aug 2006,9434,9681,fulgens,JAZG,,HIGASHIIZ     11 Aug 2006 ______     Birth               JAZG 620H   fulgens
0688,M,11 Aug 2006,9434,9681,fulgens,JAZG,2006-12-09,HIGASHIIZ 11 Aug 2006 ______     Birth                   JAZG 621H   fulgens | 9 Dec 2006            Death | [Death by: Environ/Behav conditions   Unknown   No necropsy planned]
0689,?,11 Aug 2006,9434,9681,fulgens,JAZG,2006-08-11,HIGASHIIZ     11 Aug 2006 ______     Birth               JAZG 622H   fulgens | 11 Aug 2006            Death | [Death by: Stillbirth       Unknown   No necropsy planned]
0633,F,12 Aug 2006,9642,9419,fulgens,,2006-11-29,FONTAINE      12 Aug 2006 77AF45     Birth                           fulgens | 29 Nov 2006          Death | [Death by: Unknown means]
0654,?,14 Dec 2006,0295,9682,,,2006-12-18,MELBOURNE   14 Dec 2006 ______   Birth | 18 Dec 2006          Death | [Death by: Unknown means]
0692,?,28 Dec 2006,0053,0055,,,2007-01-07,PERTH       28 Dec 2006 A60455   Birth | 7 Jan 2007          Death | [Death by: Unknown means]
0693,?,28 Dec 2006,0053,0055,,,2007-01-07,PERTH       28 Dec 2006 A60456   Birth | 7 Jan 2007          Death | [Death by: Unknown means]
0690,F,31 Dec 2006,0402,9952,,,,ADELAIDE    31 Dec 2006 A60751   Birth
0691,F,31 Dec 2006,0402,9952,,,,ADELAIDE    31 Dec 2006 A60752   Birth
0754,M,8 Jan 2007,0052,0118,fulgens,,,SYDNEY       8 Jan 2007 A70010   Birth      TENZIN   fulgens
0755,M,8 Jan 2007,0052,0118,fulgens,,,SYDNEY       8 Jan 2007 A70011   Birth      JISHNU   fulgens | MOGO        11 Jun 2008 A80008   Transfer
0789,F,28 May 2007,0561,UNK,,,,GANGTOK     28 May 2007 RP0715   Birth      RIGSEL
0718,F,6 Jun 2007,9662,9672,,,,GORLITZ      6 Jun 2007 ______   Birth
0719,M,8 Jun 2007,0242,0545,,,,CAMBRON      8 Jun 2007   7734   Birth | PESSAC      21 May 2008   1635   Transfer            fulgens
0720,F,9 Jun 2007,9860,0495,,,,WP KIRKCU    9 Jun 2007 GWP007   Birth
0721,M,10 Jun 2007,0238,9928,,,,LA FLECHE   10 Jun 2007   1205   Birth | RHENEN       5 Aug 2008 ______   Transfer            fulgens
0722,?,10 Jun 2007,0238,9928,,,2007-09-09,LA FLECHE   10 Jun 2007   1206   Birth | 9 Sep 2007          Death               fulgens | [Death by: Unknown means]
0702,F,11 Jun 2007,9501,0412,styani,,,CALGARY     11 Jun 2007 107761   Birth      KAYAH    styani | TORONTO     25 Sep 2008 42784    Transfer
0723,M,14 Jun 2007,9944,0043,,,,HUNBSTRND   14 Jun 2007 207060    Birth | GORLITZ     26 Sep 2008   RP12    Transfer                            fulgens
0724,M,14 Jun 2007,0241,0156,,,,CHESTER     14 Jun 2007 C07330    Birth
0725,M,14 Jun 2007,0241,0156,,,,CHESTER     14 Jun 2007 C07331    Birth
0760,M,14 Jun 2007,9590,0084,styani,JAZGA,,MIYAZAK     14 Jun 2007 ______    Birth                  JAZGA 624C   styani
0761,M,14 Jun 2007,0277,0256,styani,JAZGA,,HIGASHI M   14 Jun 2007 ______    Birth                  JAZGA 625C   styani
0762,F,14 Jun 2007,0277,0256,styani,JAZGA,,HIGASHI M   14 Jun 2007 ______    Birth                  JAZGA 626C   styani
0783,F,14 Jun 2007,93103,9784,fulgens,,,HIGASHIIZ   14 Jun 2007 ______    Birth                               fulgens
0786,F,14 Jun 2007,0535,0450,,,2007-06-16,BERLIN TP   14 Jun 2007 MO3235    Birth | 16 Jun 2007           Death | [Death by: Unknown means]
0787,M,14 Jun 2007,0535,0450,,,2007-06-15,BERLIN TP   14 Jun 2007 MO3236    Birth | 15 Jun 2007           Death | [Death by: Unknown means]
0726,F,17 Jun 2007,9930,9735,,,,HANNOVER    17 Jun 2007   V1025   Birth | BOISSIERE    4 Aug 2008    CPR8   Transfer                            fulgens
0727,F,17 Jun 2007,9930,9735,,,,HANNOVER    17 Jun 2007 V1026     Birth | HELSINKI    17 Jun 2008 208040    Transfer                            fulgens
0709,M,19 Jun 2007,9729,0436,fulgens,,,CLEVELAND   19 Jun 2007 M70605    Birth      TIAN TONG                fulgens | MANHATTAN   25 Jul 2008 ______    Transfer
0728,?,20 Jun 2007,9548,0533,,,2007-07-07,LES SABLE   20 Jun 2007 77AF47    Birth | 7 Jul 2007           Death | [Death by: Unknown means]
0763,F,20 Jun 2007,98035,0280,styani,,2007-06-22,ICHIKAWA    20 Jun 2007 ______    Birth                               styani | 22 Jun 2007           Death | [Death by: Unknown means]
0790,F,20 Jun 2007,9548,0533,,,,LES SABLE   20 Jun 2007 77AF48    Birth
0710,?,21 Jun 2007,0094,0095,styani,,,WINNIPEG    21 Jun 2007 H00528   Birth                          styani | CALGARY      1 Oct 2008 108213   Transfer
0729,F,21 Jun 2007,0123,0453,,,,PARIS JP    21 Jun 2007 MA7090   Birth | HAMBURG     20 Jun 2008   4773   Transfer
0730,M,21 Jun 2007,0123,0453,,,,PARIS JP    21 Jun 2007 MA7091   Birth | KRISTIANS    6 Jun 2008 AFU015   Transfer                       fulgens
0731,F,21 Jun 2007,0442,0540,,,2008-02-01,ROTTERDAM   21 Jun 2007 107652   Birth | 1 Feb 2008          Death | [Death by: Unknown means]
0732,F,21 Jun 2007,0442,0540,,,,ROTTERDAM   21 Jun 2007 107653   Birth | DRESDEN Z   10 Sep 2008 199166   Transfer
0764,M,21 Jun 2007,0279,01108,styani,JAZG,,ASAHIKAWA   21 Jun 2007     15   Birth              JAZG 628C   styani
0765,?,21 Jun 2007,0279,01108,styani,,2007-07-06,ASAHIKAWA   21 Jun 2007 ______   Birth                          styani | 6 Jul 2007          Death | [Death by: Unknown means]
0733,M,22 Jun 2007,0253,9959,,,2007-06-23,LYMPNE      22 Jun 2007 P20743   Birth | 23 Jun 2007          Death | [Death by: Unknown means]
0734,F,22 Jun 2007,0253,9959,,,2007-06-24,LYMPNE      22 Jun 2007 P20744   Birth | 24 Jun 2007          Death | [Death by: Unknown means]
0703,F,23 Jun 2007,0104,0425,fulgens,,,ERIE        23 Jun 2007   1600   Birth                          fulgens | NY BRONX     1 Oct 2008 M08130   Transfer
0704,M,23 Jun 2007,0104,0425,fulgens,,,ERIE        23 Jun 2007   1601   Birth      ROCKY               fulgens | RIO GRAND   28 Apr 2008 M08016   Transfer
0766,F,23 Jun 2007,01103,0088,styani,,2007-06-23,SABAE       23 Jun 2007 ______   Birth                          styani | 23 Jun 2007          Death | [Death by: Unknown means]
0767,M,23 Jun 2007,01103,0088,styani,,,SABAE       23 Jun 2007 ______   Birth                          styani
0735,M,25 Jun 2007,0038,0048,,,2007-06-26,OVERLOON    25 Jun 2007 301362   Birth | 26 Jun 2007          Death | [Death by: Unknown means]
0736,?,25 Jun 2007,0038,0048,,,2007-06-27,OVERLOON    25 Jun 2007 301363   Birth | 27 Jun 2007          Death | [Death by: Unknown means]
0712,F,26 Jun 2007,0085,0097,styani,,,VALLEYZOO   26 Jun 2007 101053   Birth                              styani | SEATTLE     11 Dec 2008 203000   Transfer
0713,F,26 Jun 2007,0085,0097,styani,,,VALLEYZOO   26 Jun 2007 101054   Birth                              styani | TORONTO     20 Jan 2009 42939    Transfer
0737,F,26 Jun 2007,9974,04105,,,2008-03-26,EPE         26 Jun 2007 101676   Birth | 26 Mar 2008          Death                              fulgens | [Death by: Unknown means]
0738,F,26 Jun 2007,9974,04105,,,,EPE         26 Jun 2007 101677   Birth | RIGA        18 Jun 2008 MO7223   Transfer                           fulgens
0739,M,26 Jun 2007,0319,0334,,,,ESTEPONA    26 Jun 2007    1P5   Birth | ANTWERP      6 May 2008 M10854   Transfer                           fulgens
0740,F,26 Jun 2007,0319,0334,fulgens,,,ESTEPONA    26 Jun 2007    1P6   Birth                              fulgens | ESKILSTUN    6 May 2008 ______   Transfer
0768,M,26 Jun 2007,9791,9988,styani,SANCHI,,TOHOKU PK   26 Jun 2007 ______   Birth      SANCHI     JAZGA 632C   styani
0769,F,26 Jun 2007,9791,9988,styani,SHIIRYUU,,TOHOKU PK   26 Jun 2007 ______   Birth      SHIIRYUU   JAZGA 633C   styani
0770,M,28 Jun 2007,98024,9991,styani,JAZGA,,TOKYOTAMA   28 Jun 2007 ______   Birth                 JAZGA 634C   styani
0771,F,28 Jun 2007,98024,9991,styani,JAZGA,,TOKYOTAMA   28 Jun 2007 ______   Birth                 JAZGA 635C   styani
0711,?,30 Jun 2007,0304,0259,styani,,2007-06-30,WINNIPEG    30 Jun 2007 H00542   Birth                              styani | 30 Jun 2007          Death | [Death by: Unknown means]
0741,F,30 Jun 2007,9932,9939,,,,LA PLAINE   30 Jun 2007 SG0041   Birth | BARCELONA    5 Jun 2008 10009    Transfer                           fulgens
0742,?,30 Jun 2007,0124,0227,,,,ODENSE        30 Jun 2007   AIL10    Birth
0707,?,1 Jul 2007,0209,9704,fulgens,,,NZP-CRC        1 Jul 2007 114227     Birth      SHAMA                 fulgens | NZP-WASH       8 Apr 2008 114227     Transfer
0708,?,1 Jul 2007,0209,9704,fulgens,,,NZP-CRC        1 Jul 2007 114228     Birth      WICKET                fulgens | NZP-WASH       8 Apr 2008 114228     Transfer
0743,F,1 Jul 2007,0071,0153,,,,BALLAUGH       1 Jul 2007   M0303    Birth
0744,F,1 Jul 2007,0071,0153,,,2007-07-03,BALLAUGH       1 Jul 2007   M0304    Birth | 3 Jul 2007            Death | [Death by: Unknown means]
0772,M,1 Jul 2007,01111,0262,styani,JAZGA,,IKEDA ZOO      1 Jul 2007 IKE30_     Birth               JAZGA 636C   styani
0717,F,2 Jul 2007,0329,0121,,,,HILVARENB      2 Jul 2007 M07078     Birth | FOTA          29 Sep 2008   4262     Transfer                         fulgens
0745,F,2 Jul 2007,9663,9763,,,2007-07-10,BARCELONA      2 Jul 2007    9763    Birth | 10 Jul 2007            Death | [Death by: Unknown means]
0746,F,2 Jul 2007,0039,0254,,,,MUNICH         2 Jul 2007 082008     Birth | FONTAINE       5 Jun 2008 77AF46     Transfer                         fulgens
0705,F,4 Jul 2007,0111,0433,fulgens,,,SYRACUSE       4 Jul 2007 M07042     Birth      JAYA                  fulgens | CAPE MAY      25 Jun 2008   3363     Transfer
0706,M,4 Jul 2007,0111,0433,fulgens,,2007-07-04,SYRACUSE       4 Jul 2007 M07043     Birth      JAYA                  fulgens | 4 Jul 2007            Death | [Death by: Stillbirth       Unknown   No necropsy planned]
0715,M,4 Jul 2007,0232,0127,,,2008-06-19,DORTMUND       4 Jul 2007 057030     Birth | GIVSKUD       13 Jun 2008 AILF07     Transfer | 19 Jun 2008            Death                            fulgens | [Death by: Unknown means]
0716,M,4 Jul 2007,0232,0127,,,,DORTMUND       4 Jul 2007 057031     Birth | PAIGNTON       2 Sep 2008 ______     Transfer                         fulgens
0788,M,4 Jul 2007,01130,0356,,,,DARJEELIN    4 Jul 2007   TDJ21    Birth      SHAN
0701,F,6 Jul 2007,0017,0507,fulgens,,2007-07-06,SIOUX FAL  6 Jul 2007   3619       Birth                 fulgens | 6 Jul 2007              Death | [Death by: Environ/Behav conditions   Incinerate     No necropsy planned]
0747,M,6 Jul 2007,0134,0024,,,,THOIRY       6 Jul 2007   A7104    Birth | LA PALMYR   13 Apr 2008    4681    Transfer              fulgens
0748,F,6 Jul 2007,0134,0024,,,,THOIRY       6 Jul 2007 A7105      Birth | ZAGREB      31 Oct 2008 115145     Transfer              fulgens
0773,M,7 Jul 2007,9993,9799,styani,,2007-07-18,SHIRAHAMA    7 Jul 2007 ______     Birth                 styani | 18 Jul 2007            Death | [Death by: Unknown means]
0749,M,8 Jul 2007,9766,0538,,,,USTI         8 Jul 2007 UL0777     Birth | KRONBERG    29 Apr 2008   1512     Transfer              fulgens
0750,M,8 Jul 2007,9766,0538,,,,USTI         8 Jul 2007 UL0778     Birth | OSTRAVA     30 Apr 2008 206433     Transfer              fulgens | PRAHA       21 Oct 2008 280444     Transfer
0751,F,9 Jul 2007,9968,9933,,,,AGRATE       9 Jul 2007    1571    Birth | PLEUGUEN    15 Dec 2008   MAF01    Transfer              fulgens
0774,F,11 Jul 2007,0366,0361,styani,,,CHIBA SHI   11 Jul 2007 ______     Birth                 styani | NAGANO      30 Jun 2008 ______     Transfer
0775,F,11 Jul 2007,0366,0361,styani,,,CHIBA SHI   11 Jul 2007 ______     Birth                 styani
0714,?,13 Jul 2007,9725,99024,fulgens,,2007-07-14,LINCOLN C   13 Jul 2007 ______     Birth                 fulgens | 14 Jul 2007            Death | [Death by: Unknown means]
0752,F,15 Jul 2007,9924,0343,,,2007-07-15,MADRID Z    15 Jul 2007    PR88    Birth | 15 Jul 2007            Death | [Death by: Unknown means]
0753,F,15 Jul 2007,9924,0343,,,2007-07-16,MADRID Z    15 Jul 2007    PR89    Birth | 16 Jul 2007            Death | [Death by: Unknown means]
0776,?,19 Jul 2007,01112,00103,styani,JAZGA,2007-07-19,NIHONDAIR   19 Jul 2007 ______   Birth               JAZGA 640C   styani | 19 Jul 2007          Death | [Death by: Unknown means]
0777,?,19 Jul 2007,01112,00103,styani,JAZGA,2007-07-19,NIHONDAIR   19 Jul 2007 ______   Birth               JAZGA 641C   styani | 19 Jul 2007          Death | [Death by: Unknown means]
0778,M,21 Jul 2007,0293,00107,styani,JAZGA,,ICHIHARA    21 Jul 2007 ______   Birth               JAZGA 642C   styani
0779,M,21 Jul 2007,0293,00107,styani,JAZGA,,ICHIHARA    21 Jul 2007 ______   Birth               JAZGA 643C   styani
0780,F,25 Jul 2007,9998,9992,styani,JAZGA,,TOBE        25 Jul 2007 ______   Birth               JAZGA 644C   styani
0784,F,5 Aug 2007,9434,9681,fulgens,,,HIGASHIIZ    5 Aug 2007 ______   Birth                            fulgens
0785,F,5 Aug 2007,9434,9681,fulgens,,,HIGASHIIZ    5 Aug 2007 ______   Birth                            fulgens
0781,M,6 Sep 2007,0263,0362,styani,JAZGA,2007-09-06,TOBU         6 Sep 2007 ______   Birth               JAZGA 674C   styani | 6 Sep 2007          Death | [Death by: Unknown means]
0782,F,6 Sep 2007,0263,0362,styani,KOKORO,,TOBU         6 Sep 2007 ______   Birth      KOKORO   JAZGA 648C   styani
0758,F,8 Dec 2007,9949,0351,fulgens,,,YARRALUML    8 Dec 2007 A70028   Birth                            fulgens
0759,F,8 Dec 2007,9949,0351,fulgens,,,YARRALUML    8 Dec 2007 A70029   Birth                            fulgens
0756,F,21 Dec 2007,0503,0055,fulgens,,,PERTH       21 Dec 2007 A70416   Birth                            fulgens | MELBOURNE   24 Apr 2009 A90223   Transfer
0757,M,27 Dec 2007,0292,9951,fulgens,,,WELLINGTN   27 Dec 2007 070202   Birth                            fulgens
0826,M,25 May 2008,0304,0259,styani,,,WINNIPEG    25 May 2008 J00085   Birth                            styani
0821,F,26 May 2008,0085,0097,styani,,,VALLEYZOO   26 May 2008 ______   Birth      TAI                   styani | PROVIDNCE   11 Jun 2009 100279   Transfer
0822,F,26 May 2008,0085,0097,styani,,,VALLEYZOO   26 May 2008 ______   Birth      PIP                   styani
0806,F,1 Jun 2008,0008,0257,styani,,,CINCINNAT    1 Jun 2008 108035   Birth      BAILEY                styani | CHICAGOLP     20 Apr 2009    2280    Transfer
0807,M,1 Jun 2008,0008,0257,styani,,2008-06-03,CINCINNAT      1 Jun 2008 108036     Birth                          styani | 3 Jun 2008            Death | [Death by: Unknown means]
0852,?,~ Jun 2008,0151,9959,,,2008-07-01,LYMPNE         ~ Jun 2008 ______     Birth | ~ 1 Jul 2008            Death                          fulgens | [Death by: Unknown means]
0853,?,~ Jun 2008,0151,9959,,,2008-07-01,LYMPNE         ~ Jun 2008 ______     Birth | ~ 1 Jul 2008            Death                          fulgens | [Death by: Unknown means]
0827,M,6 Jun 2008,9764,0631,,,,EICHBERG       6 Jun 2008 ______     Birth
0828,F,6 Jun 2008,9764,0631,,,,EICHBERG       6 Jun 2008 ______     Birth
0810,F,10 Jun 2008,0555,0547,styani,,,FARGO         10 Jun 2008 108028     Birth                          styani
0811,M,10 Jun 2008,0555,0547,styani,,,FARGO         10 Jun 2008 108027     Birth                          styani
0851,?,13 Jun 2008,0561,UNK,,,,GANGTOK       13 Jun 2008 RP0816     Birth
0808,F,14 Jun 2008,0614,02117,fulgens,,2008-07-14,KNOXVILLE     14 Jun 2008   3729     Birth     NADIA                fulgens | 14 Jul 2008            Death | [Death by: Other/Unknown       Given to an institution:    Unknown (after necropsy)]
0809,M,14 Jun 2008,0614,02117,fulgens,,,KNOXVILLE     14 Jun 2008    3728    Birth      SAMUEL              fulgens | ERIE          23 Jun 2009    1787    Transfer
0801,M,16 Jun 2008,0313,0607,,,,DETROIT       16 Jun 2008 12112      Birth      HENRY FORD | KNOXVILLE      9 Jul 2008   3744     Transfer                       fulgens | STATEN IS     23 Jun 2009 009012     Transfer
0802,F,16 Jun 2008,0313,0607,fulgens,,2008-06-18,DETROIT       16 Jun 2008   12113    Birth                          fulgens | 18 Jun 2008            Death | [Death by: Unknown means]
0803,F,16 Jun 2008,0313,0607,fulgens,,2008-06-18,DETROIT       16 Jun 2008   12114    Birth                          fulgens | 18 Jun 2008            Death | [Death by: Unknown means]
0863,M,16 Jun 2008,0096,0086,styani,SORA,,NAGANO      16 Jun 2008 ______    Birth      SORA     JAZGA 649C   styani
0864,F,16 Jun 2008,0096,0086,styani,RARA,,NAGANO      16 Jun 2008 ______    Birth      RARA     JAZGA 650C   styani
0871,M,16 Jun 2008,98035,0280,styani,KAI,,ICHIKAWA    16 Jun 2008 ______    Birth      KAI      JAZGA 651C   styani
0872,F,16 Jun 2008,98035,0280,styani,SORA,,ICHIKAWA    16 Jun 2008 ______    Birth      SORA     JAZGA 652C   styani
0829,M,17 Jun 2008,0026,0630,,,,BEAUVAL     17 Jun 2008   M0574   Birth
0830,F,17 Jun 2008,0026,0630,,,,BEAUVAL     17 Jun 2008   M0575   Birth
0819,M,19 Jun 2008,9527,0514,fulgens,,,NZP-CRC     19 Jun 2008 114334    Birth                            fulgens | FT WAYNE    27 Apr 2009 98196     Transfer
0820,M,19 Jun 2008,9527,0514,fulgens,,,NZP-CRC     19 Jun 2008 114333    Birth                            fulgens
0831,F,19 Jun 2008,0252,0135,,,,WARSAW      19 Jun 2008 S6398     Birth | PLOCK       24 Dec 2008 A20308    Transfer                         fulgens
0882,?,20 Jun 2008,93103,9784,fulgens,JAZGA,,HIGASHIIZ   20 Jun 2008 ______    Birth               JAZGA 654H   fulgens
0883,?,20 Jun 2008,93103,9784,fulgens,JAZGA,,HIGASHIIZ   20 Jun 2008 ______    Birth               JAZGA 654H   fulgens
0825,?,21 Jun 2008,0304,0259,styani,,2008-08-25,WINNIPEG    21 Jun 2008 J00108    Birth                            styani | 25 Aug 2008           Death | [Death by: Unknown means]
0873,M,21 Jun 2008,0276,0271,styani,REN,,ICHIKAWA    21 Jun 2008 ______    Birth      REN      JAZGA 655C   styani
0874,F,21 Jun 2008,0276,0271,styani,RURU,,ICHIKAWA    21 Jun 2008 ______    Birth      RURU     JAZGA 655C   styani
0832,M,22 Jun 2008,0535,0450,,,,BERLIN TP   22 Jun 2008 M03237    Birth
0833,?,22 Jun 2008,0242,0545,,,,CAMBRON     22 Jun 2008    8011   Birth
0834,?,22 Jun 2008,0242,0545,,,,CAMBRON     22 Jun 2008    8012   Birth
0862,F,24 Jun 2008,97111,9991,styani,MARIMO,,TOKYOTAMA   24 Jun 2008 ______    Birth      MARIMO   JAZGA 657C   styani
0835,F,26 Jun 2008,0339,0629,,,2008-07-13,SALZBURG    26 Jun 2008    S551   Birth | 13 Jul 2008          Death                            fulgens | [Death by: Unknown means]
0836,?,27 Jun 2008,0241,0156,,,,CHESTER     27 Jun 2008 ______   Birth
0837,?,27 Jun 2008,0241,0156,,,,CHESTER     27 Jun 2008 ______   Birth
0869,M,27 Jun 2008,0366,0361,styani,KUUTA,,CHIBA SHI   27 Jun 2008 ______   Birth      KUUTA    JAZGA 659C   styani
0870,M,27 Jun 2008,0366,0361,styani,CHIITA,,CHIBA SHI   27 Jun 2008 ______   Birth      CHIITA   JAZGA 658C   styani
0812,M,28 Jun 2008,0104,0425,fulgens,,,ERIE        28 Jun 2008   1706   Birth      CLAY                  fulgens | SCOVILL F    3 May 2009 200665   Transfer
0813,M,28 Jun 2008,0104,0425,fulgens,,,ERIE        28 Jun 2008   1705   Birth      FRANK                 fulgens | AKRON       14 May 2009 100695   Transfer
0823,?,28 Jun 2008,9729,0436,fulgens,,2008-07-04,CLEVELAND   28 Jun 2008 M80646   Birth                            fulgens | 4 Jul 2008          Death | [Death by: Unknown means]
0824,M,28 Jun 2008,9729,0436,fulgens,,,CLEVELAND   28 Jun 2008 M80645   Birth                            fulgens | NORFOLK     24 Mar 2009 209012   Transfer
0804,F,29 Jun 2008,9803,0204,fulgens,,,DENVER      29 Jun 2008 A08201   Birth                            fulgens | CENTRALPK   18 Mar 2009 C09019   Transfer
0805,M,29 Jun 2008,9803,0204,fulgens,,,DENVER      29 Jun 2008 A08202   Birth                            fulgens | MILL MOUN   30 Apr 2009   2010   Transfer
0838,F,29 Jun 2008,0232,0127,,,,DORTMUND    29 Jun 2008 057032   Birth
0814,F,30 Jun 2008,9725,99024,fulgens,,,LINCOLN C   30 Jun 2008 ______   Birth      REGAN                 fulgens | FRANKLINP   26 Mar 2009 A09009   Transfer
0839,M,30 Jun 2008,0628,9830,,,,MADRID Z    30 Jun 2008   PR90   Birth
0840,?,30 Jun 2008,9577,0634,,,2008-07-03,AMSTERDAM   30 Jun 2008 M08062   Birth | 3 Jul 2008          Death                            fulgens | [Death by: Unknown means]
0841,?,30 Jun 2008,9577,0634,,,2008-07-17,AMSTERDAM   30 Jun 2008 M08063   Birth | 17 Jul 2008            Death                             fulgens | [Death by: Unknown means]
0842,?,30 Jun 2008,0319,0334,,,2008-08-20,ESTEPONA    30 Jun 2008    1P7     Birth | 20 Aug 2008            Death                             fulgens | [Death by: Unknown means]
0867,M,1 Jul 2008,01103,9788,styani,RAI-RAI,,SABAE        1 Jul 2008 ______     Birth      RAI-RAI   JAZGA 660C   styani
0868,M,1 Jul 2008,01103,9788,styani,JAZGA,2008-07-07,SABAE       1 Jul 2008 ______     Birth                 JAZGA 661C   styani | 7 Jul 2008            Death | [Death by: Other/Unknown        Unknown    Unknown (after necropsy)   Genetic/Prenatal]
0815,?,2 Jul 2008,0209,9704,,,2008-07-05,NZP-CRC      2 Jul 2008 114339     Birth                             FULGENS | 5 Jul 2008            Death | [Death by: Unknown means]
0816,F,2 Jul 2008,0209,9704,fulgens,,,NZP-CRC      2 Jul 2008 114340     Birth                             fulgens | TREVOR       7 Apr 2009   1146     Transfer
0817,F,3 Jul 2008,9612,0432,fulgens,,,BOISE        3 Jul 2008 208037     Birth                             fulgens | ERIE         7 May 2009   1766     Transfer
0818,?,3 Jul 2008,9612,0432,fulgens,,2008-07-03,BOISE        3 Jul 2008 ______     Birth                             fulgens | 3 Jul 2008            Death | [Death by: Unknown means]
0865,F,3 Jul 2008,01112,00103,styani,KU,,NIHONDAIR    3 Jul 2008 ______     Birth      KU        JAZGA 664C   styani
0866,?,3 Jul 2008,01112,00103,styani,JAZGA,2008-07-04,NIHONDAIR    3 Jul 2008 ______     Birth                JAZGA 665C   styani | 4 Jul 2008            Death | [Death by: Injury from exhibit mate         Unknown    Unknown (after necropsy)    Trauma]
0843,M,4 Jul 2008,0123,0453,,,,PARIS JP     4 Jul 2008 MA8132     Birth
0844,F,4 Jul 2008,0123,0453,,,,PARIS JP     4 Jul 2008 MA8131     Birth
0845,F,5 Jul 2008,0336,0243,,,,AMIENS       5 Jul 2008 A08011     Birth
0846,?,5 Jul 2008,0336,0243,,,2008-10-15,AMIENS       5 Jul 2008 A08012     Birth | 15 Oct 2008            Death                             fulgens | [Death by: Unknown means]
0847,F,7 Jul 2008,0226,0449,,,,AALBORG        7 Jul 2008   FUL15    Birth
0848,F,7 Jul 2008,0226,0449,,,,AALBORG        7 Jul 2008   FUL16    Birth
0849,F,7 Jul 2008,9932,9939,,,,LA PLAINE      7 Jul 2008 SH0038     Birth
0854,F,7 Jul 2008,0038,0048,,,,OVERLOON       7 Jul 2008 301733     Birth
0855,F,7 Jul 2008,0038,0048,,,,OVERLOON       7 Jul 2008 301734     Birth
0875,M,7 Jul 2008,0263,0362,styani,JAZGA,2008-07-07,TOBU           7 Jul 2008 ______     Birth              JAZGA 668C   styani | 7 Jul 2008            Death | [Death by: Stillbirth         Unknown   Unknown (after necropsy)]
0876,F,7 Jul 2008,0263,0362,styani,JAZGA,2008-07-07,TOBU           7 Jul 2008 ______     Birth              JAZGA 669C   styani | 7 Jul 2008            Death | [Death by: Stillbirth         Unknown   Unknown (after necropsy)]
0877,M,7 Jul 2008,0263,0362,styani,JAZGA,2008-07-09,TOBU        7 Jul 2008 ______     Birth                 JAZGA 670C   styani | 9 Jul 2008            Death | [Death by: Other/Unknown        Unknown    Unknown (after necropsy)   Genetic/Prenatal]
0856,?,9 Jul 2008,9924,0343,,,2008-07-11,MADRID Z       9 Jul 2008    PR91    Birth | 11 Jul 2008            Death                           fulgens | [Death by: Unknown means]
0880,?,10 Jul 2008,0099,0294,styani,JAZGA,2008-07-17,NISHISONO     10 Jul 2008 ______     Birth              JAZGA 662C   styani | 17 Jul 2008            Death | [Death by: Injury from exhibit mate         Unknown      Unknown (after necropsy)    Trauma]
0857,F,12 Jul 2008,9974,04105,,,,EPE           12 Jul 2008 101859     Birth
0858,M,13 Jul 2008,0134,0024,,,,THOIRY        13 Jul 2008   A8126    Birth
0859,?,14 Jul 2008,0329,0121,,,2008-08-09,HILVARENB     14 Jul 2008 M08098     Birth | 9 Aug 2008            Death                           fulgens | [Death by: Unknown means]
0881,M,14 Jul 2008,0293,00107,styani,POTETO,,ICHIHARA      14 Jul 2008 ______     Birth     POTETO   JAZGA 663C   styani
0860,M,21 Jul 2008,0442,0540,,,,ROTTERDAM     21 Jul 2008 107780     Birth
0861,F,21 Jul 2008,0442,0540,,,,ROTTERDAM   21 Jul 2008 107781   Birth
0878,M,31 Jul 2008,9998,9992,styani,KEI-KEI,,TOBE        31 Jul 2008 ______   Birth     KEI-KEI   JAZGA 666C   styani
0879,F,31 Jul 2008,9998,9992,styani,AI-AI,,TOBE        31 Jul 2008 ______   Birth     AI-AI     JAZG 667C    styani
0884,?,6 Aug 2008,9434,9681,fulgens,JAZGA,2008-08-09,HIGASHIIZ    6 Aug 2008 ______   Birth               JAZGA 671H   fulgens | 9 Aug 2008          Death | [Death by: Unknown means] | ================================================================================================================================ | TOTALS: 1205.1233.292 (2730) | Compiled by: Angela Glatston thru Rotterdam Zoo | Data current thru: 31 Dec 2008 International | Printed on 1 Oct 2009 using Sparks v1.54
